LineId,Time,Level,Content,EventId,EventTemplate,Content_clean,EventTemplate_clean,Level_encoded
1,2005-12-04 04:47:44,notice,workerEnv.init() ok /etc/httpd/conf/workers2.properties,E2,workerEnv.init() ok <*>,workerenvinit ok etchttpdconfworkersnumproperties,workerenvinit ok,1
2,2005-12-04 04:47:44,error,mod_jk child workerEnv in error state 6,E3,mod_jk child workerEnv in error state <*>,mod_jk child workerenv in error state num,mod_jk child workerenv in error state,0
3,2005-12-04 04:51:08,notice,jk2_init() Found child 6725 in scoreboard slot 10,E1,jk2_init() Found child <*> in scoreboard slot <*>,jknum_init found child num in scoreboard slot num,jknum_init found child in scoreboard slot,1
4,2005-12-04 04:51:09,notice,jk2_init() Found child 6726 in scoreboard slot 8,E1,jk2_init() Found child <*> in scoreboard slot <*>,jknum_init found child num in scoreboard slot num,jknum_init found child in scoreboard slot,1
5,2005-12-04 04:51:09,notice,jk2_init() Found child 6728 in scoreboard slot 6,E1,jk2_init() Found child <*> in scoreboard slot <*>,jknum_init found child num in scoreboard slot num,jknum_init found child in scoreboard slot,1
6,2005-12-04 04:51:14,notice,workerEnv.init() ok /etc/httpd/conf/workers2.properties,E2,workerEnv.init() ok <*>,workerenvinit ok etchttpdconfworkersnumproperties,workerenvinit ok,1
7,2005-12-04 04:51:14,notice,workerEnv.init() ok /etc/httpd/conf/workers2.properties,E2,workerEnv.init() ok <*>,workerenvinit ok etchttpdconfworkersnumproperties,workerenvinit ok,1
8,2005-12-04 04:51:14,notice,workerEnv.init() ok /etc/httpd/conf/workers2.properties,E2,workerEnv.init() ok <*>,workerenvinit ok etchttpdconfworkersnumproperties,workerenvinit ok,1
9,2005-12-04 04:51:18,error,mod_jk child workerEnv in error state 6,E3,mod_jk child workerEnv in error state <*>,mod_jk child workerenv in error state num,mod_jk child workerenv in error state,0
10,2005-12-04 04:51:18,error,mod_jk child workerEnv in error state 6,E3,mod_jk child workerEnv in error state <*>,mod_jk child workerenv in error state num,mod_jk child workerenv in error state,0
11,2005-12-04 04:51:18,error,mod_jk child workerEnv in error state 6,E3,mod_jk child workerEnv in error state <*>,mod_jk child workerenv in error state num,mod_jk child workerenv in error state,0
12,2005-12-04 04:51:37,notice,jk2_init() Found child 6736 in scoreboard slot 10,E1,jk2_init() Found child <*> in scoreboard slot <*>,jknum_init found child num in scoreboard slot num,jknum_init found child in scoreboard slot,1
13,2005-12-04 04:51:38,notice,jk2_init() Found child 6733 in scoreboard slot 7,E1,jk2_init() Found child <*> in scoreboard slot <*>,jknum_init found child num in scoreboard slot num,jknum_init found child in scoreboard slot,1
14,2005-12-04 04:51:38,notice,jk2_init() Found child 6734 in scoreboard slot 9,E1,jk2_init() Found child <*> in scoreboard slot <*>,jknum_init found child num in scoreboard slot num,jknum_init found child in scoreboard slot,1
15,2005-12-04 04:51:52,notice,workerEnv.init() ok /etc/httpd/conf/workers2.properties,E2,workerEnv.init() ok <*>,workerenvinit ok etchttpdconfworkersnumproperties,workerenvinit ok,1
16,2005-12-04 04:51:52,notice,workerEnv.init() ok /etc/httpd/conf/workers2.properties,E2,workerEnv.init() ok <*>,workerenvinit ok etchttpdconfworkersnumproperties,workerenvinit ok,1
17,2005-12-04 04:51:55,error,mod_jk child workerEnv in error state 6,E3,mod_jk child workerEnv in error state <*>,mod_jk child workerenv in error state num,mod_jk child workerenv in error state,0
18,2005-12-04 04:52:04,notice,jk2_init() Found child 6738 in scoreboard slot 6,E1,jk2_init() Found child <*> in scoreboard slot <*>,jknum_init found child num in scoreboard slot num,jknum_init found child in scoreboard slot,1
19,2005-12-04 04:52:04,notice,jk2_init() Found child 6741 in scoreboard slot 9,E1,jk2_init() Found child <*> in scoreboard slot <*>,jknum_init found child num in scoreboard slot num,jknum_init found child in scoreboard slot,1
20,2005-12-04 04:52:05,notice,jk2_init() Found child 6740 in scoreboard slot 7,E1,jk2_init() Found child <*> in scoreboard slot <*>,jknum_init found child num in scoreboard slot num,jknum_init found child in scoreboard slot,1
21,2005-12-04 04:52:05,notice,jk2_init() Found child 6737 in scoreboard slot 8,E1,jk2_init() Found child <*> in scoreboard slot <*>,jknum_init found child num in scoreboard slot num,jknum_init found child in scoreboard slot,1
22,2005-12-04 04:52:12,notice,workerEnv.init() ok /etc/httpd/conf/workers2.properties,E2,workerEnv.init() ok <*>,workerenvinit ok etchttpdconfworkersnumproperties,workerenvinit ok,1
23,2005-12-04 04:52:12,notice,workerEnv.init() ok /etc/httpd/conf/workers2.properties,E2,workerEnv.init() ok <*>,workerenvinit ok etchttpdconfworkersnumproperties,workerenvinit ok,1
24,2005-12-04 04:52:12,notice,workerEnv.init() ok /etc/httpd/conf/workers2.properties,E2,workerEnv.init() ok <*>,workerenvinit ok etchttpdconfworkersnumproperties,workerenvinit ok,1
25,2005-12-04 04:52:15,error,mod_jk child workerEnv in error state 6,E3,mod_jk child workerEnv in error state <*>,mod_jk child workerenv in error state num,mod_jk child workerenv in error state,0
26,2005-12-04 04:52:15,error,mod_jk child workerEnv in error state 7,E3,mod_jk child workerEnv in error state <*>,mod_jk child workerenv in error state num,mod_jk child workerenv in error state,0
27,2005-12-04 04:52:15,error,mod_jk child workerEnv in error state 7,E3,mod_jk child workerEnv in error state <*>,mod_jk child workerenv in error state num,mod_jk child workerenv in error state,0
28,2005-12-04 04:52:36,notice,jk2_init() Found child 6748 in scoreboard slot 6,E1,jk2_init() Found child <*> in scoreboard slot <*>,jknum_init found child num in scoreboard slot num,jknum_init found child in scoreboard slot,1
29,2005-12-04 04:52:36,notice,jk2_init() Found child 6744 in scoreboard slot 10,E1,jk2_init() Found child <*> in scoreboard slot <*>,jknum_init found child num in scoreboard slot num,jknum_init found child in scoreboard slot,1
30,2005-12-04 04:52:36,notice,jk2_init() Found child 6745 in scoreboard slot 8,E1,jk2_init() Found child <*> in scoreboard slot <*>,jknum_init found child num in scoreboard slot num,jknum_init found child in scoreboard slot,1
31,2005-12-04 04:52:49,notice,workerEnv.init() ok /etc/httpd/conf/workers2.properties,E2,workerEnv.init() ok <*>,workerenvinit ok etchttpdconfworkersnumproperties,workerenvinit ok,1
32,2005-12-04 04:52:49,notice,workerEnv.init() ok /etc/httpd/conf/workers2.properties,E2,workerEnv.init() ok <*>,workerenvinit ok etchttpdconfworkersnumproperties,workerenvinit ok,1
33,2005-12-04 04:52:52,error,mod_jk child workerEnv in error state 7,E3,mod_jk child workerEnv in error state <*>,mod_jk child workerenv in error state num,mod_jk child workerenv in error state,0
34,2005-12-04 04:52:52,error,mod_jk child workerEnv in error state 6,E3,mod_jk child workerEnv in error state <*>,mod_jk child workerenv in error state num,mod_jk child workerenv in error state,0
35,2005-12-04 04:53:05,notice,jk2_init() Found child 6750 in scoreboard slot 7,E1,jk2_init() Found child <*> in scoreboard slot <*>,jknum_init found child num in scoreboard slot num,jknum_init found child in scoreboard slot,1
36,2005-12-04 04:53:05,notice,jk2_init() Found child 6751 in scoreboard slot 9,E1,jk2_init() Found child <*> in scoreboard slot <*>,jknum_init found child num in scoreboard slot num,jknum_init found child in scoreboard slot,1
37,2005-12-04 04:53:05,notice,jk2_init() Found child 6752 in scoreboard slot 10,E1,jk2_init() Found child <*> in scoreboard slot <*>,jknum_init found child num in scoreboard slot num,jknum_init found child in scoreboard slot,1
38,2005-12-04 04:53:15,notice,workerEnv.init() ok /etc/httpd/conf/workers2.properties,E2,workerEnv.init() ok <*>,workerenvinit ok etchttpdconfworkersnumproperties,workerenvinit ok,1
39,2005-12-04 04:53:15,notice,workerEnv.init() ok /etc/httpd/conf/workers2.properties,E2,workerEnv.init() ok <*>,workerenvinit ok etchttpdconfworkersnumproperties,workerenvinit ok,1
40,2005-12-04 04:53:16,error,mod_jk child workerEnv in error state 7,E3,mod_jk child workerEnv in error state <*>,mod_jk child workerenv in error state num,mod_jk child workerenv in error state,0
41,2005-12-04 04:53:16,error,mod_jk child workerEnv in error state 6,E3,mod_jk child workerEnv in error state <*>,mod_jk child workerenv in error state num,mod_jk child workerenv in error state,0
42,2005-12-04 04:53:29,notice,jk2_init() Found child 6754 in scoreboard slot 8,E1,jk2_init() Found child <*> in scoreboard slot <*>,jknum_init found child num in scoreboard slot num,jknum_init found child in scoreboard slot,1
43,2005-12-04 04:53:29,notice,jk2_init() Found child 6755 in scoreboard slot 6,E1,jk2_init() Found child <*> in scoreboard slot <*>,jknum_init found child num in scoreboard slot num,jknum_init found child in scoreboard slot,1
44,2005-12-04 04:53:40,notice,jk2_init() Found child 6756 in scoreboard slot 7,E1,jk2_init() Found child <*> in scoreboard slot <*>,jknum_init found child num in scoreboard slot num,jknum_init found child in scoreboard slot,1
45,2005-12-04 04:53:51,notice,workerEnv.init() ok /etc/httpd/conf/workers2.properties,E2,workerEnv.init() ok <*>,workerenvinit ok etchttpdconfworkersnumproperties,workerenvinit ok,1
46,2005-12-04 04:53:54,error,mod_jk child workerEnv in error state 7,E3,mod_jk child workerEnv in error state <*>,mod_jk child workerenv in error state num,mod_jk child workerenv in error state,0
47,2005-12-04 04:54:15,notice,jk2_init() Found child 6763 in scoreboard slot 10,E1,jk2_init() Found child <*> in scoreboard slot <*>,jknum_init found child num in scoreboard slot num,jknum_init found child in scoreboard slot,1
48,2005-12-04 04:54:15,notice,jk2_init() Found child 6766 in scoreboard slot 6,E1,jk2_init() Found child <*> in scoreboard slot <*>,jknum_init found child num in scoreboard slot num,jknum_init found child in scoreboard slot,1
49,2005-12-04 04:54:15,notice,jk2_init() Found child 6767 in scoreboard slot 7,E1,jk2_init() Found child <*> in scoreboard slot <*>,jknum_init found child num in scoreboard slot num,jknum_init found child in scoreboard slot,1
50,2005-12-04 04:54:15,notice,jk2_init() Found child 6765 in scoreboard slot 8,E1,jk2_init() Found child <*> in scoreboard slot <*>,jknum_init found child num in scoreboard slot num,jknum_init found child in scoreboard slot,1
51,2005-12-04 04:54:18,notice,workerEnv.init() ok /etc/httpd/conf/workers2.properties,E2,workerEnv.init() ok <*>,workerenvinit ok etchttpdconfworkersnumproperties,workerenvinit ok,1
52,2005-12-04 04:54:18,notice,workerEnv.init() ok /etc/httpd/conf/workers2.properties,E2,workerEnv.init() ok <*>,workerenvinit ok etchttpdconfworkersnumproperties,workerenvinit ok,1
53,2005-12-04 04:54:18,notice,workerEnv.init() ok /etc/httpd/conf/workers2.properties,E2,workerEnv.init() ok <*>,workerenvinit ok etchttpdconfworkersnumproperties,workerenvinit ok,1
54,2005-12-04 04:54:18,notice,workerEnv.init() ok /etc/httpd/conf/workers2.properties,E2,workerEnv.init() ok <*>,workerenvinit ok etchttpdconfworkersnumproperties,workerenvinit ok,1
55,2005-12-04 04:54:18,error,mod_jk child workerEnv in error state 6,E3,mod_jk child workerEnv in error state <*>,mod_jk child workerenv in error state num,mod_jk child workerenv in error state,0
56,2005-12-04 04:54:18,error,mod_jk child workerEnv in error state 6,E3,mod_jk child workerEnv in error state <*>,mod_jk child workerenv in error state num,mod_jk child workerenv in error state,0
57,2005-12-04 04:54:18,error,mod_jk child workerEnv in error state 7,E3,mod_jk child workerEnv in error state <*>,mod_jk child workerenv in error state num,mod_jk child workerenv in error state,0
58,2005-12-04 04:54:18,error,mod_jk child workerEnv in error state 7,E3,mod_jk child workerEnv in error state <*>,mod_jk child workerenv in error state num,mod_jk child workerenv in error state,0
59,2005-12-04 04:54:20,notice,jk2_init() Found child 6768 in scoreboard slot 9,E1,jk2_init() Found child <*> in scoreboard slot <*>,jknum_init found child num in scoreboard slot num,jknum_init found child in scoreboard slot,1
60,2005-12-04 04:54:20,notice,workerEnv.init() ok /etc/httpd/conf/workers2.properties,E2,workerEnv.init() ok <*>,workerenvinit ok etchttpdconfworkersnumproperties,workerenvinit ok,1
61,2005-12-04 04:54:20,error,mod_jk child workerEnv in error state 6,E3,mod_jk child workerEnv in error state <*>,mod_jk child workerenv in error state num,mod_jk child workerenv in error state,0
62,2005-12-04 04:56:52,notice,jk2_init() Found child 8527 in scoreboard slot 10,E1,jk2_init() Found child <*> in scoreboard slot <*>,jknum_init found child num in scoreboard slot num,jknum_init found child in scoreboard slot,1
63,2005-12-04 04:56:52,notice,jk2_init() Found child 8533 in scoreboard slot 8,E1,jk2_init() Found child <*> in scoreboard slot <*>,jknum_init found child num in scoreboard slot num,jknum_init found child in scoreboard slot,1
64,2005-12-04 04:56:57,notice,workerEnv.init() ok /etc/httpd/conf/workers2.properties,E2,workerEnv.init() ok <*>,workerenvinit ok etchttpdconfworkersnumproperties,workerenvinit ok,1
65,2005-12-04 04:56:57,notice,workerEnv.init() ok /etc/httpd/conf/workers2.properties,E2,workerEnv.init() ok <*>,workerenvinit ok etchttpdconfworkersnumproperties,workerenvinit ok,1
66,2005-12-04 04:56:59,error,mod_jk child workerEnv in error state 6,E3,mod_jk child workerEnv in error state <*>,mod_jk child workerenv in error state num,mod_jk child workerenv in error state,0
67,2005-12-04 04:57:00,error,mod_jk child workerEnv in error state 6,E3,mod_jk child workerEnv in error state <*>,mod_jk child workerenv in error state num,mod_jk child workerenv in error state,0
68,2005-12-04 04:57:20,notice,jk2_init() Found child 8536 in scoreboard slot 6,E1,jk2_init() Found child <*> in scoreboard slot <*>,jknum_init found child num in scoreboard slot num,jknum_init found child in scoreboard slot,1
69,2005-12-04 04:57:20,notice,jk2_init() Found child 8539 in scoreboard slot 7,E1,jk2_init() Found child <*> in scoreboard slot <*>,jknum_init found child num in scoreboard slot num,jknum_init found child in scoreboard slot,1
70,2005-12-04 04:57:24,notice,workerEnv.init() ok /etc/httpd/conf/workers2.properties,E2,workerEnv.init() ok <*>,workerenvinit ok etchttpdconfworkersnumproperties,workerenvinit ok,1
71,2005-12-04 04:57:24,notice,workerEnv.init() ok /etc/httpd/conf/workers2.properties,E2,workerEnv.init() ok <*>,workerenvinit ok etchttpdconfworkersnumproperties,workerenvinit ok,1
72,2005-12-04 04:57:24,error,mod_jk child workerEnv in error state 6,E3,mod_jk child workerEnv in error state <*>,mod_jk child workerenv in error state num,mod_jk child workerenv in error state,0
73,2005-12-04 04:57:24,error,mod_jk child workerEnv in error state 6,E3,mod_jk child workerEnv in error state <*>,mod_jk child workerenv in error state num,mod_jk child workerenv in error state,0
74,2005-12-04 04:57:49,notice,jk2_init() Found child 8541 in scoreboard slot 9,E1,jk2_init() Found child <*> in scoreboard slot <*>,jknum_init found child num in scoreboard slot num,jknum_init found child in scoreboard slot,1
75,2005-12-04 04:58:11,notice,workerEnv.init() ok /etc/httpd/conf/workers2.properties,E2,workerEnv.init() ok <*>,workerenvinit ok etchttpdconfworkersnumproperties,workerenvinit ok,1
76,2005-12-04 04:58:18,error,mod_jk child workerEnv in error state 6,E3,mod_jk child workerEnv in error state <*>,mod_jk child workerenv in error state num,mod_jk child workerenv in error state,0
77,2005-12-04 04:58:45,notice,jk2_init() Found child 8547 in scoreboard slot 10,E1,jk2_init() Found child <*> in scoreboard slot <*>,jknum_init found child num in scoreboard slot num,jknum_init found child in scoreboard slot,1
78,2005-12-04 04:58:57,notice,workerEnv.init() ok /etc/httpd/conf/workers2.properties,E2,workerEnv.init() ok <*>,workerenvinit ok etchttpdconfworkersnumproperties,workerenvinit ok,1
79,2005-12-04 04:58:58,error,mod_jk child workerEnv in error state 6,E3,mod_jk child workerEnv in error state <*>,mod_jk child workerenv in error state num,mod_jk child workerenv in error state,0
80,2005-12-04 04:59:28,notice,jk2_init() Found child 8554 in scoreboard slot 6,E1,jk2_init() Found child <*> in scoreboard slot <*>,jknum_init found child num in scoreboard slot num,jknum_init found child in scoreboard slot,1
81,2005-12-04 04:59:27,notice,jk2_init() Found child 8553 in scoreboard slot 8,E1,jk2_init() Found child <*> in scoreboard slot <*>,jknum_init found child num in scoreboard slot num,jknum_init found child in scoreboard slot,1
82,2005-12-04 04:59:35,notice,workerEnv.init() ok /etc/httpd/conf/workers2.properties,E2,workerEnv.init() ok <*>,workerenvinit ok etchttpdconfworkersnumproperties,workerenvinit ok,1
83,2005-12-04 04:59:35,notice,workerEnv.init() ok /etc/httpd/conf/workers2.properties,E2,workerEnv.init() ok <*>,workerenvinit ok etchttpdconfworkersnumproperties,workerenvinit ok,1
84,2005-12-04 04:59:38,error,mod_jk child workerEnv in error state 6,E3,mod_jk child workerEnv in error state <*>,mod_jk child workerenv in error state num,mod_jk child workerenv in error state,0
85,2005-12-04 04:59:38,error,mod_jk child workerEnv in error state 6,E3,mod_jk child workerEnv in error state <*>,mod_jk child workerenv in error state num,mod_jk child workerenv in error state,0
86,2005-12-04 05:00:03,notice,jk2_init() Found child 8560 in scoreboard slot 7,E1,jk2_init() Found child <*> in scoreboard slot <*>,jknum_init found child num in scoreboard slot num,jknum_init found child in scoreboard slot,1
87,2005-12-04 05:00:09,notice,workerEnv.init() ok /etc/httpd/conf/workers2.properties,E2,workerEnv.init() ok <*>,workerenvinit ok etchttpdconfworkersnumproperties,workerenvinit ok,1
88,2005-12-04 05:00:09,error,mod_jk child workerEnv in error state 6,E3,mod_jk child workerEnv in error state <*>,mod_jk child workerenv in error state num,mod_jk child workerenv in error state,0
89,2005-12-04 05:00:13,notice,jk2_init() Found child 8565 in scoreboard slot 9,E1,jk2_init() Found child <*> in scoreboard slot <*>,jknum_init found child num in scoreboard slot num,jknum_init found child in scoreboard slot,1
90,2005-12-04 05:00:13,notice,jk2_init() Found child 8573 in scoreboard slot 10,E1,jk2_init() Found child <*> in scoreboard slot <*>,jknum_init found child num in scoreboard slot num,jknum_init found child in scoreboard slot,1
91,2005-12-04 05:00:15,notice,workerEnv.init() ok /etc/httpd/conf/workers2.properties,E2,workerEnv.init() ok <*>,workerenvinit ok etchttpdconfworkersnumproperties,workerenvinit ok,1
92,2005-12-04 05:00:15,error,mod_jk child workerEnv in error state 6,E3,mod_jk child workerEnv in error state <*>,mod_jk child workerenv in error state num,mod_jk child workerenv in error state,0
93,2005-12-04 05:00:15,notice,workerEnv.init() ok /etc/httpd/conf/workers2.properties,E2,workerEnv.init() ok <*>,workerenvinit ok etchttpdconfworkersnumproperties,workerenvinit ok,1
94,2005-12-04 05:00:15,error,mod_jk child workerEnv in error state 6,E3,mod_jk child workerEnv in error state <*>,mod_jk child workerenv in error state num,mod_jk child workerenv in error state,0
95,2005-12-04 05:01:20,notice,jk2_init() Found child 8584 in scoreboard slot 7,E1,jk2_init() Found child <*> in scoreboard slot <*>,jknum_init found child num in scoreboard slot num,jknum_init found child in scoreboard slot,1
96,2005-12-04 05:01:20,notice,jk2_init() Found child 8587 in scoreboard slot 9,E1,jk2_init() Found child <*> in scoreboard slot <*>,jknum_init found child num in scoreboard slot num,jknum_init found child in scoreboard slot,1
97,2005-12-04 05:02:14,notice,jk2_init() Found child 8603 in scoreboard slot 10,E1,jk2_init() Found child <*> in scoreboard slot <*>,jknum_init found child num in scoreboard slot num,jknum_init found child in scoreboard slot,1
98,2005-12-04 05:02:14,notice,jk2_init() Found child 8605 in scoreboard slot 8,E1,jk2_init() Found child <*> in scoreboard slot <*>,jknum_init found child num in scoreboard slot num,jknum_init found child in scoreboard slot,1
99,2005-12-04 05:04:03,notice,jk2_init() Found child 8764 in scoreboard slot 10,E1,jk2_init() Found child <*> in scoreboard slot <*>,jknum_init found child num in scoreboard slot num,jknum_init found child in scoreboard slot,1
100,2005-12-04 05:04:03,notice,jk2_init() Found child 8765 in scoreboard slot 11,E1,jk2_init() Found child <*> in scoreboard slot <*>,jknum_init found child num in scoreboard slot num,jknum_init found child in scoreboard slot,1
101,2005-12-04 05:04:03,notice,jk2_init() Found child 8763 in scoreboard slot 9,E1,jk2_init() Found child <*> in scoreboard slot <*>,jknum_init found child num in scoreboard slot num,jknum_init found child in scoreboard slot,1
102,2005-12-04 05:04:03,notice,jk2_init() Found child 8744 in scoreboard slot 8,E1,jk2_init() Found child <*> in scoreboard slot <*>,jknum_init found child num in scoreboard slot num,jknum_init found child in scoreboard slot,1
103,2005-12-04 05:04:03,notice,jk2_init() Found child 8743 in scoreboard slot 7,E1,jk2_init() Found child <*> in scoreboard slot <*>,jknum_init found child num in scoreboard slot num,jknum_init found child in scoreboard slot,1
104,2005-12-04 05:04:03,notice,jk2_init() Found child 8738 in scoreboard slot 6,E1,jk2_init() Found child <*> in scoreboard slot <*>,jknum_init found child num in scoreboard slot num,jknum_init found child in scoreboard slot,1
105,2005-12-04 05:04:03,notice,jk2_init() Found child 8766 in scoreboard slot 12,E1,jk2_init() Found child <*> in scoreboard slot <*>,jknum_init found child num in scoreboard slot num,jknum_init found child in scoreboard slot,1
106,2005-12-04 05:04:04,notice,workerEnv.init() ok /etc/httpd/conf/workers2.properties,E2,workerEnv.init() ok <*>,workerenvinit ok etchttpdconfworkersnumproperties,workerenvinit ok,1
107,2005-12-04 05:04:04,error,mod_jk child workerEnv in error state 7,E3,mod_jk child workerEnv in error state <*>,mod_jk child workerenv in error state num,mod_jk child workerenv in error state,0
108,2005-12-04 05:04:04,notice,workerEnv.init() ok /etc/httpd/conf/workers2.properties,E2,workerEnv.init() ok <*>,workerenvinit ok etchttpdconfworkersnumproperties,workerenvinit ok,1
109,2005-12-04 05:04:04,error,mod_jk child workerEnv in error state 6,E3,mod_jk child workerEnv in error state <*>,mod_jk child workerenv in error state num,mod_jk child workerenv in error state,0
110,2005-12-04 05:04:04,notice,workerEnv.init() ok /etc/httpd/conf/workers2.properties,E2,workerEnv.init() ok <*>,workerenvinit ok etchttpdconfworkersnumproperties,workerenvinit ok,1
111,2005-12-04 05:04:04,error,mod_jk child workerEnv in error state 7,E3,mod_jk child workerEnv in error state <*>,mod_jk child workerenv in error state num,mod_jk child workerenv in error state,0
112,2005-12-04 05:04:04,notice,workerEnv.init() ok /etc/httpd/conf/workers2.properties,E2,workerEnv.init() ok <*>,workerenvinit ok etchttpdconfworkersnumproperties,workerenvinit ok,1
113,2005-12-04 05:04:04,error,mod_jk child workerEnv in error state 7,E3,mod_jk child workerEnv in error state <*>,mod_jk child workerenv in error state num,mod_jk child workerenv in error state,0
114,2005-12-04 05:04:04,notice,workerEnv.init() ok /etc/httpd/conf/workers2.properties,E2,workerEnv.init() ok <*>,workerenvinit ok etchttpdconfworkersnumproperties,workerenvinit ok,1
115,2005-12-04 05:04:04,error,mod_jk child workerEnv in error state 7,E3,mod_jk child workerEnv in error state <*>,mod_jk child workerenv in error state num,mod_jk child workerenv in error state,0
116,2005-12-04 05:04:04,notice,workerEnv.init() ok /etc/httpd/conf/workers2.properties,E2,workerEnv.init() ok <*>,workerenvinit ok etchttpdconfworkersnumproperties,workerenvinit ok,1
117,2005-12-04 05:04:04,error,mod_jk child workerEnv in error state 6,E3,mod_jk child workerEnv in error state <*>,mod_jk child workerenv in error state num,mod_jk child workerenv in error state,0
118,2005-12-04 05:04:04,notice,workerEnv.init() ok /etc/httpd/conf/workers2.properties,E2,workerEnv.init() ok <*>,workerenvinit ok etchttpdconfworkersnumproperties,workerenvinit ok,1
119,2005-12-04 05:04:04,error,mod_jk child workerEnv in error state 6,E3,mod_jk child workerEnv in error state <*>,mod_jk child workerenv in error state num,mod_jk child workerenv in error state,0
120,2005-12-04 05:11:51,notice,jk2_init() Found child 25792 in scoreboard slot 6,E1,jk2_init() Found child <*> in scoreboard slot <*>,jknum_init found child num in scoreboard slot num,jknum_init found child in scoreboard slot,1
121,2005-12-04 05:12:07,notice,workerEnv.init() ok /etc/httpd/conf/workers2.properties,E2,workerEnv.init() ok <*>,workerenvinit ok etchttpdconfworkersnumproperties,workerenvinit ok,1
122,2005-12-04 05:12:10,error,mod_jk child workerEnv in error state 6,E3,mod_jk child workerEnv in error state <*>,mod_jk child workerenv in error state num,mod_jk child workerenv in error state,0
123,2005-12-04 05:12:26,notice,jk2_init() Found child 25798 in scoreboard slot 7,E1,jk2_init() Found child <*> in scoreboard slot <*>,jknum_init found child num in scoreboard slot num,jknum_init found child in scoreboard slot,1
124,2005-12-04 05:12:26,notice,jk2_init() Found child 25803 in scoreboard slot 8,E1,jk2_init() Found child <*> in scoreboard slot <*>,jknum_init found child num in scoreboard slot num,jknum_init found child in scoreboard slot,1
125,2005-12-04 05:12:28,notice,workerEnv.init() ok /etc/httpd/conf/workers2.properties,E2,workerEnv.init() ok <*>,workerenvinit ok etchttpdconfworkersnumproperties,workerenvinit ok,1
126,2005-12-04 05:12:28,error,mod_jk child workerEnv in error state 6,E3,mod_jk child workerEnv in error state <*>,mod_jk child workerenv in error state num,mod_jk child workerenv in error state,0
127,2005-12-04 05:12:28,notice,workerEnv.init() ok /etc/httpd/conf/workers2.properties,E2,workerEnv.init() ok <*>,workerenvinit ok etchttpdconfworkersnumproperties,workerenvinit ok,1
128,2005-12-04 05:12:28,error,mod_jk child workerEnv in error state 6,E3,mod_jk child workerEnv in error state <*>,mod_jk child workerenv in error state num,mod_jk child workerenv in error state,0
129,2005-12-04 05:12:30,notice,jk2_init() Found child 25805 in scoreboard slot 9,E1,jk2_init() Found child <*> in scoreboard slot <*>,jknum_init found child num in scoreboard slot num,jknum_init found child in scoreboard slot,1
130,2005-12-04 05:12:30,notice,workerEnv.init() ok /etc/httpd/conf/workers2.properties,E2,workerEnv.init() ok <*>,workerenvinit ok etchttpdconfworkersnumproperties,workerenvinit ok,1
131,2005-12-04 05:12:30,error,mod_jk child workerEnv in error state 6,E3,mod_jk child workerEnv in error state <*>,mod_jk child workerenv in error state num,mod_jk child workerenv in error state,0
132,2005-12-04 05:15:09,error,[client 222.166.160.184] Directory index forbidden by rule: /var/www/html/,E4,[client <*>] Directory index forbidden by rule: <*>,client ip directory index forbidden by rule varwwwhtml,client directory index forbidden by rule,0
133,2005-12-04 05:15:13,notice,jk2_init() Found child 1000 in scoreboard slot 10,E1,jk2_init() Found child <*> in scoreboard slot <*>,jknum_init found child num in scoreboard slot num,jknum_init found child in scoreboard slot,1
134,2005-12-04 05:15:16,notice,workerEnv.init() ok /etc/httpd/conf/workers2.properties,E2,workerEnv.init() ok <*>,workerenvinit ok etchttpdconfworkersnumproperties,workerenvinit ok,1
135,2005-12-04 05:15:16,error,mod_jk child workerEnv in error state 6,E3,mod_jk child workerEnv in error state <*>,mod_jk child workerenv in error state num,mod_jk child workerenv in error state,0
136,2005-12-04 06:01:00,notice,jk2_init() Found child 32347 in scoreboard slot 6,E1,jk2_init() Found child <*> in scoreboard slot <*>,jknum_init found child num in scoreboard slot num,jknum_init found child in scoreboard slot,1
137,2005-12-04 06:01:00,notice,jk2_init() Found child 32348 in scoreboard slot 7,E1,jk2_init() Found child <*> in scoreboard slot <*>,jknum_init found child num in scoreboard slot num,jknum_init found child in scoreboard slot,1
138,2005-12-04 06:01:21,notice,workerEnv.init() ok /etc/httpd/conf/workers2.properties,E2,workerEnv.init() ok <*>,workerenvinit ok etchttpdconfworkersnumproperties,workerenvinit ok,1
139,2005-12-04 06:01:21,notice,workerEnv.init() ok /etc/httpd/conf/workers2.properties,E2,workerEnv.init() ok <*>,workerenvinit ok etchttpdconfworkersnumproperties,workerenvinit ok,1
140,2005-12-04 06:01:30,error,mod_jk child workerEnv in error state 6,E3,mod_jk child workerEnv in error state <*>,mod_jk child workerenv in error state num,mod_jk child workerenv in error state,0
141,2005-12-04 06:01:42,notice,jk2_init() Found child 32352 in scoreboard slot 9,E1,jk2_init() Found child <*> in scoreboard slot <*>,jknum_init found child num in scoreboard slot num,jknum_init found child in scoreboard slot,1
142,2005-12-04 06:01:42,notice,jk2_init() Found child 32353 in scoreboard slot 10,E1,jk2_init() Found child <*> in scoreboard slot <*>,jknum_init found child num in scoreboard slot num,jknum_init found child in scoreboard slot,1
143,2005-12-04 06:01:42,notice,jk2_init() Found child 32354 in scoreboard slot 6,E1,jk2_init() Found child <*> in scoreboard slot <*>,jknum_init found child num in scoreboard slot num,jknum_init found child in scoreboard slot,1
144,2005-12-04 06:02:01,notice,workerEnv.init() ok /etc/httpd/conf/workers2.properties,E2,workerEnv.init() ok <*>,workerenvinit ok etchttpdconfworkersnumproperties,workerenvinit ok,1
145,2005-12-04 06:02:02,error,mod_jk child workerEnv in error state 7,E3,mod_jk child workerEnv in error state <*>,mod_jk child workerenv in error state num,mod_jk child workerenv in error state,0
146,2005-12-04 06:02:05,notice,jk2_init() Found child 32359 in scoreboard slot 9,E1,jk2_init() Found child <*> in scoreboard slot <*>,jknum_init found child num in scoreboard slot num,jknum_init found child in scoreboard slot,1
147,2005-12-04 06:02:05,notice,jk2_init() Found child 32360 in scoreboard slot 11,E1,jk2_init() Found child <*> in scoreboard slot <*>,jknum_init found child num in scoreboard slot num,jknum_init found child in scoreboard slot,1
148,2005-12-04 06:02:05,notice,jk2_init() Found child 32358 in scoreboard slot 8,E1,jk2_init() Found child <*> in scoreboard slot <*>,jknum_init found child num in scoreboard slot num,jknum_init found child in scoreboard slot,1
149,2005-12-04 06:02:05,notice,jk2_init() Found child 32355 in scoreboard slot 7,E1,jk2_init() Found child <*> in scoreboard slot <*>,jknum_init found child num in scoreboard slot num,jknum_init found child in scoreboard slot,1
150,2005-12-04 06:02:07,notice,workerEnv.init() ok /etc/httpd/conf/workers2.properties,E2,workerEnv.init() ok <*>,workerenvinit ok etchttpdconfworkersnumproperties,workerenvinit ok,1
151,2005-12-04 06:02:07,error,mod_jk child workerEnv in error state 7,E3,mod_jk child workerEnv in error state <*>,mod_jk child workerenv in error state num,mod_jk child workerenv in error state,0
152,2005-12-04 06:02:07,notice,workerEnv.init() ok /etc/httpd/conf/workers2.properties,E2,workerEnv.init() ok <*>,workerenvinit ok etchttpdconfworkersnumproperties,workerenvinit ok,1
153,2005-12-04 06:02:07,error,mod_jk child workerEnv in error state 6,E3,mod_jk child workerEnv in error state <*>,mod_jk child workerenv in error state num,mod_jk child workerenv in error state,0
154,2005-12-04 06:02:07,notice,workerEnv.init() ok /etc/httpd/conf/workers2.properties,E2,workerEnv.init() ok <*>,workerenvinit ok etchttpdconfworkersnumproperties,workerenvinit ok,1
155,2005-12-04 06:02:07,error,mod_jk child workerEnv in error state 6,E3,mod_jk child workerEnv in error state <*>,mod_jk child workerenv in error state num,mod_jk child workerenv in error state,0
156,2005-12-04 06:02:07,notice,workerEnv.init() ok /etc/httpd/conf/workers2.properties,E2,workerEnv.init() ok <*>,workerenvinit ok etchttpdconfworkersnumproperties,workerenvinit ok,1
157,2005-12-04 06:02:07,error,mod_jk child workerEnv in error state 6,E3,mod_jk child workerEnv in error state <*>,mod_jk child workerenv in error state num,mod_jk child workerenv in error state,0
158,2005-12-04 06:06:00,notice,jk2_init() Found child 32388 in scoreboard slot 8,E1,jk2_init() Found child <*> in scoreboard slot <*>,jknum_init found child num in scoreboard slot num,jknum_init found child in scoreboard slot,1
159,2005-12-04 06:06:00,notice,jk2_init() Found child 32387 in scoreboard slot 7,E1,jk2_init() Found child <*> in scoreboard slot <*>,jknum_init found child num in scoreboard slot num,jknum_init found child in scoreboard slot,1
160,2005-12-04 06:06:00,notice,jk2_init() Found child 32386 in scoreboard slot 6,E1,jk2_init() Found child <*> in scoreboard slot <*>,jknum_init found child num in scoreboard slot num,jknum_init found child in scoreboard slot,1
161,2005-12-04 06:06:10,notice,workerEnv.init() ok /etc/httpd/conf/workers2.properties,E2,workerEnv.init() ok <*>,workerenvinit ok etchttpdconfworkersnumproperties,workerenvinit ok,1
162,2005-12-04 06:06:11,notice,workerEnv.init() ok /etc/httpd/conf/workers2.properties,E2,workerEnv.init() ok <*>,workerenvinit ok etchttpdconfworkersnumproperties,workerenvinit ok,1
163,2005-12-04 06:06:12,error,mod_jk child workerEnv in error state 6,E3,mod_jk child workerEnv in error state <*>,mod_jk child workerenv in error state num,mod_jk child workerenv in error state,0
164,2005-12-04 06:06:12,error,mod_jk child workerEnv in error state 6,E3,mod_jk child workerEnv in error state <*>,mod_jk child workerenv in error state num,mod_jk child workerenv in error state,0
165,2005-12-04 06:06:20,notice,jk2_init() Found child 32389 in scoreboard slot 9,E1,jk2_init() Found child <*> in scoreboard slot <*>,jknum_init found child num in scoreboard slot num,jknum_init found child in scoreboard slot,1
166,2005-12-04 06:06:24,notice,jk2_init() Found child 32391 in scoreboard slot 10,E1,jk2_init() Found child <*> in scoreboard slot <*>,jknum_init found child num in scoreboard slot num,jknum_init found child in scoreboard slot,1
167,2005-12-04 06:06:24,notice,jk2_init() Found child 32390 in scoreboard slot 8,E1,jk2_init() Found child <*> in scoreboard slot <*>,jknum_init found child num in scoreboard slot num,jknum_init found child in scoreboard slot,1
168,2005-12-04 06:06:24,notice,jk2_init() Found child 32392 in scoreboard slot 6,E1,jk2_init() Found child <*> in scoreboard slot <*>,jknum_init found child num in scoreboard slot num,jknum_init found child in scoreboard slot,1
169,2005-12-04 06:06:26,notice,workerEnv.init() ok /etc/httpd/conf/workers2.properties,E2,workerEnv.init() ok <*>,workerenvinit ok etchttpdconfworkersnumproperties,workerenvinit ok,1
170,2005-12-04 06:06:26,error,mod_jk child workerEnv in error state 7,E3,mod_jk child workerEnv in error state <*>,mod_jk child workerenv in error state num,mod_jk child workerenv in error state,0
171,2005-12-04 06:06:26,notice,workerEnv.init() ok /etc/httpd/conf/workers2.properties,E2,workerEnv.init() ok <*>,workerenvinit ok etchttpdconfworkersnumproperties,workerenvinit ok,1
172,2005-12-04 06:06:26,error,mod_jk child workerEnv in error state 6,E3,mod_jk child workerEnv in error state <*>,mod_jk child workerenv in error state num,mod_jk child workerenv in error state,0
173,2005-12-04 06:06:26,notice,workerEnv.init() ok /etc/httpd/conf/workers2.properties,E2,workerEnv.init() ok <*>,workerenvinit ok etchttpdconfworkersnumproperties,workerenvinit ok,1
174,2005-12-04 06:06:26,error,mod_jk child workerEnv in error state 6,E3,mod_jk child workerEnv in error state <*>,mod_jk child workerenv in error state num,mod_jk child workerenv in error state,0
175,2005-12-04 06:06:26,notice,workerEnv.init() ok /etc/httpd/conf/workers2.properties,E2,workerEnv.init() ok <*>,workerenvinit ok etchttpdconfworkersnumproperties,workerenvinit ok,1
176,2005-12-04 06:06:26,error,mod_jk child workerEnv in error state 7,E3,mod_jk child workerEnv in error state <*>,mod_jk child workerenv in error state num,mod_jk child workerenv in error state,0
177,2005-12-04 06:11:11,notice,jk2_init() Found child 32410 in scoreboard slot 7,E1,jk2_init() Found child <*> in scoreboard slot <*>,jknum_init found child num in scoreboard slot num,jknum_init found child in scoreboard slot,1
178,2005-12-04 06:11:11,notice,jk2_init() Found child 32411 in scoreboard slot 9,E1,jk2_init() Found child <*> in scoreboard slot <*>,jknum_init found child num in scoreboard slot num,jknum_init found child in scoreboard slot,1
179,2005-12-04 06:12:31,notice,jk2_init() Found child 32423 in scoreboard slot 9,E1,jk2_init() Found child <*> in scoreboard slot <*>,jknum_init found child num in scoreboard slot num,jknum_init found child in scoreboard slot,1
180,2005-12-04 06:12:31,notice,jk2_init() Found child 32422 in scoreboard slot 8,E1,jk2_init() Found child <*> in scoreboard slot <*>,jknum_init found child num in scoreboard slot num,jknum_init found child in scoreboard slot,1
181,2005-12-04 06:12:31,notice,jk2_init() Found child 32419 in scoreboard slot 6,E1,jk2_init() Found child <*> in scoreboard slot <*>,jknum_init found child num in scoreboard slot num,jknum_init found child in scoreboard slot,1
182,2005-12-04 06:12:31,notice,jk2_init() Found child 32421 in scoreboard slot 11,E1,jk2_init() Found child <*> in scoreboard slot <*>,jknum_init found child num in scoreboard slot num,jknum_init found child in scoreboard slot,1
183,2005-12-04 06:12:31,notice,jk2_init() Found child 32420 in scoreboard slot 7,E1,jk2_init() Found child <*> in scoreboard slot <*>,jknum_init found child num in scoreboard slot num,jknum_init found child in scoreboard slot,1
184,2005-12-04 06:12:31,notice,jk2_init() Found child 32424 in scoreboard slot 10,E1,jk2_init() Found child <*> in scoreboard slot <*>,jknum_init found child num in scoreboard slot num,jknum_init found child in scoreboard slot,1
185,2005-12-04 06:12:37,notice,workerEnv.init() ok /etc/httpd/conf/workers2.properties,E2,workerEnv.init() ok <*>,workerenvinit ok etchttpdconfworkersnumproperties,workerenvinit ok,1
186,2005-12-04 06:12:37,notice,workerEnv.init() ok /etc/httpd/conf/workers2.properties,E2,workerEnv.init() ok <*>,workerenvinit ok etchttpdconfworkersnumproperties,workerenvinit ok,1
187,2005-12-04 06:12:37,notice,workerEnv.init() ok /etc/httpd/conf/workers2.properties,E2,workerEnv.init() ok <*>,workerenvinit ok etchttpdconfworkersnumproperties,workerenvinit ok,1
188,2005-12-04 06:12:37,notice,workerEnv.init() ok /etc/httpd/conf/workers2.properties,E2,workerEnv.init() ok <*>,workerenvinit ok etchttpdconfworkersnumproperties,workerenvinit ok,1
189,2005-12-04 06:12:37,notice,workerEnv.init() ok /etc/httpd/conf/workers2.properties,E2,workerEnv.init() ok <*>,workerenvinit ok etchttpdconfworkersnumproperties,workerenvinit ok,1
190,2005-12-04 06:12:40,error,mod_jk child workerEnv in error state 6,E3,mod_jk child workerEnv in error state <*>,mod_jk child workerenv in error state num,mod_jk child workerenv in error state,0
191,2005-12-04 06:12:40,error,mod_jk child workerEnv in error state 6,E3,mod_jk child workerEnv in error state <*>,mod_jk child workerenv in error state num,mod_jk child workerenv in error state,0
192,2005-12-04 06:12:40,error,mod_jk child workerEnv in error state 6,E3,mod_jk child workerEnv in error state <*>,mod_jk child workerenv in error state num,mod_jk child workerenv in error state,0
193,2005-12-04 06:12:40,error,mod_jk child workerEnv in error state 7,E3,mod_jk child workerEnv in error state <*>,mod_jk child workerenv in error state num,mod_jk child workerenv in error state,0
194,2005-12-04 06:12:40,error,mod_jk child workerEnv in error state 7,E3,mod_jk child workerEnv in error state <*>,mod_jk child workerenv in error state num,mod_jk child workerenv in error state,0
195,2005-12-04 06:12:59,notice,jk2_init() Found child 32425 in scoreboard slot 6,E1,jk2_init() Found child <*> in scoreboard slot <*>,jknum_init found child num in scoreboard slot num,jknum_init found child in scoreboard slot,1
196,2005-12-04 06:13:01,notice,workerEnv.init() ok /etc/httpd/conf/workers2.properties,E2,workerEnv.init() ok <*>,workerenvinit ok etchttpdconfworkersnumproperties,workerenvinit ok,1
197,2005-12-04 06:13:01,error,mod_jk child workerEnv in error state 6,E3,mod_jk child workerEnv in error state <*>,mod_jk child workerenv in error state num,mod_jk child workerenv in error state,0
198,2005-12-04 06:16:10,notice,jk2_init() Found child 32432 in scoreboard slot 7,E1,jk2_init() Found child <*> in scoreboard slot <*>,jknum_init found child num in scoreboard slot num,jknum_init found child in scoreboard slot,1
199,2005-12-04 06:16:10,notice,jk2_init() Found child 32434 in scoreboard slot 9,E1,jk2_init() Found child <*> in scoreboard slot <*>,jknum_init found child num in scoreboard slot num,jknum_init found child in scoreboard slot,1
200,2005-12-04 06:16:10,notice,jk2_init() Found child 32433 in scoreboard slot 8,E1,jk2_init() Found child <*> in scoreboard slot <*>,jknum_init found child num in scoreboard slot num,jknum_init found child in scoreboard slot,1
201,2005-12-04 06:16:21,notice,workerEnv.init() ok /etc/httpd/conf/workers2.properties,E2,workerEnv.init() ok <*>,workerenvinit ok etchttpdconfworkersnumproperties,workerenvinit ok,1
202,2005-12-04 06:16:21,notice,workerEnv.init() ok /etc/httpd/conf/workers2.properties,E2,workerEnv.init() ok <*>,workerenvinit ok etchttpdconfworkersnumproperties,workerenvinit ok,1
203,2005-12-04 06:16:23,error,mod_jk child workerEnv in error state 6,E3,mod_jk child workerEnv in error state <*>,mod_jk child workerenv in error state num,mod_jk child workerenv in error state,0
204,2005-12-04 06:16:23,error,mod_jk child workerEnv in error state 7,E3,mod_jk child workerEnv in error state <*>,mod_jk child workerenv in error state num,mod_jk child workerenv in error state,0
205,2005-12-04 06:16:21,notice,jk2_init() Found child 32435 in scoreboard slot 10,E1,jk2_init() Found child <*> in scoreboard slot <*>,jknum_init found child num in scoreboard slot num,jknum_init found child in scoreboard slot,1
206,2005-12-04 06:16:21,notice,workerEnv.init() ok /etc/httpd/conf/workers2.properties,E2,workerEnv.init() ok <*>,workerenvinit ok etchttpdconfworkersnumproperties,workerenvinit ok,1
207,2005-12-04 06:16:23,error,mod_jk child workerEnv in error state 6,E3,mod_jk child workerEnv in error state <*>,mod_jk child workerenv in error state num,mod_jk child workerenv in error state,0
208,2005-12-04 06:16:37,notice,workerEnv.init() ok /etc/httpd/conf/workers2.properties,E2,workerEnv.init() ok <*>,workerenvinit ok etchttpdconfworkersnumproperties,workerenvinit ok,1
209,2005-12-04 06:16:39,error,mod_jk child workerEnv in error state 6,E3,mod_jk child workerEnv in error state <*>,mod_jk child workerenv in error state num,mod_jk child workerenv in error state,0
210,2005-12-04 06:16:51,notice,jk2_init() Found child 32436 in scoreboard slot 6,E1,jk2_init() Found child <*> in scoreboard slot <*>,jknum_init found child num in scoreboard slot num,jknum_init found child in scoreboard slot,1
211,2005-12-04 06:16:51,notice,jk2_init() Found child 32437 in scoreboard slot 7,E1,jk2_init() Found child <*> in scoreboard slot <*>,jknum_init found child num in scoreboard slot num,jknum_init found child in scoreboard slot,1
212,2005-12-04 06:17:02,notice,workerEnv.init() ok /etc/httpd/conf/workers2.properties,E2,workerEnv.init() ok <*>,workerenvinit ok etchttpdconfworkersnumproperties,workerenvinit ok,1
213,2005-12-04 06:17:02,notice,workerEnv.init() ok /etc/httpd/conf/workers2.properties,E2,workerEnv.init() ok <*>,workerenvinit ok etchttpdconfworkersnumproperties,workerenvinit ok,1
214,2005-12-04 06:17:05,error,mod_jk child workerEnv in error state 6,E3,mod_jk child workerEnv in error state <*>,mod_jk child workerenv in error state num,mod_jk child workerenv in error state,0
215,2005-12-04 06:17:06,notice,jk2_init() Found child 32438 in scoreboard slot 8,E1,jk2_init() Found child <*> in scoreboard slot <*>,jknum_init found child num in scoreboard slot num,jknum_init found child in scoreboard slot,1
216,2005-12-04 06:17:18,notice,workerEnv.init() ok /etc/httpd/conf/workers2.properties,E2,workerEnv.init() ok <*>,workerenvinit ok etchttpdconfworkersnumproperties,workerenvinit ok,1
217,2005-12-04 06:17:24,error,mod_jk child workerEnv in error state 6,E3,mod_jk child workerEnv in error state <*>,mod_jk child workerenv in error state num,mod_jk child workerenv in error state,0
218,2005-12-04 06:17:23,notice,jk2_init() Found child 32440 in scoreboard slot 10,E1,jk2_init() Found child <*> in scoreboard slot <*>,jknum_init found child num in scoreboard slot num,jknum_init found child in scoreboard slot,1
219,2005-12-04 06:17:23,notice,jk2_init() Found child 32439 in scoreboard slot 9,E1,jk2_init() Found child <*> in scoreboard slot <*>,jknum_init found child num in scoreboard slot num,jknum_init found child in scoreboard slot,1
220,2005-12-04 06:17:23,notice,jk2_init() Found child 32441 in scoreboard slot 6,E1,jk2_init() Found child <*> in scoreboard slot <*>,jknum_init found child num in scoreboard slot num,jknum_init found child in scoreboard slot,1
221,2005-12-04 06:17:33,notice,workerEnv.init() ok /etc/httpd/conf/workers2.properties,E2,workerEnv.init() ok <*>,workerenvinit ok etchttpdconfworkersnumproperties,workerenvinit ok,1
222,2005-12-04 06:17:33,notice,workerEnv.init() ok /etc/httpd/conf/workers2.properties,E2,workerEnv.init() ok <*>,workerenvinit ok etchttpdconfworkersnumproperties,workerenvinit ok,1
223,2005-12-04 06:17:35,error,mod_jk child workerEnv in error state 6,E3,mod_jk child workerEnv in error state <*>,mod_jk child workerenv in error state num,mod_jk child workerenv in error state,0
224,2005-12-04 06:17:35,error,mod_jk child workerEnv in error state 7,E3,mod_jk child workerEnv in error state <*>,mod_jk child workerenv in error state num,mod_jk child workerenv in error state,0
225,2005-12-04 06:17:55,notice,jk2_init() Found child 32442 in scoreboard slot 7,E1,jk2_init() Found child <*> in scoreboard slot <*>,jknum_init found child num in scoreboard slot num,jknum_init found child in scoreboard slot,1
226,2005-12-04 06:17:55,notice,jk2_init() Found child 32443 in scoreboard slot 8,E1,jk2_init() Found child <*> in scoreboard slot <*>,jknum_init found child num in scoreboard slot num,jknum_init found child in scoreboard slot,1
227,2005-12-04 06:17:55,notice,jk2_init() Found child 32444 in scoreboard slot 9,E1,jk2_init() Found child <*> in scoreboard slot <*>,jknum_init found child num in scoreboard slot num,jknum_init found child in scoreboard slot,1
228,2005-12-04 06:18:08,notice,workerEnv.init() ok /etc/httpd/conf/workers2.properties,E2,workerEnv.init() ok <*>,workerenvinit ok etchttpdconfworkersnumproperties,workerenvinit ok,1
229,2005-12-04 06:18:08,notice,workerEnv.init() ok /etc/httpd/conf/workers2.properties,E2,workerEnv.init() ok <*>,workerenvinit ok etchttpdconfworkersnumproperties,workerenvinit ok,1
230,2005-12-04 06:18:11,error,mod_jk child workerEnv in error state 7,E3,mod_jk child workerEnv in error state <*>,mod_jk child workerenv in error state num,mod_jk child workerenv in error state,0
231,2005-12-04 06:18:11,error,mod_jk child workerEnv in error state 6,E3,mod_jk child workerEnv in error state <*>,mod_jk child workerenv in error state num,mod_jk child workerenv in error state,0
232,2005-12-04 06:18:12,notice,jk2_init() Found child 32445 in scoreboard slot 10,E1,jk2_init() Found child <*> in scoreboard slot <*>,jknum_init found child num in scoreboard slot num,jknum_init found child in scoreboard slot,1
233,2005-12-04 06:18:23,notice,workerEnv.init() ok /etc/httpd/conf/workers2.properties,E2,workerEnv.init() ok <*>,workerenvinit ok etchttpdconfworkersnumproperties,workerenvinit ok,1
234,2005-12-04 06:18:31,error,mod_jk child workerEnv in error state 6,E3,mod_jk child workerEnv in error state <*>,mod_jk child workerenv in error state num,mod_jk child workerenv in error state,0
235,2005-12-04 06:18:41,notice,jk2_init() Found child 32447 in scoreboard slot 7,E1,jk2_init() Found child <*> in scoreboard slot <*>,jknum_init found child num in scoreboard slot num,jknum_init found child in scoreboard slot,1
236,2005-12-04 06:18:39,notice,jk2_init() Found child 32446 in scoreboard slot 6,E1,jk2_init() Found child <*> in scoreboard slot <*>,jknum_init found child num in scoreboard slot num,jknum_init found child in scoreboard slot,1
237,2005-12-04 06:18:40,notice,jk2_init() Found child 32448 in scoreboard slot 8,E1,jk2_init() Found child <*> in scoreboard slot <*>,jknum_init found child num in scoreboard slot num,jknum_init found child in scoreboard slot,1
238,2005-12-04 06:18:53,notice,workerEnv.init() ok /etc/httpd/conf/workers2.properties,E2,workerEnv.init() ok <*>,workerenvinit ok etchttpdconfworkersnumproperties,workerenvinit ok,1
239,2005-12-04 06:18:53,notice,workerEnv.init() ok /etc/httpd/conf/workers2.properties,E2,workerEnv.init() ok <*>,workerenvinit ok etchttpdconfworkersnumproperties,workerenvinit ok,1
240,2005-12-04 06:18:55,error,mod_jk child workerEnv in error state 6,E3,mod_jk child workerEnv in error state <*>,mod_jk child workerenv in error state num,mod_jk child workerenv in error state,0
241,2005-12-04 06:18:55,error,mod_jk child workerEnv in error state 7,E3,mod_jk child workerEnv in error state <*>,mod_jk child workerenv in error state num,mod_jk child workerenv in error state,0
242,2005-12-04 06:19:05,notice,jk2_init() Found child 32449 in scoreboard slot 9,E1,jk2_init() Found child <*> in scoreboard slot <*>,jknum_init found child num in scoreboard slot num,jknum_init found child in scoreboard slot,1
243,2005-12-04 06:19:15,notice,workerEnv.init() ok /etc/httpd/conf/workers2.properties,E2,workerEnv.init() ok <*>,workerenvinit ok etchttpdconfworkersnumproperties,workerenvinit ok,1
244,2005-12-04 06:19:19,notice,jk2_init() Found child 32450 in scoreboard slot 10,E1,jk2_init() Found child <*> in scoreboard slot <*>,jknum_init found child num in scoreboard slot num,jknum_init found child in scoreboard slot,1
245,2005-12-04 06:19:18,error,mod_jk child workerEnv in error state 6,E3,mod_jk child workerEnv in error state <*>,mod_jk child workerenv in error state num,mod_jk child workerenv in error state,0
246,2005-12-04 06:19:19,notice,jk2_init() Found child 32452 in scoreboard slot 7,E1,jk2_init() Found child <*> in scoreboard slot <*>,jknum_init found child num in scoreboard slot num,jknum_init found child in scoreboard slot,1
247,2005-12-04 06:19:19,notice,jk2_init() Found child 32451 in scoreboard slot 6,E1,jk2_init() Found child <*> in scoreboard slot <*>,jknum_init found child num in scoreboard slot num,jknum_init found child in scoreboard slot,1
248,2005-12-04 06:19:31,notice,workerEnv.init() ok /etc/httpd/conf/workers2.properties,E2,workerEnv.init() ok <*>,workerenvinit ok etchttpdconfworkersnumproperties,workerenvinit ok,1
249,2005-12-04 06:19:31,notice,workerEnv.init() ok /etc/httpd/conf/workers2.properties,E2,workerEnv.init() ok <*>,workerenvinit ok etchttpdconfworkersnumproperties,workerenvinit ok,1
250,2005-12-04 06:19:34,error,mod_jk child workerEnv in error state 6,E3,mod_jk child workerEnv in error state <*>,mod_jk child workerenv in error state num,mod_jk child workerenv in error state,0
251,2005-12-04 06:19:34,error,mod_jk child workerEnv in error state 7,E3,mod_jk child workerEnv in error state <*>,mod_jk child workerenv in error state num,mod_jk child workerenv in error state,0
252,2005-12-04 06:19:56,notice,jk2_init() Found child 32454 in scoreboard slot 7,E1,jk2_init() Found child <*> in scoreboard slot <*>,jknum_init found child num in scoreboard slot num,jknum_init found child in scoreboard slot,1
253,2005-12-04 06:19:56,notice,jk2_init() Found child 32453 in scoreboard slot 8,E1,jk2_init() Found child <*> in scoreboard slot <*>,jknum_init found child num in scoreboard slot num,jknum_init found child in scoreboard slot,1
254,2005-12-04 06:19:56,notice,jk2_init() Found child 32455 in scoreboard slot 9,E1,jk2_init() Found child <*> in scoreboard slot <*>,jknum_init found child num in scoreboard slot num,jknum_init found child in scoreboard slot,1
255,2005-12-04 06:20:30,notice,jk2_init() Found child 32467 in scoreboard slot 9,E1,jk2_init() Found child <*> in scoreboard slot <*>,jknum_init found child num in scoreboard slot num,jknum_init found child in scoreboard slot,1
256,2005-12-04 06:20:30,notice,jk2_init() Found child 32464 in scoreboard slot 8,E1,jk2_init() Found child <*> in scoreboard slot <*>,jknum_init found child num in scoreboard slot num,jknum_init found child in scoreboard slot,1
257,2005-12-04 06:20:30,notice,jk2_init() Found child 32465 in scoreboard slot 7,E1,jk2_init() Found child <*> in scoreboard slot <*>,jknum_init found child num in scoreboard slot num,jknum_init found child in scoreboard slot,1
258,2005-12-04 06:20:30,notice,jk2_init() Found child 32466 in scoreboard slot 11,E1,jk2_init() Found child <*> in scoreboard slot <*>,jknum_init found child num in scoreboard slot num,jknum_init found child in scoreboard slot,1
259,2005-12-04 06:20:30,notice,jk2_init() Found child 32457 in scoreboard slot 6,E1,jk2_init() Found child <*> in scoreboard slot <*>,jknum_init found child num in scoreboard slot num,jknum_init found child in scoreboard slot,1
260,2005-12-04 06:20:44,notice,workerEnv.init() ok /etc/httpd/conf/workers2.properties,E2,workerEnv.init() ok <*>,workerenvinit ok etchttpdconfworkersnumproperties,workerenvinit ok,1
261,2005-12-04 06:20:44,notice,workerEnv.init() ok /etc/httpd/conf/workers2.properties,E2,workerEnv.init() ok <*>,workerenvinit ok etchttpdconfworkersnumproperties,workerenvinit ok,1
262,2005-12-04 06:20:44,notice,workerEnv.init() ok /etc/httpd/conf/workers2.properties,E2,workerEnv.init() ok <*>,workerenvinit ok etchttpdconfworkersnumproperties,workerenvinit ok,1
263,2005-12-04 06:20:46,error,mod_jk child workerEnv in error state 6,E3,mod_jk child workerEnv in error state <*>,mod_jk child workerenv in error state num,mod_jk child workerenv in error state,0
264,2005-12-04 06:20:46,error,mod_jk child workerEnv in error state 7,E3,mod_jk child workerEnv in error state <*>,mod_jk child workerenv in error state num,mod_jk child workerenv in error state,0
265,2005-12-04 06:20:46,error,mod_jk child workerEnv in error state 8,E3,mod_jk child workerEnv in error state <*>,mod_jk child workerenv in error state num,mod_jk child workerenv in error state,0
266,2005-12-04 06:22:18,notice,jk2_init() Found child 32475 in scoreboard slot 8,E1,jk2_init() Found child <*> in scoreboard slot <*>,jknum_init found child num in scoreboard slot num,jknum_init found child in scoreboard slot,1
267,2005-12-04 06:22:48,notice,jk2_init() Found child 32478 in scoreboard slot 11,E1,jk2_init() Found child <*> in scoreboard slot <*>,jknum_init found child num in scoreboard slot num,jknum_init found child in scoreboard slot,1
268,2005-12-04 06:22:48,notice,jk2_init() Found child 32477 in scoreboard slot 10,E1,jk2_init() Found child <*> in scoreboard slot <*>,jknum_init found child num in scoreboard slot num,jknum_init found child in scoreboard slot,1
269,2005-12-04 06:22:48,notice,jk2_init() Found child 32479 in scoreboard slot 6,E1,jk2_init() Found child <*> in scoreboard slot <*>,jknum_init found child num in scoreboard slot num,jknum_init found child in scoreboard slot,1
270,2005-12-04 06:22:48,notice,jk2_init() Found child 32480 in scoreboard slot 8,E1,jk2_init() Found child <*> in scoreboard slot <*>,jknum_init found child num in scoreboard slot num,jknum_init found child in scoreboard slot,1
271,2005-12-04 06:22:48,notice,jk2_init() Found child 32476 in scoreboard slot 7,E1,jk2_init() Found child <*> in scoreboard slot <*>,jknum_init found child num in scoreboard slot num,jknum_init found child in scoreboard slot,1
272,2005-12-04 06:22:53,notice,workerEnv.init() ok /etc/httpd/conf/workers2.properties,E2,workerEnv.init() ok <*>,workerenvinit ok etchttpdconfworkersnumproperties,workerenvinit ok,1
273,2005-12-04 06:22:53,notice,workerEnv.init() ok /etc/httpd/conf/workers2.properties,E2,workerEnv.init() ok <*>,workerenvinit ok etchttpdconfworkersnumproperties,workerenvinit ok,1
274,2005-12-04 06:22:53,notice,workerEnv.init() ok /etc/httpd/conf/workers2.properties,E2,workerEnv.init() ok <*>,workerenvinit ok etchttpdconfworkersnumproperties,workerenvinit ok,1
275,2005-12-04 06:22:53,notice,workerEnv.init() ok /etc/httpd/conf/workers2.properties,E2,workerEnv.init() ok <*>,workerenvinit ok etchttpdconfworkersnumproperties,workerenvinit ok,1
276,2005-12-04 06:22:53,notice,workerEnv.init() ok /etc/httpd/conf/workers2.properties,E2,workerEnv.init() ok <*>,workerenvinit ok etchttpdconfworkersnumproperties,workerenvinit ok,1
277,2005-12-04 06:22:55,error,mod_jk child workerEnv in error state 6,E3,mod_jk child workerEnv in error state <*>,mod_jk child workerenv in error state num,mod_jk child workerenv in error state,0
278,2005-12-04 06:22:55,error,mod_jk child workerEnv in error state 6,E3,mod_jk child workerEnv in error state <*>,mod_jk child workerenv in error state num,mod_jk child workerenv in error state,0
279,2005-12-04 06:22:55,error,mod_jk child workerEnv in error state 6,E3,mod_jk child workerEnv in error state <*>,mod_jk child workerenv in error state num,mod_jk child workerenv in error state,0
280,2005-12-04 06:22:55,error,mod_jk child workerEnv in error state 7,E3,mod_jk child workerEnv in error state <*>,mod_jk child workerenv in error state num,mod_jk child workerenv in error state,0
281,2005-12-04 06:22:55,error,mod_jk child workerEnv in error state 8,E3,mod_jk child workerEnv in error state <*>,mod_jk child workerenv in error state num,mod_jk child workerenv in error state,0
282,2005-12-04 06:23:12,notice,jk2_init() Found child 32483 in scoreboard slot 7,E1,jk2_init() Found child <*> in scoreboard slot <*>,jknum_init found child num in scoreboard slot num,jknum_init found child in scoreboard slot,1
283,2005-12-04 06:23:15,notice,workerEnv.init() ok /etc/httpd/conf/workers2.properties,E2,workerEnv.init() ok <*>,workerenvinit ok etchttpdconfworkersnumproperties,workerenvinit ok,1
284,2005-12-04 06:23:15,error,mod_jk child workerEnv in error state 6,E3,mod_jk child workerEnv in error state <*>,mod_jk child workerenv in error state num,mod_jk child workerenv in error state,0
285,2005-12-04 06:30:41,notice,jk2_init() Found child 32507 in scoreboard slot 9,E1,jk2_init() Found child <*> in scoreboard slot <*>,jknum_init found child num in scoreboard slot num,jknum_init found child in scoreboard slot,1
286,2005-12-04 06:30:43,notice,workerEnv.init() ok /etc/httpd/conf/workers2.properties,E2,workerEnv.init() ok <*>,workerenvinit ok etchttpdconfworkersnumproperties,workerenvinit ok,1
287,2005-12-04 06:30:43,error,mod_jk child workerEnv in error state 6,E3,mod_jk child workerEnv in error state <*>,mod_jk child workerenv in error state num,mod_jk child workerenv in error state,0
288,2005-12-04 06:36:07,notice,jk2_init() Found child 32529 in scoreboard slot 6,E1,jk2_init() Found child <*> in scoreboard slot <*>,jknum_init found child num in scoreboard slot num,jknum_init found child in scoreboard slot,1
289,2005-12-04 06:36:07,notice,jk2_init() Found child 32528 in scoreboard slot 10,E1,jk2_init() Found child <*> in scoreboard slot <*>,jknum_init found child num in scoreboard slot num,jknum_init found child in scoreboard slot,1
290,2005-12-04 06:36:10,notice,workerEnv.init() ok /etc/httpd/conf/workers2.properties,E2,workerEnv.init() ok <*>,workerenvinit ok etchttpdconfworkersnumproperties,workerenvinit ok,1
291,2005-12-04 06:36:10,error,mod_jk child workerEnv in error state 6,E3,mod_jk child workerEnv in error state <*>,mod_jk child workerenv in error state num,mod_jk child workerenv in error state,0
292,2005-12-04 06:36:10,notice,workerEnv.init() ok /etc/httpd/conf/workers2.properties,E2,workerEnv.init() ok <*>,workerenvinit ok etchttpdconfworkersnumproperties,workerenvinit ok,1
293,2005-12-04 06:36:10,error,mod_jk child workerEnv in error state 6,E3,mod_jk child workerEnv in error state <*>,mod_jk child workerenv in error state num,mod_jk child workerenv in error state,0
294,2005-12-04 06:40:54,notice,jk2_init() Found child 32548 in scoreboard slot 9,E1,jk2_init() Found child <*> in scoreboard slot <*>,jknum_init found child num in scoreboard slot num,jknum_init found child in scoreboard slot,1
295,2005-12-04 06:40:54,notice,jk2_init() Found child 32546 in scoreboard slot 8,E1,jk2_init() Found child <*> in scoreboard slot <*>,jknum_init found child num in scoreboard slot num,jknum_init found child in scoreboard slot,1
296,2005-12-04 06:40:55,notice,jk2_init() Found child 32547 in scoreboard slot 7,E1,jk2_init() Found child <*> in scoreboard slot <*>,jknum_init found child num in scoreboard slot num,jknum_init found child in scoreboard slot,1
297,2005-12-04 06:41:04,notice,workerEnv.init() ok /etc/httpd/conf/workers2.properties,E2,workerEnv.init() ok <*>,workerenvinit ok etchttpdconfworkersnumproperties,workerenvinit ok,1
298,2005-12-04 06:41:04,notice,workerEnv.init() ok /etc/httpd/conf/workers2.properties,E2,workerEnv.init() ok <*>,workerenvinit ok etchttpdconfworkersnumproperties,workerenvinit ok,1
299,2005-12-04 06:41:04,notice,workerEnv.init() ok /etc/httpd/conf/workers2.properties,E2,workerEnv.init() ok <*>,workerenvinit ok etchttpdconfworkersnumproperties,workerenvinit ok,1
300,2005-12-04 06:41:07,error,mod_jk child workerEnv in error state 6,E3,mod_jk child workerEnv in error state <*>,mod_jk child workerenv in error state num,mod_jk child workerenv in error state,0
301,2005-12-04 06:41:08,error,mod_jk child workerEnv in error state 6,E3,mod_jk child workerEnv in error state <*>,mod_jk child workerenv in error state num,mod_jk child workerenv in error state,0
302,2005-12-04 06:41:08,error,mod_jk child workerEnv in error state 6,E3,mod_jk child workerEnv in error state <*>,mod_jk child workerenv in error state num,mod_jk child workerenv in error state,0
303,2005-12-04 06:41:29,notice,jk2_init() Found child 32549 in scoreboard slot 10,E1,jk2_init() Found child <*> in scoreboard slot <*>,jknum_init found child num in scoreboard slot num,jknum_init found child in scoreboard slot,1
304,2005-12-04 06:41:29,notice,jk2_init() Found child 32550 in scoreboard slot 6,E1,jk2_init() Found child <*> in scoreboard slot <*>,jknum_init found child num in scoreboard slot num,jknum_init found child in scoreboard slot,1
305,2005-12-04 06:41:45,notice,workerEnv.init() ok /etc/httpd/conf/workers2.properties,E2,workerEnv.init() ok <*>,workerenvinit ok etchttpdconfworkersnumproperties,workerenvinit ok,1
306,2005-12-04 06:41:45,notice,workerEnv.init() ok /etc/httpd/conf/workers2.properties,E2,workerEnv.init() ok <*>,workerenvinit ok etchttpdconfworkersnumproperties,workerenvinit ok,1
307,2005-12-04 06:41:46,error,mod_jk child workerEnv in error state 6,E3,mod_jk child workerEnv in error state <*>,mod_jk child workerenv in error state num,mod_jk child workerenv in error state,0
308,2005-12-04 06:41:46,error,mod_jk child workerEnv in error state 6,E3,mod_jk child workerEnv in error state <*>,mod_jk child workerenv in error state num,mod_jk child workerenv in error state,0
309,2005-12-04 06:42:11,notice,jk2_init() Found child 32551 in scoreboard slot 8,E1,jk2_init() Found child <*> in scoreboard slot <*>,jknum_init found child num in scoreboard slot num,jknum_init found child in scoreboard slot,1
310,2005-12-04 06:42:11,notice,jk2_init() Found child 32552 in scoreboard slot 7,E1,jk2_init() Found child <*> in scoreboard slot <*>,jknum_init found child num in scoreboard slot num,jknum_init found child in scoreboard slot,1
311,2005-12-04 06:42:25,notice,workerEnv.init() ok /etc/httpd/conf/workers2.properties,E2,workerEnv.init() ok <*>,workerenvinit ok etchttpdconfworkersnumproperties,workerenvinit ok,1
312,2005-12-04 06:42:23,notice,jk2_init() Found child 32554 in scoreboard slot 10,E1,jk2_init() Found child <*> in scoreboard slot <*>,jknum_init found child num in scoreboard slot num,jknum_init found child in scoreboard slot,1
313,2005-12-04 06:42:25,notice,workerEnv.init() ok /etc/httpd/conf/workers2.properties,E2,workerEnv.init() ok <*>,workerenvinit ok etchttpdconfworkersnumproperties,workerenvinit ok,1
314,2005-12-04 06:42:23,notice,jk2_init() Found child 32553 in scoreboard slot 9,E1,jk2_init() Found child <*> in scoreboard slot <*>,jknum_init found child num in scoreboard slot num,jknum_init found child in scoreboard slot,1
315,2005-12-04 06:42:30,error,mod_jk child workerEnv in error state 6,E3,mod_jk child workerEnv in error state <*>,mod_jk child workerenv in error state num,mod_jk child workerenv in error state,0
316,2005-12-04 06:42:30,error,mod_jk child workerEnv in error state 6,E3,mod_jk child workerEnv in error state <*>,mod_jk child workerenv in error state num,mod_jk child workerenv in error state,0
317,2005-12-04 06:42:53,notice,workerEnv.init() ok /etc/httpd/conf/workers2.properties,E2,workerEnv.init() ok <*>,workerenvinit ok etchttpdconfworkersnumproperties,workerenvinit ok,1
318,2005-12-04 06:42:53,notice,workerEnv.init() ok /etc/httpd/conf/workers2.properties,E2,workerEnv.init() ok <*>,workerenvinit ok etchttpdconfworkersnumproperties,workerenvinit ok,1
319,2005-12-04 06:42:58,error,mod_jk child workerEnv in error state 6,E3,mod_jk child workerEnv in error state <*>,mod_jk child workerenv in error state num,mod_jk child workerenv in error state,0
320,2005-12-04 06:42:58,error,mod_jk child workerEnv in error state 6,E3,mod_jk child workerEnv in error state <*>,mod_jk child workerenv in error state num,mod_jk child workerenv in error state,0
321,2005-12-04 06:43:20,notice,jk2_init() Found child 32556 in scoreboard slot 8,E1,jk2_init() Found child <*> in scoreboard slot <*>,jknum_init found child num in scoreboard slot num,jknum_init found child in scoreboard slot,1
322,2005-12-04 06:43:20,notice,jk2_init() Found child 32555 in scoreboard slot 6,E1,jk2_init() Found child <*> in scoreboard slot <*>,jknum_init found child num in scoreboard slot num,jknum_init found child in scoreboard slot,1
323,2005-12-04 06:43:20,notice,jk2_init() Found child 32557 in scoreboard slot 7,E1,jk2_init() Found child <*> in scoreboard slot <*>,jknum_init found child num in scoreboard slot num,jknum_init found child in scoreboard slot,1
324,2005-12-04 06:43:34,notice,workerEnv.init() ok /etc/httpd/conf/workers2.properties,E2,workerEnv.init() ok <*>,workerenvinit ok etchttpdconfworkersnumproperties,workerenvinit ok,1
325,2005-12-04 06:43:34,notice,workerEnv.init() ok /etc/httpd/conf/workers2.properties,E2,workerEnv.init() ok <*>,workerenvinit ok etchttpdconfworkersnumproperties,workerenvinit ok,1
326,2005-12-04 06:43:34,notice,workerEnv.init() ok /etc/httpd/conf/workers2.properties,E2,workerEnv.init() ok <*>,workerenvinit ok etchttpdconfworkersnumproperties,workerenvinit ok,1
327,2005-12-04 06:43:40,error,mod_jk child workerEnv in error state 6,E3,mod_jk child workerEnv in error state <*>,mod_jk child workerenv in error state num,mod_jk child workerenv in error state,0
328,2005-12-04 06:43:40,error,mod_jk child workerEnv in error state 6,E3,mod_jk child workerEnv in error state <*>,mod_jk child workerenv in error state num,mod_jk child workerenv in error state,0
329,2005-12-04 06:43:56,notice,jk2_init() Found child 32558 in scoreboard slot 9,E1,jk2_init() Found child <*> in scoreboard slot <*>,jknum_init found child num in scoreboard slot num,jknum_init found child in scoreboard slot,1
330,2005-12-04 06:44:18,notice,jk2_init() Found child 32560 in scoreboard slot 6,E1,jk2_init() Found child <*> in scoreboard slot <*>,jknum_init found child num in scoreboard slot num,jknum_init found child in scoreboard slot,1
331,2005-12-04 06:44:18,notice,jk2_init() Found child 32561 in scoreboard slot 8,E1,jk2_init() Found child <*> in scoreboard slot <*>,jknum_init found child num in scoreboard slot num,jknum_init found child in scoreboard slot,1
332,2005-12-04 06:44:39,notice,jk2_init() Found child 32563 in scoreboard slot 9,E1,jk2_init() Found child <*> in scoreboard slot <*>,jknum_init found child num in scoreboard slot num,jknum_init found child in scoreboard slot,1
333,2005-12-04 06:44:39,notice,jk2_init() Found child 32564 in scoreboard slot 10,E1,jk2_init() Found child <*> in scoreboard slot <*>,jknum_init found child num in scoreboard slot num,jknum_init found child in scoreboard slot,1
334,2005-12-04 06:44:39,notice,jk2_init() Found child 32565 in scoreboard slot 11,E1,jk2_init() Found child <*> in scoreboard slot <*>,jknum_init found child num in scoreboard slot num,jknum_init found child in scoreboard slot,1
335,2005-12-04 06:45:32,notice,jk2_init() Found child 32575 in scoreboard slot 6,E1,jk2_init() Found child <*> in scoreboard slot <*>,jknum_init found child num in scoreboard slot num,jknum_init found child in scoreboard slot,1
336,2005-12-04 06:45:32,notice,jk2_init() Found child 32576 in scoreboard slot 7,E1,jk2_init() Found child <*> in scoreboard slot <*>,jknum_init found child num in scoreboard slot num,jknum_init found child in scoreboard slot,1
337,2005-12-04 06:45:32,notice,jk2_init() Found child 32569 in scoreboard slot 9,E1,jk2_init() Found child <*> in scoreboard slot <*>,jknum_init found child num in scoreboard slot num,jknum_init found child in scoreboard slot,1
338,2005-12-04 06:45:32,notice,jk2_init() Found child 32572 in scoreboard slot 10,E1,jk2_init() Found child <*> in scoreboard slot <*>,jknum_init found child num in scoreboard slot num,jknum_init found child in scoreboard slot,1
339,2005-12-04 06:45:32,notice,jk2_init() Found child 32577 in scoreboard slot 11,E1,jk2_init() Found child <*> in scoreboard slot <*>,jknum_init found child num in scoreboard slot num,jknum_init found child in scoreboard slot,1
340,2005-12-04 06:45:50,notice,workerEnv.init() ok /etc/httpd/conf/workers2.properties,E2,workerEnv.init() ok <*>,workerenvinit ok etchttpdconfworkersnumproperties,workerenvinit ok,1
341,2005-12-04 06:45:50,notice,workerEnv.init() ok /etc/httpd/conf/workers2.properties,E2,workerEnv.init() ok <*>,workerenvinit ok etchttpdconfworkersnumproperties,workerenvinit ok,1
342,2005-12-04 06:45:57,error,mod_jk child workerEnv in error state 7,E3,mod_jk child workerEnv in error state <*>,mod_jk child workerenv in error state num,mod_jk child workerenv in error state,0
343,2005-12-04 06:46:13,notice,jk2_init() Found child 32578 in scoreboard slot 8,E1,jk2_init() Found child <*> in scoreboard slot <*>,jknum_init found child num in scoreboard slot num,jknum_init found child in scoreboard slot,1
344,2005-12-04 06:46:13,notice,jk2_init() Found child 32580 in scoreboard slot 6,E1,jk2_init() Found child <*> in scoreboard slot <*>,jknum_init found child num in scoreboard slot num,jknum_init found child in scoreboard slot,1
345,2005-12-04 06:46:12,notice,jk2_init() Found child 32581 in scoreboard slot 7,E1,jk2_init() Found child <*> in scoreboard slot <*>,jknum_init found child num in scoreboard slot num,jknum_init found child in scoreboard slot,1
346,2005-12-04 06:46:13,notice,jk2_init() Found child 32579 in scoreboard slot 9,E1,jk2_init() Found child <*> in scoreboard slot <*>,jknum_init found child num in scoreboard slot num,jknum_init found child in scoreboard slot,1
347,2005-12-04 06:46:30,notice,workerEnv.init() ok /etc/httpd/conf/workers2.properties,E2,workerEnv.init() ok <*>,workerenvinit ok etchttpdconfworkersnumproperties,workerenvinit ok,1
348,2005-12-04 06:46:30,notice,workerEnv.init() ok /etc/httpd/conf/workers2.properties,E2,workerEnv.init() ok <*>,workerenvinit ok etchttpdconfworkersnumproperties,workerenvinit ok,1
349,2005-12-04 06:46:31,error,mod_jk child workerEnv in error state 8,E3,mod_jk child workerEnv in error state <*>,mod_jk child workerenv in error state num,mod_jk child workerenv in error state,0
350,2005-12-04 06:46:31,error,mod_jk child workerEnv in error state 7,E3,mod_jk child workerEnv in error state <*>,mod_jk child workerenv in error state num,mod_jk child workerenv in error state,0
351,2005-12-04 06:46:32,notice,jk2_init() Found child 32582 in scoreboard slot 10,E1,jk2_init() Found child <*> in scoreboard slot <*>,jknum_init found child num in scoreboard slot num,jknum_init found child in scoreboard slot,1
352,2005-12-04 06:46:32,notice,jk2_init() Found child 32584 in scoreboard slot 9,E1,jk2_init() Found child <*> in scoreboard slot <*>,jknum_init found child num in scoreboard slot num,jknum_init found child in scoreboard slot,1
353,2005-12-04 06:46:32,notice,jk2_init() Found child 32583 in scoreboard slot 8,E1,jk2_init() Found child <*> in scoreboard slot <*>,jknum_init found child num in scoreboard slot num,jknum_init found child in scoreboard slot,1
354,2005-12-04 06:46:33,notice,workerEnv.init() ok /etc/httpd/conf/workers2.properties,E2,workerEnv.init() ok <*>,workerenvinit ok etchttpdconfworkersnumproperties,workerenvinit ok,1
355,2005-12-04 06:46:33,error,mod_jk child workerEnv in error state 8,E3,mod_jk child workerEnv in error state <*>,mod_jk child workerenv in error state num,mod_jk child workerenv in error state,0
356,2005-12-04 06:46:34,notice,workerEnv.init() ok /etc/httpd/conf/workers2.properties,E2,workerEnv.init() ok <*>,workerenvinit ok etchttpdconfworkersnumproperties,workerenvinit ok,1
357,2005-12-04 06:46:34,error,mod_jk child workerEnv in error state 10,E3,mod_jk child workerEnv in error state <*>,mod_jk child workerenv in error state num,mod_jk child workerenv in error state,0
358,2005-12-04 06:46:34,notice,workerEnv.init() ok /etc/httpd/conf/workers2.properties,E2,workerEnv.init() ok <*>,workerenvinit ok etchttpdconfworkersnumproperties,workerenvinit ok,1
359,2005-12-04 06:46:34,error,mod_jk child workerEnv in error state 8,E3,mod_jk child workerEnv in error state <*>,mod_jk child workerenv in error state num,mod_jk child workerenv in error state,0
360,2005-12-04 06:47:19,notice,jk2_init() Found child 32585 in scoreboard slot 6,E1,jk2_init() Found child <*> in scoreboard slot <*>,jknum_init found child num in scoreboard slot num,jknum_init found child in scoreboard slot,1
361,2005-12-04 06:47:30,notice,jk2_init() Found child 32587 in scoreboard slot 10,E1,jk2_init() Found child <*> in scoreboard slot <*>,jknum_init found child num in scoreboard slot num,jknum_init found child in scoreboard slot,1
362,2005-12-04 06:47:30,notice,jk2_init() Found child 32586 in scoreboard slot 7,E1,jk2_init() Found child <*> in scoreboard slot <*>,jknum_init found child num in scoreboard slot num,jknum_init found child in scoreboard slot,1
363,2005-12-04 06:47:34,notice,jk2_init() Found child 32588 in scoreboard slot 8,E1,jk2_init() Found child <*> in scoreboard slot <*>,jknum_init found child num in scoreboard slot num,jknum_init found child in scoreboard slot,1
364,2005-12-04 06:47:38,notice,workerEnv.init() ok /etc/httpd/conf/workers2.properties,E2,workerEnv.init() ok <*>,workerenvinit ok etchttpdconfworkersnumproperties,workerenvinit ok,1
365,2005-12-04 06:47:39,notice,workerEnv.init() ok /etc/httpd/conf/workers2.properties,E2,workerEnv.init() ok <*>,workerenvinit ok etchttpdconfworkersnumproperties,workerenvinit ok,1
366,2005-12-04 06:47:39,notice,workerEnv.init() ok /etc/httpd/conf/workers2.properties,E2,workerEnv.init() ok <*>,workerenvinit ok etchttpdconfworkersnumproperties,workerenvinit ok,1
367,2005-12-04 06:47:43,error,mod_jk child workerEnv in error state 6,E3,mod_jk child workerEnv in error state <*>,mod_jk child workerenv in error state num,mod_jk child workerenv in error state,0
368,2005-12-04 06:48:09,notice,jk2_init() Found child 32592 in scoreboard slot 10,E1,jk2_init() Found child <*> in scoreboard slot <*>,jknum_init found child num in scoreboard slot num,jknum_init found child in scoreboard slot,1
369,2005-12-04 06:48:09,notice,jk2_init() Found child 32591 in scoreboard slot 7,E1,jk2_init() Found child <*> in scoreboard slot <*>,jknum_init found child num in scoreboard slot num,jknum_init found child in scoreboard slot,1
370,2005-12-04 06:48:22,notice,jk2_init() Found child 32594 in scoreboard slot 6,E1,jk2_init() Found child <*> in scoreboard slot <*>,jknum_init found child num in scoreboard slot num,jknum_init found child in scoreboard slot,1
371,2005-12-04 06:48:22,notice,jk2_init() Found child 32593 in scoreboard slot 8,E1,jk2_init() Found child <*> in scoreboard slot <*>,jknum_init found child num in scoreboard slot num,jknum_init found child in scoreboard slot,1
372,2005-12-04 06:48:48,notice,jk2_init() Found child 32597 in scoreboard slot 10,E1,jk2_init() Found child <*> in scoreboard slot <*>,jknum_init found child num in scoreboard slot num,jknum_init found child in scoreboard slot,1
373,2005-12-04 06:49:06,notice,jk2_init() Found child 32600 in scoreboard slot 9,E1,jk2_init() Found child <*> in scoreboard slot <*>,jknum_init found child num in scoreboard slot num,jknum_init found child in scoreboard slot,1
374,2005-12-04 06:49:06,notice,jk2_init() Found child 32601 in scoreboard slot 7,E1,jk2_init() Found child <*> in scoreboard slot <*>,jknum_init found child num in scoreboard slot num,jknum_init found child in scoreboard slot,1
375,2005-12-04 06:49:23,notice,workerEnv.init() ok /etc/httpd/conf/workers2.properties,E2,workerEnv.init() ok <*>,workerenvinit ok etchttpdconfworkersnumproperties,workerenvinit ok,1
376,2005-12-04 06:49:24,error,mod_jk child workerEnv in error state 8,E3,mod_jk child workerEnv in error state <*>,mod_jk child workerenv in error state num,mod_jk child workerenv in error state,0
377,2005-12-04 06:49:40,notice,jk2_init() Found child 32605 in scoreboard slot 9,E1,jk2_init() Found child <*> in scoreboard slot <*>,jknum_init found child num in scoreboard slot num,jknum_init found child in scoreboard slot,1
378,2005-12-04 06:49:40,notice,jk2_init() Found child 32604 in scoreboard slot 6,E1,jk2_init() Found child <*> in scoreboard slot <*>,jknum_init found child num in scoreboard slot num,jknum_init found child in scoreboard slot,1
379,2005-12-04 06:51:13,notice,jk2_init() Found child 32622 in scoreboard slot 7,E1,jk2_init() Found child <*> in scoreboard slot <*>,jknum_init found child num in scoreboard slot num,jknum_init found child in scoreboard slot,1
380,2005-12-04 06:51:14,notice,jk2_init() Found child 32623 in scoreboard slot 11,E1,jk2_init() Found child <*> in scoreboard slot <*>,jknum_init found child num in scoreboard slot num,jknum_init found child in scoreboard slot,1
381,2005-12-04 06:51:13,notice,jk2_init() Found child 32624 in scoreboard slot 8,E1,jk2_init() Found child <*> in scoreboard slot <*>,jknum_init found child num in scoreboard slot num,jknum_init found child in scoreboard slot,1
382,2005-12-04 06:51:13,notice,jk2_init() Found child 32621 in scoreboard slot 9,E1,jk2_init() Found child <*> in scoreboard slot <*>,jknum_init found child num in scoreboard slot num,jknum_init found child in scoreboard slot,1
383,2005-12-04 06:51:23,notice,workerEnv.init() ok /etc/httpd/conf/workers2.properties,E2,workerEnv.init() ok <*>,workerenvinit ok etchttpdconfworkersnumproperties,workerenvinit ok,1
384,2005-12-04 06:51:23,error,mod_jk child workerEnv in error state 7,E3,mod_jk child workerEnv in error state <*>,mod_jk child workerenv in error state num,mod_jk child workerenv in error state,0
385,2005-12-04 06:51:23,notice,workerEnv.init() ok /etc/httpd/conf/workers2.properties,E2,workerEnv.init() ok <*>,workerenvinit ok etchttpdconfworkersnumproperties,workerenvinit ok,1
386,2005-12-04 06:51:23,error,mod_jk child workerEnv in error state 6,E3,mod_jk child workerEnv in error state <*>,mod_jk child workerenv in error state num,mod_jk child workerenv in error state,0
387,2005-12-04 06:51:23,notice,workerEnv.init() ok /etc/httpd/conf/workers2.properties,E2,workerEnv.init() ok <*>,workerenvinit ok etchttpdconfworkersnumproperties,workerenvinit ok,1
388,2005-12-04 06:51:23,error,mod_jk child workerEnv in error state 8,E3,mod_jk child workerEnv in error state <*>,mod_jk child workerenv in error state num,mod_jk child workerenv in error state,0
389,2005-12-04 06:51:23,notice,workerEnv.init() ok /etc/httpd/conf/workers2.properties,E2,workerEnv.init() ok <*>,workerenvinit ok etchttpdconfworkersnumproperties,workerenvinit ok,1
390,2005-12-04 06:51:23,error,mod_jk child workerEnv in error state 6,E3,mod_jk child workerEnv in error state <*>,mod_jk child workerenv in error state num,mod_jk child workerenv in error state,0
391,2005-12-04 06:51:25,notice,jk2_init() Found child 32626 in scoreboard slot 6,E1,jk2_init() Found child <*> in scoreboard slot <*>,jknum_init found child num in scoreboard slot num,jknum_init found child in scoreboard slot,1
392,2005-12-04 06:51:26,notice,workerEnv.init() ok /etc/httpd/conf/workers2.properties,E2,workerEnv.init() ok <*>,workerenvinit ok etchttpdconfworkersnumproperties,workerenvinit ok,1
393,2005-12-04 06:51:26,error,mod_jk child workerEnv in error state 9,E3,mod_jk child workerEnv in error state <*>,mod_jk child workerenv in error state num,mod_jk child workerenv in error state,0
394,2005-12-04 06:52:07,notice,jk2_init() Found child 32627 in scoreboard slot 9,E1,jk2_init() Found child <*> in scoreboard slot <*>,jknum_init found child num in scoreboard slot num,jknum_init found child in scoreboard slot,1
395,2005-12-04 06:52:08,notice,jk2_init() Found child 32628 in scoreboard slot 7,E1,jk2_init() Found child <*> in scoreboard slot <*>,jknum_init found child num in scoreboard slot num,jknum_init found child in scoreboard slot,1
396,2005-12-04 06:52:13,notice,workerEnv.init() ok /etc/httpd/conf/workers2.properties,E2,workerEnv.init() ok <*>,workerenvinit ok etchttpdconfworkersnumproperties,workerenvinit ok,1
397,2005-12-04 06:52:14,notice,workerEnv.init() ok /etc/httpd/conf/workers2.properties,E2,workerEnv.init() ok <*>,workerenvinit ok etchttpdconfworkersnumproperties,workerenvinit ok,1
398,2005-12-04 06:52:15,error,mod_jk child workerEnv in error state 6,E3,mod_jk child workerEnv in error state <*>,mod_jk child workerenv in error state num,mod_jk child workerenv in error state,0
399,2005-12-04 06:52:15,error,mod_jk child workerEnv in error state 6,E3,mod_jk child workerEnv in error state <*>,mod_jk child workerenv in error state num,mod_jk child workerenv in error state,0
400,2005-12-04 06:52:27,notice,jk2_init() Found child 32630 in scoreboard slot 8,E1,jk2_init() Found child <*> in scoreboard slot <*>,jknum_init found child num in scoreboard slot num,jknum_init found child in scoreboard slot,1
401,2005-12-04 06:52:27,notice,jk2_init() Found child 32629 in scoreboard slot 10,E1,jk2_init() Found child <*> in scoreboard slot <*>,jknum_init found child num in scoreboard slot num,jknum_init found child in scoreboard slot,1
402,2005-12-04 06:52:39,notice,workerEnv.init() ok /etc/httpd/conf/workers2.properties,E2,workerEnv.init() ok <*>,workerenvinit ok etchttpdconfworkersnumproperties,workerenvinit ok,1
403,2005-12-04 06:52:39,notice,workerEnv.init() ok /etc/httpd/conf/workers2.properties,E2,workerEnv.init() ok <*>,workerenvinit ok etchttpdconfworkersnumproperties,workerenvinit ok,1
404,2005-12-04 06:52:41,error,mod_jk child workerEnv in error state 9,E3,mod_jk child workerEnv in error state <*>,mod_jk child workerenv in error state num,mod_jk child workerenv in error state,0
405,2005-12-04 06:52:41,error,mod_jk child workerEnv in error state 6,E3,mod_jk child workerEnv in error state <*>,mod_jk child workerenv in error state num,mod_jk child workerenv in error state,0
406,2005-12-04 06:53:04,notice,jk2_init() Found child 32633 in scoreboard slot 9,E1,jk2_init() Found child <*> in scoreboard slot <*>,jknum_init found child num in scoreboard slot num,jknum_init found child in scoreboard slot,1
407,2005-12-04 06:53:04,notice,jk2_init() Found child 32634 in scoreboard slot 11,E1,jk2_init() Found child <*> in scoreboard slot <*>,jknum_init found child num in scoreboard slot num,jknum_init found child in scoreboard slot,1
408,2005-12-04 06:53:04,notice,jk2_init() Found child 32632 in scoreboard slot 7,E1,jk2_init() Found child <*> in scoreboard slot <*>,jknum_init found child num in scoreboard slot num,jknum_init found child in scoreboard slot,1
409,2005-12-04 06:53:23,notice,workerEnv.init() ok /etc/httpd/conf/workers2.properties,E2,workerEnv.init() ok <*>,workerenvinit ok etchttpdconfworkersnumproperties,workerenvinit ok,1
410,2005-12-04 06:53:26,error,mod_jk child workerEnv in error state 6,E3,mod_jk child workerEnv in error state <*>,mod_jk child workerenv in error state num,mod_jk child workerenv in error state,0
411,2005-12-04 06:53:38,notice,jk2_init() Found child 32636 in scoreboard slot 6,E1,jk2_init() Found child <*> in scoreboard slot <*>,jknum_init found child num in scoreboard slot num,jknum_init found child in scoreboard slot,1
412,2005-12-04 06:53:37,notice,jk2_init() Found child 32637 in scoreboard slot 7,E1,jk2_init() Found child <*> in scoreboard slot <*>,jknum_init found child num in scoreboard slot num,jknum_init found child in scoreboard slot,1
413,2005-12-04 06:53:37,notice,jk2_init() Found child 32638 in scoreboard slot 9,E1,jk2_init() Found child <*> in scoreboard slot <*>,jknum_init found child num in scoreboard slot num,jknum_init found child in scoreboard slot,1
414,2005-12-04 06:54:04,notice,jk2_init() Found child 32640 in scoreboard slot 8,E1,jk2_init() Found child <*> in scoreboard slot <*>,jknum_init found child num in scoreboard slot num,jknum_init found child in scoreboard slot,1
415,2005-12-04 06:54:04,notice,jk2_init() Found child 32641 in scoreboard slot 6,E1,jk2_init() Found child <*> in scoreboard slot <*>,jknum_init found child num in scoreboard slot num,jknum_init found child in scoreboard slot,1
416,2005-12-04 06:54:04,notice,jk2_init() Found child 32642 in scoreboard slot 7,E1,jk2_init() Found child <*> in scoreboard slot <*>,jknum_init found child num in scoreboard slot num,jknum_init found child in scoreboard slot,1
417,2005-12-04 06:54:35,notice,jk2_init() Found child 32646 in scoreboard slot 6,E1,jk2_init() Found child <*> in scoreboard slot <*>,jknum_init found child num in scoreboard slot num,jknum_init found child in scoreboard slot,1
418,2005-12-04 06:55:00,notice,jk2_init() Found child 32648 in scoreboard slot 9,E1,jk2_init() Found child <*> in scoreboard slot <*>,jknum_init found child num in scoreboard slot num,jknum_init found child in scoreboard slot,1
419,2005-12-04 06:55:00,notice,jk2_init() Found child 32652 in scoreboard slot 7,E1,jk2_init() Found child <*> in scoreboard slot <*>,jknum_init found child num in scoreboard slot num,jknum_init found child in scoreboard slot,1
420,2005-12-04 06:55:00,notice,jk2_init() Found child 32649 in scoreboard slot 10,E1,jk2_init() Found child <*> in scoreboard slot <*>,jknum_init found child num in scoreboard slot num,jknum_init found child in scoreboard slot,1
421,2005-12-04 06:55:00,notice,jk2_init() Found child 32651 in scoreboard slot 6,E1,jk2_init() Found child <*> in scoreboard slot <*>,jknum_init found child num in scoreboard slot num,jknum_init found child in scoreboard slot,1
422,2005-12-04 06:55:00,notice,jk2_init() Found child 32650 in scoreboard slot 8,E1,jk2_init() Found child <*> in scoreboard slot <*>,jknum_init found child num in scoreboard slot num,jknum_init found child in scoreboard slot,1
423,2005-12-04 06:55:19,notice,workerEnv.init() ok /etc/httpd/conf/workers2.properties,E2,workerEnv.init() ok <*>,workerenvinit ok etchttpdconfworkersnumproperties,workerenvinit ok,1
424,2005-12-04 06:55:19,notice,workerEnv.init() ok /etc/httpd/conf/workers2.properties,E2,workerEnv.init() ok <*>,workerenvinit ok etchttpdconfworkersnumproperties,workerenvinit ok,1
425,2005-12-04 06:55:19,notice,workerEnv.init() ok /etc/httpd/conf/workers2.properties,E2,workerEnv.init() ok <*>,workerenvinit ok etchttpdconfworkersnumproperties,workerenvinit ok,1
426,2005-12-04 06:55:23,error,mod_jk child workerEnv in error state 6,E3,mod_jk child workerEnv in error state <*>,mod_jk child workerenv in error state num,mod_jk child workerenv in error state,0
427,2005-12-04 06:55:23,error,mod_jk child workerEnv in error state 8,E3,mod_jk child workerEnv in error state <*>,mod_jk child workerenv in error state num,mod_jk child workerenv in error state,0
428,2005-12-04 06:55:23,error,mod_jk child workerEnv in error state 9,E3,mod_jk child workerEnv in error state <*>,mod_jk child workerenv in error state num,mod_jk child workerenv in error state,0
429,2005-12-04 06:55:55,notice,jk2_init() Found child 32660 in scoreboard slot 6,E1,jk2_init() Found child <*> in scoreboard slot <*>,jknum_init found child num in scoreboard slot num,jknum_init found child in scoreboard slot,1
430,2005-12-04 06:55:54,notice,jk2_init() Found child 32658 in scoreboard slot 10,E1,jk2_init() Found child <*> in scoreboard slot <*>,jknum_init found child num in scoreboard slot num,jknum_init found child in scoreboard slot,1
431,2005-12-04 06:55:54,notice,jk2_init() Found child 32659 in scoreboard slot 8,E1,jk2_init() Found child <*> in scoreboard slot <*>,jknum_init found child num in scoreboard slot num,jknum_init found child in scoreboard slot,1
432,2005-12-04 06:55:54,notice,jk2_init() Found child 32657 in scoreboard slot 9,E1,jk2_init() Found child <*> in scoreboard slot <*>,jknum_init found child num in scoreboard slot num,jknum_init found child in scoreboard slot,1
433,2005-12-04 06:56:10,notice,workerEnv.init() ok /etc/httpd/conf/workers2.properties,E2,workerEnv.init() ok <*>,workerenvinit ok etchttpdconfworkersnumproperties,workerenvinit ok,1
434,2005-12-04 06:56:17,error,mod_jk child workerEnv in error state 6,E3,mod_jk child workerEnv in error state <*>,mod_jk child workerenv in error state num,mod_jk child workerenv in error state,0
435,2005-12-04 06:56:37,notice,jk2_init() Found child 32663 in scoreboard slot 10,E1,jk2_init() Found child <*> in scoreboard slot <*>,jknum_init found child num in scoreboard slot num,jknum_init found child in scoreboard slot,1
436,2005-12-04 06:56:37,notice,jk2_init() Found child 32664 in scoreboard slot 8,E1,jk2_init() Found child <*> in scoreboard slot <*>,jknum_init found child num in scoreboard slot num,jknum_init found child in scoreboard slot,1
437,2005-12-04 06:57:19,notice,jk2_init() Found child 32670 in scoreboard slot 6,E1,jk2_init() Found child <*> in scoreboard slot <*>,jknum_init found child num in scoreboard slot num,jknum_init found child in scoreboard slot,1
438,2005-12-04 06:57:19,notice,jk2_init() Found child 32667 in scoreboard slot 9,E1,jk2_init() Found child <*> in scoreboard slot <*>,jknum_init found child num in scoreboard slot num,jknum_init found child in scoreboard slot,1
439,2005-12-04 06:57:19,notice,jk2_init() Found child 32668 in scoreboard slot 10,E1,jk2_init() Found child <*> in scoreboard slot <*>,jknum_init found child num in scoreboard slot num,jknum_init found child in scoreboard slot,1
440,2005-12-04 06:57:19,notice,jk2_init() Found child 32669 in scoreboard slot 8,E1,jk2_init() Found child <*> in scoreboard slot <*>,jknum_init found child num in scoreboard slot num,jknum_init found child in scoreboard slot,1
441,2005-12-04 06:57:19,notice,jk2_init() Found child 32671 in scoreboard slot 7,E1,jk2_init() Found child <*> in scoreboard slot <*>,jknum_init found child num in scoreboard slot num,jknum_init found child in scoreboard slot,1
442,2005-12-04 06:57:23,notice,workerEnv.init() ok /etc/httpd/conf/workers2.properties,E2,workerEnv.init() ok <*>,workerenvinit ok etchttpdconfworkersnumproperties,workerenvinit ok,1
443,2005-12-04 06:57:23,notice,workerEnv.init() ok /etc/httpd/conf/workers2.properties,E2,workerEnv.init() ok <*>,workerenvinit ok etchttpdconfworkersnumproperties,workerenvinit ok,1
444,2005-12-04 06:57:23,error,mod_jk child workerEnv in error state 6,E3,mod_jk child workerEnv in error state <*>,mod_jk child workerenv in error state num,mod_jk child workerenv in error state,0
445,2005-12-04 06:57:23,error,mod_jk child workerEnv in error state 6,E3,mod_jk child workerEnv in error state <*>,mod_jk child workerenv in error state num,mod_jk child workerenv in error state,0
446,2005-12-04 06:57:23,notice,workerEnv.init() ok /etc/httpd/conf/workers2.properties,E2,workerEnv.init() ok <*>,workerenvinit ok etchttpdconfworkersnumproperties,workerenvinit ok,1
447,2005-12-04 06:57:23,error,mod_jk child workerEnv in error state 9,E3,mod_jk child workerEnv in error state <*>,mod_jk child workerenv in error state num,mod_jk child workerenv in error state,0
448,2005-12-04 06:57:23,notice,workerEnv.init() ok /etc/httpd/conf/workers2.properties,E2,workerEnv.init() ok <*>,workerenvinit ok etchttpdconfworkersnumproperties,workerenvinit ok,1
449,2005-12-04 06:57:23,error,mod_jk child workerEnv in error state 8,E3,mod_jk child workerEnv in error state <*>,mod_jk child workerenv in error state num,mod_jk child workerenv in error state,0
450,2005-12-04 06:57:24,notice,workerEnv.init() ok /etc/httpd/conf/workers2.properties,E2,workerEnv.init() ok <*>,workerenvinit ok etchttpdconfworkersnumproperties,workerenvinit ok,1
451,2005-12-04 06:57:24,error,mod_jk child workerEnv in error state 9,E3,mod_jk child workerEnv in error state <*>,mod_jk child workerenv in error state num,mod_jk child workerenv in error state,0
452,2005-12-04 06:58:12,notice,jk2_init() Found child 32674 in scoreboard slot 8,E1,jk2_init() Found child <*> in scoreboard slot <*>,jknum_init found child num in scoreboard slot num,jknum_init found child in scoreboard slot,1
453,2005-12-04 06:58:13,notice,jk2_init() Found child 32672 in scoreboard slot 9,E1,jk2_init() Found child <*> in scoreboard slot <*>,jknum_init found child num in scoreboard slot num,jknum_init found child in scoreboard slot,1
454,2005-12-04 06:58:13,notice,jk2_init() Found child 32673 in scoreboard slot 10,E1,jk2_init() Found child <*> in scoreboard slot <*>,jknum_init found child num in scoreboard slot num,jknum_init found child in scoreboard slot,1
455,2005-12-04 06:58:27,notice,jk2_init() Found child 32675 in scoreboard slot 6,E1,jk2_init() Found child <*> in scoreboard slot <*>,jknum_init found child num in scoreboard slot num,jknum_init found child in scoreboard slot,1
456,2005-12-04 06:58:28,notice,workerEnv.init() ok /etc/httpd/conf/workers2.properties,E2,workerEnv.init() ok <*>,workerenvinit ok etchttpdconfworkersnumproperties,workerenvinit ok,1
457,2005-12-04 06:58:28,notice,workerEnv.init() ok /etc/httpd/conf/workers2.properties,E2,workerEnv.init() ok <*>,workerenvinit ok etchttpdconfworkersnumproperties,workerenvinit ok,1
458,2005-12-04 06:58:29,error,mod_jk child workerEnv in error state 6,E3,mod_jk child workerEnv in error state <*>,mod_jk child workerenv in error state num,mod_jk child workerenv in error state,0
459,2005-12-04 06:58:29,error,mod_jk child workerEnv in error state 6,E3,mod_jk child workerEnv in error state <*>,mod_jk child workerenv in error state num,mod_jk child workerenv in error state,0
460,2005-12-04 06:58:51,notice,workerEnv.init() ok /etc/httpd/conf/workers2.properties,E2,workerEnv.init() ok <*>,workerenvinit ok etchttpdconfworkersnumproperties,workerenvinit ok,1
461,2005-12-04 06:58:53,error,mod_jk child workerEnv in error state 6,E3,mod_jk child workerEnv in error state <*>,mod_jk child workerenv in error state num,mod_jk child workerenv in error state,0
462,2005-12-04 06:58:54,notice,jk2_init() Found child 32677 in scoreboard slot 7,E1,jk2_init() Found child <*> in scoreboard slot <*>,jknum_init found child num in scoreboard slot num,jknum_init found child in scoreboard slot,1
463,2005-12-04 06:58:54,notice,jk2_init() Found child 32676 in scoreboard slot 9,E1,jk2_init() Found child <*> in scoreboard slot <*>,jknum_init found child num in scoreboard slot num,jknum_init found child in scoreboard slot,1
464,2005-12-04 06:58:54,notice,jk2_init() Found child 32678 in scoreboard slot 10,E1,jk2_init() Found child <*> in scoreboard slot <*>,jknum_init found child num in scoreboard slot num,jknum_init found child in scoreboard slot,1
465,2005-12-04 06:59:28,notice,jk2_init() Found child 32679 in scoreboard slot 8,E1,jk2_init() Found child <*> in scoreboard slot <*>,jknum_init found child num in scoreboard slot num,jknum_init found child in scoreboard slot,1
466,2005-12-04 06:59:28,notice,jk2_init() Found child 32680 in scoreboard slot 6,E1,jk2_init() Found child <*> in scoreboard slot <*>,jknum_init found child num in scoreboard slot num,jknum_init found child in scoreboard slot,1
467,2005-12-04 06:59:34,notice,jk2_init() Found child 32681 in scoreboard slot 9,E1,jk2_init() Found child <*> in scoreboard slot <*>,jknum_init found child num in scoreboard slot num,jknum_init found child in scoreboard slot,1
468,2005-12-04 06:59:34,notice,jk2_init() Found child 32682 in scoreboard slot 7,E1,jk2_init() Found child <*> in scoreboard slot <*>,jknum_init found child num in scoreboard slot num,jknum_init found child in scoreboard slot,1
469,2005-12-04 06:59:38,notice,workerEnv.init() ok /etc/httpd/conf/workers2.properties,E2,workerEnv.init() ok <*>,workerenvinit ok etchttpdconfworkersnumproperties,workerenvinit ok,1
470,2005-12-04 06:59:40,error,mod_jk child workerEnv in error state 6,E3,mod_jk child workerEnv in error state <*>,mod_jk child workerenv in error state num,mod_jk child workerenv in error state,0
471,2005-12-04 06:59:45,notice,workerEnv.init() ok /etc/httpd/conf/workers2.properties,E2,workerEnv.init() ok <*>,workerenvinit ok etchttpdconfworkersnumproperties,workerenvinit ok,1
472,2005-12-04 06:59:45,notice,workerEnv.init() ok /etc/httpd/conf/workers2.properties,E2,workerEnv.init() ok <*>,workerenvinit ok etchttpdconfworkersnumproperties,workerenvinit ok,1
473,2005-12-04 06:59:47,error,mod_jk child workerEnv in error state 8,E3,mod_jk child workerEnv in error state <*>,mod_jk child workerenv in error state num,mod_jk child workerenv in error state,0
474,2005-12-04 06:59:47,error,mod_jk child workerEnv in error state 7,E3,mod_jk child workerEnv in error state <*>,mod_jk child workerenv in error state num,mod_jk child workerenv in error state,0
475,2005-12-04 06:59:59,notice,jk2_init() Found child 32683 in scoreboard slot 10,E1,jk2_init() Found child <*> in scoreboard slot <*>,jknum_init found child num in scoreboard slot num,jknum_init found child in scoreboard slot,1
476,2005-12-04 07:00:06,notice,jk2_init() Found child 32685 in scoreboard slot 6,E1,jk2_init() Found child <*> in scoreboard slot <*>,jknum_init found child num in scoreboard slot num,jknum_init found child in scoreboard slot,1
477,2005-12-04 07:00:32,notice,jk2_init() Found child 32688 in scoreboard slot 11,E1,jk2_init() Found child <*> in scoreboard slot <*>,jknum_init found child num in scoreboard slot num,jknum_init found child in scoreboard slot,1
478,2005-12-04 07:00:32,notice,jk2_init() Found child 32695 in scoreboard slot 8,E1,jk2_init() Found child <*> in scoreboard slot <*>,jknum_init found child num in scoreboard slot num,jknum_init found child in scoreboard slot,1
479,2005-12-04 07:00:32,notice,jk2_init() Found child 32696 in scoreboard slot 6,E1,jk2_init() Found child <*> in scoreboard slot <*>,jknum_init found child num in scoreboard slot num,jknum_init found child in scoreboard slot,1
480,2005-12-04 07:01:25,notice,jk2_init() Found child 32701 in scoreboard slot 10,E1,jk2_init() Found child <*> in scoreboard slot <*>,jknum_init found child num in scoreboard slot num,jknum_init found child in scoreboard slot,1
481,2005-12-04 07:01:26,notice,jk2_init() Found child 32702 in scoreboard slot 11,E1,jk2_init() Found child <*> in scoreboard slot <*>,jknum_init found child num in scoreboard slot num,jknum_init found child in scoreboard slot,1
482,2005-12-04 07:01:55,notice,jk2_init() Found child 32711 in scoreboard slot 10,E1,jk2_init() Found child <*> in scoreboard slot <*>,jknum_init found child num in scoreboard slot num,jknum_init found child in scoreboard slot,1
483,2005-12-04 07:01:55,notice,jk2_init() Found child 32708 in scoreboard slot 7,E1,jk2_init() Found child <*> in scoreboard slot <*>,jknum_init found child num in scoreboard slot num,jknum_init found child in scoreboard slot,1
484,2005-12-04 07:01:55,notice,jk2_init() Found child 32710 in scoreboard slot 9,E1,jk2_init() Found child <*> in scoreboard slot <*>,jknum_init found child num in scoreboard slot num,jknum_init found child in scoreboard slot,1
485,2005-12-04 07:01:55,notice,jk2_init() Found child 32709 in scoreboard slot 8,E1,jk2_init() Found child <*> in scoreboard slot <*>,jknum_init found child num in scoreboard slot num,jknum_init found child in scoreboard slot,1
486,2005-12-04 07:01:57,notice,jk2_init() Found child 32712 in scoreboard slot 6,E1,jk2_init() Found child <*> in scoreboard slot <*>,jknum_init found child num in scoreboard slot num,jknum_init found child in scoreboard slot,1
487,2005-12-04 07:02:01,notice,workerEnv.init() ok /etc/httpd/conf/workers2.properties,E2,workerEnv.init() ok <*>,workerenvinit ok etchttpdconfworkersnumproperties,workerenvinit ok,1
488,2005-12-04 07:02:01,notice,workerEnv.init() ok /etc/httpd/conf/workers2.properties,E2,workerEnv.init() ok <*>,workerenvinit ok etchttpdconfworkersnumproperties,workerenvinit ok,1
489,2005-12-04 07:02:01,notice,workerEnv.init() ok /etc/httpd/conf/workers2.properties,E2,workerEnv.init() ok <*>,workerenvinit ok etchttpdconfworkersnumproperties,workerenvinit ok,1
490,2005-12-04 07:02:01,notice,workerEnv.init() ok /etc/httpd/conf/workers2.properties,E2,workerEnv.init() ok <*>,workerenvinit ok etchttpdconfworkersnumproperties,workerenvinit ok,1
491,2005-12-04 07:02:01,notice,workerEnv.init() ok /etc/httpd/conf/workers2.properties,E2,workerEnv.init() ok <*>,workerenvinit ok etchttpdconfworkersnumproperties,workerenvinit ok,1
492,2005-12-04 07:02:03,error,mod_jk child workerEnv in error state 9,E3,mod_jk child workerEnv in error state <*>,mod_jk child workerenv in error state num,mod_jk child workerenv in error state,0
493,2005-12-04 07:02:03,error,mod_jk child workerEnv in error state 8,E3,mod_jk child workerEnv in error state <*>,mod_jk child workerenv in error state num,mod_jk child workerenv in error state,0
494,2005-12-04 07:02:03,error,mod_jk child workerEnv in error state 8,E3,mod_jk child workerEnv in error state <*>,mod_jk child workerenv in error state num,mod_jk child workerenv in error state,0
495,2005-12-04 07:02:03,error,mod_jk child workerEnv in error state 6,E3,mod_jk child workerEnv in error state <*>,mod_jk child workerenv in error state num,mod_jk child workerenv in error state,0
496,2005-12-04 07:02:03,error,mod_jk child workerEnv in error state 6,E3,mod_jk child workerEnv in error state <*>,mod_jk child workerenv in error state num,mod_jk child workerenv in error state,0
497,2005-12-04 07:02:52,notice,jk2_init() Found child 32713 in scoreboard slot 7,E1,jk2_init() Found child <*> in scoreboard slot <*>,jknum_init found child num in scoreboard slot num,jknum_init found child in scoreboard slot,1
498,2005-12-04 07:03:23,notice,jk2_init() Found child 32717 in scoreboard slot 10,E1,jk2_init() Found child <*> in scoreboard slot <*>,jknum_init found child num in scoreboard slot num,jknum_init found child in scoreboard slot,1
499,2005-12-04 07:03:48,notice,jk2_init() Found child 32720 in scoreboard slot 8,E1,jk2_init() Found child <*> in scoreboard slot <*>,jknum_init found child num in scoreboard slot num,jknum_init found child in scoreboard slot,1
500,2005-12-04 07:04:27,notice,jk2_init() Found child 32726 in scoreboard slot 8,E1,jk2_init() Found child <*> in scoreboard slot <*>,jknum_init found child num in scoreboard slot num,jknum_init found child in scoreboard slot,1
501,2005-12-04 07:04:55,notice,jk2_init() Found child 32730 in scoreboard slot 7,E1,jk2_init() Found child <*> in scoreboard slot <*>,jknum_init found child num in scoreboard slot num,jknum_init found child in scoreboard slot,1
502,2005-12-04 07:04:55,notice,jk2_init() Found child 32729 in scoreboard slot 6,E1,jk2_init() Found child <*> in scoreboard slot <*>,jknum_init found child num in scoreboard slot num,jknum_init found child in scoreboard slot,1
503,2005-12-04 07:04:55,notice,jk2_init() Found child 32731 in scoreboard slot 8,E1,jk2_init() Found child <*> in scoreboard slot <*>,jknum_init found child num in scoreboard slot num,jknum_init found child in scoreboard slot,1
504,2005-12-04 07:05:44,notice,jk2_init() Found child 32739 in scoreboard slot 7,E1,jk2_init() Found child <*> in scoreboard slot <*>,jknum_init found child num in scoreboard slot num,jknum_init found child in scoreboard slot,1
505,2005-12-04 07:05:44,notice,jk2_init() Found child 32740 in scoreboard slot 8,E1,jk2_init() Found child <*> in scoreboard slot <*>,jknum_init found child num in scoreboard slot num,jknum_init found child in scoreboard slot,1
506,2005-12-04 07:06:11,notice,jk2_init() Found child 32742 in scoreboard slot 10,E1,jk2_init() Found child <*> in scoreboard slot <*>,jknum_init found child num in scoreboard slot num,jknum_init found child in scoreboard slot,1
507,2005-12-04 07:07:23,notice,jk2_init() Found child 32758 in scoreboard slot 7,E1,jk2_init() Found child <*> in scoreboard slot <*>,jknum_init found child num in scoreboard slot num,jknum_init found child in scoreboard slot,1
508,2005-12-04 07:07:23,notice,jk2_init() Found child 32755 in scoreboard slot 8,E1,jk2_init() Found child <*> in scoreboard slot <*>,jknum_init found child num in scoreboard slot num,jknum_init found child in scoreboard slot,1
509,2005-12-04 07:07:23,notice,jk2_init() Found child 32754 in scoreboard slot 11,E1,jk2_init() Found child <*> in scoreboard slot <*>,jknum_init found child num in scoreboard slot num,jknum_init found child in scoreboard slot,1
510,2005-12-04 07:07:30,notice,workerEnv.init() ok /etc/httpd/conf/workers2.properties,E2,workerEnv.init() ok <*>,workerenvinit ok etchttpdconfworkersnumproperties,workerenvinit ok,1
511,2005-12-04 07:07:30,notice,workerEnv.init() ok /etc/httpd/conf/workers2.properties,E2,workerEnv.init() ok <*>,workerenvinit ok etchttpdconfworkersnumproperties,workerenvinit ok,1
512,2005-12-04 07:07:30,notice,workerEnv.init() ok /etc/httpd/conf/workers2.properties,E2,workerEnv.init() ok <*>,workerenvinit ok etchttpdconfworkersnumproperties,workerenvinit ok,1
513,2005-12-04 07:07:30,error,mod_jk child workerEnv in error state 9,E3,mod_jk child workerEnv in error state <*>,mod_jk child workerenv in error state num,mod_jk child workerenv in error state,0
514,2005-12-04 07:07:30,error,mod_jk child workerEnv in error state 10,E3,mod_jk child workerEnv in error state <*>,mod_jk child workerenv in error state num,mod_jk child workerenv in error state,0
515,2005-12-04 07:07:30,error,mod_jk child workerEnv in error state 8,E3,mod_jk child workerEnv in error state <*>,mod_jk child workerenv in error state num,mod_jk child workerenv in error state,0
516,2005-12-04 07:08:02,notice,jk2_init() Found child 32761 in scoreboard slot 6,E1,jk2_init() Found child <*> in scoreboard slot <*>,jknum_init found child num in scoreboard slot num,jknum_init found child in scoreboard slot,1
517,2005-12-04 07:08:02,notice,jk2_init() Found child 32762 in scoreboard slot 9,E1,jk2_init() Found child <*> in scoreboard slot <*>,jknum_init found child num in scoreboard slot num,jknum_init found child in scoreboard slot,1
518,2005-12-04 07:08:02,notice,jk2_init() Found child 32763 in scoreboard slot 10,E1,jk2_init() Found child <*> in scoreboard slot <*>,jknum_init found child num in scoreboard slot num,jknum_init found child in scoreboard slot,1
519,2005-12-04 07:08:04,notice,workerEnv.init() ok /etc/httpd/conf/workers2.properties,E2,workerEnv.init() ok <*>,workerenvinit ok etchttpdconfworkersnumproperties,workerenvinit ok,1
520,2005-12-04 07:08:04,error,mod_jk child workerEnv in error state 7,E3,mod_jk child workerEnv in error state <*>,mod_jk child workerenv in error state num,mod_jk child workerenv in error state,0
521,2005-12-04 07:08:04,notice,workerEnv.init() ok /etc/httpd/conf/workers2.properties,E2,workerEnv.init() ok <*>,workerenvinit ok etchttpdconfworkersnumproperties,workerenvinit ok,1
522,2005-12-04 07:08:04,error,mod_jk child workerEnv in error state 6,E3,mod_jk child workerEnv in error state <*>,mod_jk child workerenv in error state num,mod_jk child workerenv in error state,0
523,2005-12-04 07:08:04,notice,workerEnv.init() ok /etc/httpd/conf/workers2.properties,E2,workerEnv.init() ok <*>,workerenvinit ok etchttpdconfworkersnumproperties,workerenvinit ok,1
524,2005-12-04 07:08:04,error,mod_jk child workerEnv in error state 7,E3,mod_jk child workerEnv in error state <*>,mod_jk child workerenv in error state num,mod_jk child workerenv in error state,0
525,2005-12-04 07:10:54,notice,jk2_init() Found child 308 in scoreboard slot 8,E1,jk2_init() Found child <*> in scoreboard slot <*>,jknum_init found child num in scoreboard slot num,jknum_init found child in scoreboard slot,1
526,2005-12-04 07:11:04,notice,jk2_init() Found child 310 in scoreboard slot 6,E1,jk2_init() Found child <*> in scoreboard slot <*>,jknum_init found child num in scoreboard slot num,jknum_init found child in scoreboard slot,1
527,2005-12-04 07:11:04,notice,jk2_init() Found child 309 in scoreboard slot 7,E1,jk2_init() Found child <*> in scoreboard slot <*>,jknum_init found child num in scoreboard slot num,jknum_init found child in scoreboard slot,1
528,2005-12-04 07:11:05,notice,workerEnv.init() ok /etc/httpd/conf/workers2.properties,E2,workerEnv.init() ok <*>,workerenvinit ok etchttpdconfworkersnumproperties,workerenvinit ok,1
529,2005-12-04 07:11:05,error,mod_jk child workerEnv in error state 6,E3,mod_jk child workerEnv in error state <*>,mod_jk child workerenv in error state num,mod_jk child workerenv in error state,0
530,2005-12-04 07:11:13,notice,workerEnv.init() ok /etc/httpd/conf/workers2.properties,E2,workerEnv.init() ok <*>,workerenvinit ok etchttpdconfworkersnumproperties,workerenvinit ok,1
531,2005-12-04 07:11:13,notice,workerEnv.init() ok /etc/httpd/conf/workers2.properties,E2,workerEnv.init() ok <*>,workerenvinit ok etchttpdconfworkersnumproperties,workerenvinit ok,1
532,2005-12-04 07:11:22,error,mod_jk child workerEnv in error state 6,E3,mod_jk child workerEnv in error state <*>,mod_jk child workerenv in error state num,mod_jk child workerenv in error state,0
533,2005-12-04 07:11:22,error,mod_jk child workerEnv in error state 6,E3,mod_jk child workerEnv in error state <*>,mod_jk child workerenv in error state num,mod_jk child workerenv in error state,0
534,2005-12-04 07:11:49,notice,jk2_init() Found child 311 in scoreboard slot 9,E1,jk2_init() Found child <*> in scoreboard slot <*>,jknum_init found child num in scoreboard slot num,jknum_init found child in scoreboard slot,1
535,2005-12-04 07:12:05,notice,workerEnv.init() ok /etc/httpd/conf/workers2.properties,E2,workerEnv.init() ok <*>,workerenvinit ok etchttpdconfworkersnumproperties,workerenvinit ok,1
536,2005-12-04 07:12:08,error,mod_jk child workerEnv in error state 6,E3,mod_jk child workerEnv in error state <*>,mod_jk child workerenv in error state num,mod_jk child workerenv in error state,0
537,2005-12-04 07:12:22,notice,jk2_init() Found child 312 in scoreboard slot 10,E1,jk2_init() Found child <*> in scoreboard slot <*>,jknum_init found child num in scoreboard slot num,jknum_init found child in scoreboard slot,1
538,2005-12-04 07:12:22,notice,jk2_init() Found child 313 in scoreboard slot 8,E1,jk2_init() Found child <*> in scoreboard slot <*>,jknum_init found child num in scoreboard slot num,jknum_init found child in scoreboard slot,1
539,2005-12-04 07:12:40,notice,workerEnv.init() ok /etc/httpd/conf/workers2.properties,E2,workerEnv.init() ok <*>,workerenvinit ok etchttpdconfworkersnumproperties,workerenvinit ok,1
540,2005-12-04 07:12:40,notice,workerEnv.init() ok /etc/httpd/conf/workers2.properties,E2,workerEnv.init() ok <*>,workerenvinit ok etchttpdconfworkersnumproperties,workerenvinit ok,1
541,2005-12-04 07:12:44,error,mod_jk child workerEnv in error state 6,E3,mod_jk child workerEnv in error state <*>,mod_jk child workerenv in error state num,mod_jk child workerenv in error state,0
542,2005-12-04 07:12:44,error,mod_jk child workerEnv in error state 6,E3,mod_jk child workerEnv in error state <*>,mod_jk child workerenv in error state num,mod_jk child workerenv in error state,0
543,2005-12-04 07:13:09,notice,jk2_init() Found child 314 in scoreboard slot 7,E1,jk2_init() Found child <*> in scoreboard slot <*>,jknum_init found child num in scoreboard slot num,jknum_init found child in scoreboard slot,1
544,2005-12-04 07:13:09,notice,jk2_init() Found child 315 in scoreboard slot 6,E1,jk2_init() Found child <*> in scoreboard slot <*>,jknum_init found child num in scoreboard slot num,jknum_init found child in scoreboard slot,1
545,2005-12-04 07:13:10,notice,jk2_init() Found child 316 in scoreboard slot 9,E1,jk2_init() Found child <*> in scoreboard slot <*>,jknum_init found child num in scoreboard slot num,jknum_init found child in scoreboard slot,1
546,2005-12-04 07:13:36,notice,workerEnv.init() ok /etc/httpd/conf/workers2.properties,E2,workerEnv.init() ok <*>,workerenvinit ok etchttpdconfworkersnumproperties,workerenvinit ok,1
547,2005-12-04 07:13:36,notice,workerEnv.init() ok /etc/httpd/conf/workers2.properties,E2,workerEnv.init() ok <*>,workerenvinit ok etchttpdconfworkersnumproperties,workerenvinit ok,1
548,2005-12-04 07:13:36,notice,workerEnv.init() ok /etc/httpd/conf/workers2.properties,E2,workerEnv.init() ok <*>,workerenvinit ok etchttpdconfworkersnumproperties,workerenvinit ok,1
549,2005-12-04 07:13:41,error,mod_jk child workerEnv in error state 6,E3,mod_jk child workerEnv in error state <*>,mod_jk child workerenv in error state num,mod_jk child workerenv in error state,0
550,2005-12-04 07:13:41,error,mod_jk child workerEnv in error state 6,E3,mod_jk child workerEnv in error state <*>,mod_jk child workerenv in error state num,mod_jk child workerenv in error state,0
551,2005-12-04 07:14:07,notice,jk2_init() Found child 319 in scoreboard slot 7,E1,jk2_init() Found child <*> in scoreboard slot <*>,jknum_init found child num in scoreboard slot num,jknum_init found child in scoreboard slot,1
552,2005-12-04 07:14:07,notice,jk2_init() Found child 317 in scoreboard slot 10,E1,jk2_init() Found child <*> in scoreboard slot <*>,jknum_init found child num in scoreboard slot num,jknum_init found child in scoreboard slot,1
553,2005-12-04 07:14:08,notice,jk2_init() Found child 318 in scoreboard slot 8,E1,jk2_init() Found child <*> in scoreboard slot <*>,jknum_init found child num in scoreboard slot num,jknum_init found child in scoreboard slot,1
554,2005-12-04 07:14:21,notice,workerEnv.init() ok /etc/httpd/conf/workers2.properties,E2,workerEnv.init() ok <*>,workerenvinit ok etchttpdconfworkersnumproperties,workerenvinit ok,1
555,2005-12-04 07:14:29,error,mod_jk child workerEnv in error state 7,E3,mod_jk child workerEnv in error state <*>,mod_jk child workerenv in error state num,mod_jk child workerenv in error state,0
556,2005-12-04 07:14:47,notice,jk2_init() Found child 321 in scoreboard slot 9,E1,jk2_init() Found child <*> in scoreboard slot <*>,jknum_init found child num in scoreboard slot num,jknum_init found child in scoreboard slot,1
557,2005-12-04 07:15:09,notice,jk2_init() Found child 324 in scoreboard slot 11,E1,jk2_init() Found child <*> in scoreboard slot <*>,jknum_init found child num in scoreboard slot num,jknum_init found child in scoreboard slot,1
558,2005-12-04 07:15:09,notice,jk2_init() Found child 323 in scoreboard slot 8,E1,jk2_init() Found child <*> in scoreboard slot <*>,jknum_init found child num in scoreboard slot num,jknum_init found child in scoreboard slot,1
559,2005-12-04 07:17:56,notice,jk2_init() Found child 350 in scoreboard slot 9,E1,jk2_init() Found child <*> in scoreboard slot <*>,jknum_init found child num in scoreboard slot num,jknum_init found child in scoreboard slot,1
560,2005-12-04 07:17:56,notice,jk2_init() Found child 353 in scoreboard slot 12,E1,jk2_init() Found child <*> in scoreboard slot <*>,jknum_init found child num in scoreboard slot num,jknum_init found child in scoreboard slot,1
561,2005-12-04 07:17:56,notice,jk2_init() Found child 352 in scoreboard slot 11,E1,jk2_init() Found child <*> in scoreboard slot <*>,jknum_init found child num in scoreboard slot num,jknum_init found child in scoreboard slot,1
562,2005-12-04 07:17:56,notice,jk2_init() Found child 349 in scoreboard slot 8,E1,jk2_init() Found child <*> in scoreboard slot <*>,jknum_init found child num in scoreboard slot num,jknum_init found child in scoreboard slot,1
563,2005-12-04 07:17:56,notice,jk2_init() Found child 348 in scoreboard slot 7,E1,jk2_init() Found child <*> in scoreboard slot <*>,jknum_init found child num in scoreboard slot num,jknum_init found child in scoreboard slot,1
564,2005-12-04 07:17:56,notice,jk2_init() Found child 347 in scoreboard slot 6,E1,jk2_init() Found child <*> in scoreboard slot <*>,jknum_init found child num in scoreboard slot num,jknum_init found child in scoreboard slot,1
565,2005-12-04 07:17:56,notice,jk2_init() Found child 351 in scoreboard slot 10,E1,jk2_init() Found child <*> in scoreboard slot <*>,jknum_init found child num in scoreboard slot num,jknum_init found child in scoreboard slot,1
566,2005-12-04 07:18:00,notice,workerEnv.init() ok /etc/httpd/conf/workers2.properties,E2,workerEnv.init() ok <*>,workerenvinit ok etchttpdconfworkersnumproperties,workerenvinit ok,1
567,2005-12-04 07:18:00,error,mod_jk child workerEnv in error state 7,E3,mod_jk child workerEnv in error state <*>,mod_jk child workerenv in error state num,mod_jk child workerenv in error state,0
568,2005-12-04 07:18:00,notice,workerEnv.init() ok /etc/httpd/conf/workers2.properties,E2,workerEnv.init() ok <*>,workerenvinit ok etchttpdconfworkersnumproperties,workerenvinit ok,1
569,2005-12-04 07:18:00,error,mod_jk child workerEnv in error state 6,E3,mod_jk child workerEnv in error state <*>,mod_jk child workerenv in error state num,mod_jk child workerenv in error state,0
570,2005-12-04 07:18:00,notice,workerEnv.init() ok /etc/httpd/conf/workers2.properties,E2,workerEnv.init() ok <*>,workerenvinit ok etchttpdconfworkersnumproperties,workerenvinit ok,1
571,2005-12-04 07:18:00,error,mod_jk child workerEnv in error state 7,E3,mod_jk child workerEnv in error state <*>,mod_jk child workerenv in error state num,mod_jk child workerenv in error state,0
572,2005-12-04 07:18:00,notice,workerEnv.init() ok /etc/httpd/conf/workers2.properties,E2,workerEnv.init() ok <*>,workerenvinit ok etchttpdconfworkersnumproperties,workerenvinit ok,1
573,2005-12-04 07:18:00,error,mod_jk child workerEnv in error state 8,E3,mod_jk child workerEnv in error state <*>,mod_jk child workerenv in error state num,mod_jk child workerenv in error state,0
574,2005-12-04 07:18:00,notice,workerEnv.init() ok /etc/httpd/conf/workers2.properties,E2,workerEnv.init() ok <*>,workerenvinit ok etchttpdconfworkersnumproperties,workerenvinit ok,1
575,2005-12-04 07:18:00,error,mod_jk child workerEnv in error state 7,E3,mod_jk child workerEnv in error state <*>,mod_jk child workerenv in error state num,mod_jk child workerenv in error state,0
576,2005-12-04 07:18:00,notice,workerEnv.init() ok /etc/httpd/conf/workers2.properties,E2,workerEnv.init() ok <*>,workerenvinit ok etchttpdconfworkersnumproperties,workerenvinit ok,1
577,2005-12-04 07:18:00,error,mod_jk child workerEnv in error state 6,E3,mod_jk child workerEnv in error state <*>,mod_jk child workerenv in error state num,mod_jk child workerenv in error state,0
578,2005-12-04 07:18:00,notice,workerEnv.init() ok /etc/httpd/conf/workers2.properties,E2,workerEnv.init() ok <*>,workerenvinit ok etchttpdconfworkersnumproperties,workerenvinit ok,1
579,2005-12-04 07:18:00,error,mod_jk child workerEnv in error state 7,E3,mod_jk child workerEnv in error state <*>,mod_jk child workerenv in error state num,mod_jk child workerenv in error state,0
580,2005-12-04 07:45:45,error,[client 63.13.186.196] Directory index forbidden by rule: /var/www/html/,E4,[client <*>] Directory index forbidden by rule: <*>,client ip directory index forbidden by rule varwwwhtml,client directory index forbidden by rule,0
581,2005-12-04 08:54:17,error,[client 147.31.138.75] Directory index forbidden by rule: /var/www/html/,E4,[client <*>] Directory index forbidden by rule: <*>,client ip directory index forbidden by rule varwwwhtml,client directory index forbidden by rule,0
582,2005-12-04 09:35:12,error,[client 207.203.80.15] Directory index forbidden by rule: /var/www/html/,E4,[client <*>] Directory index forbidden by rule: <*>,client ip directory index forbidden by rule varwwwhtml,client directory index forbidden by rule,0
583,2005-12-04 10:53:30,error,[client 218.76.139.20] Directory index forbidden by rule: /var/www/html/,E4,[client <*>] Directory index forbidden by rule: <*>,client ip directory index forbidden by rule varwwwhtml,client directory index forbidden by rule,0
584,2005-12-04 11:11:07,error,[client 24.147.151.74] Directory index forbidden by rule: /var/www/html/,E4,[client <*>] Directory index forbidden by rule: <*>,client ip directory index forbidden by rule varwwwhtml,client directory index forbidden by rule,0
585,2005-12-04 11:33:18,error,[client 211.141.93.88] Directory index forbidden by rule: /var/www/html/,E4,[client <*>] Directory index forbidden by rule: <*>,client ip directory index forbidden by rule varwwwhtml,client directory index forbidden by rule,0
586,2005-12-04 11:42:43,error,[client 216.127.124.16] Directory index forbidden by rule: /var/www/html/,E4,[client <*>] Directory index forbidden by rule: <*>,client ip directory index forbidden by rule varwwwhtml,client directory index forbidden by rule,0
587,2005-12-04 12:33:13,error,[client 208.51.151.210] Directory index forbidden by rule: /var/www/html/,E4,[client <*>] Directory index forbidden by rule: <*>,client ip directory index forbidden by rule varwwwhtml,client directory index forbidden by rule,0
588,2005-12-04 13:32:32,error,[client 65.68.235.27] Directory index forbidden by rule: /var/www/html/,E4,[client <*>] Directory index forbidden by rule: <*>,client ip directory index forbidden by rule varwwwhtml,client directory index forbidden by rule,0
589,2005-12-04 14:29:00,error,[client 4.245.93.87] Directory index forbidden by rule: /var/www/html/,E4,[client <*>] Directory index forbidden by rule: <*>,client ip directory index forbidden by rule varwwwhtml,client directory index forbidden by rule,0
590,2005-12-04 15:18:36,error,[client 67.154.58.130] Directory index forbidden by rule: /var/www/html/,E4,[client <*>] Directory index forbidden by rule: <*>,client ip directory index forbidden by rule varwwwhtml,client directory index forbidden by rule,0
591,2005-12-04 15:59:01,error,[client 24.83.37.136] Directory index forbidden by rule: /var/www/html/,E4,[client <*>] Directory index forbidden by rule: <*>,client ip directory index forbidden by rule varwwwhtml,client directory index forbidden by rule,0
592,2005-12-04 16:24:03,notice,jk2_init() Found child 1219 in scoreboard slot 6,E1,jk2_init() Found child <*> in scoreboard slot <*>,jknum_init found child num in scoreboard slot num,jknum_init found child in scoreboard slot,1
593,2005-12-04 16:24:05,error,[client 58.225.62.140] Directory index forbidden by rule: /var/www/html/,E4,[client <*>] Directory index forbidden by rule: <*>,client ip directory index forbidden by rule varwwwhtml,client directory index forbidden by rule,0
594,2005-12-04 16:24:06,notice,workerEnv.init() ok /etc/httpd/conf/workers2.properties,E2,workerEnv.init() ok <*>,workerenvinit ok etchttpdconfworkersnumproperties,workerenvinit ok,1
595,2005-12-04 16:24:06,error,mod_jk child workerEnv in error state 6,E3,mod_jk child workerEnv in error state <*>,mod_jk child workerenv in error state num,mod_jk child workerenv in error state,0
596,2005-12-04 16:31:07,notice,jk2_init() Found child 1248 in scoreboard slot 7,E1,jk2_init() Found child <*> in scoreboard slot <*>,jknum_init found child num in scoreboard slot num,jknum_init found child in scoreboard slot,1
597,2005-12-04 16:32:37,notice,jk2_init() Found child 1253 in scoreboard slot 9,E1,jk2_init() Found child <*> in scoreboard slot <*>,jknum_init found child num in scoreboard slot num,jknum_init found child in scoreboard slot,1
598,2005-12-04 16:32:56,notice,workerEnv.init() ok /etc/httpd/conf/workers2.properties,E2,workerEnv.init() ok <*>,workerenvinit ok etchttpdconfworkersnumproperties,workerenvinit ok,1
599,2005-12-04 16:32:56,error,mod_jk child workerEnv in error state 6,E3,mod_jk child workerEnv in error state <*>,mod_jk child workerenv in error state num,mod_jk child workerenv in error state,0
600,2005-12-04 16:32:58,notice,jk2_init() Found child 1254 in scoreboard slot 7,E1,jk2_init() Found child <*> in scoreboard slot <*>,jknum_init found child num in scoreboard slot num,jknum_init found child in scoreboard slot,1
601,2005-12-04 16:32:58,notice,jk2_init() Found child 1256 in scoreboard slot 6,E1,jk2_init() Found child <*> in scoreboard slot <*>,jknum_init found child num in scoreboard slot num,jknum_init found child in scoreboard slot,1
602,2005-12-04 16:32:58,notice,jk2_init() Found child 1255 in scoreboard slot 8,E1,jk2_init() Found child <*> in scoreboard slot <*>,jknum_init found child num in scoreboard slot num,jknum_init found child in scoreboard slot,1
603,2005-12-04 16:32:58,notice,workerEnv.init() ok /etc/httpd/conf/workers2.properties,E2,workerEnv.init() ok <*>,workerenvinit ok etchttpdconfworkersnumproperties,workerenvinit ok,1
604,2005-12-04 16:32:58,error,mod_jk child workerEnv in error state 7,E3,mod_jk child workerEnv in error state <*>,mod_jk child workerenv in error state num,mod_jk child workerenv in error state,0
605,2005-12-04 16:32:58,notice,workerEnv.init() ok /etc/httpd/conf/workers2.properties,E2,workerEnv.init() ok <*>,workerenvinit ok etchttpdconfworkersnumproperties,workerenvinit ok,1
606,2005-12-04 16:32:58,error,mod_jk child workerEnv in error state 6,E3,mod_jk child workerEnv in error state <*>,mod_jk child workerenv in error state num,mod_jk child workerenv in error state,0
607,2005-12-04 16:32:58,notice,workerEnv.init() ok /etc/httpd/conf/workers2.properties,E2,workerEnv.init() ok <*>,workerenvinit ok etchttpdconfworkersnumproperties,workerenvinit ok,1
608,2005-12-04 16:32:58,error,mod_jk child workerEnv in error state 6,E3,mod_jk child workerEnv in error state <*>,mod_jk child workerenv in error state num,mod_jk child workerenv in error state,0
609,2005-12-04 16:35:49,notice,jk2_init() Found child 1262 in scoreboard slot 9,E1,jk2_init() Found child <*> in scoreboard slot <*>,jknum_init found child num in scoreboard slot num,jknum_init found child in scoreboard slot,1
610,2005-12-04 16:35:52,notice,workerEnv.init() ok /etc/httpd/conf/workers2.properties,E2,workerEnv.init() ok <*>,workerenvinit ok etchttpdconfworkersnumproperties,workerenvinit ok,1
611,2005-12-04 16:35:52,error,mod_jk child workerEnv in error state 6,E3,mod_jk child workerEnv in error state <*>,mod_jk child workerenv in error state num,mod_jk child workerenv in error state,0
612,2005-12-04 16:41:15,notice,jk2_init() Found child 1275 in scoreboard slot 6,E1,jk2_init() Found child <*> in scoreboard slot <*>,jknum_init found child num in scoreboard slot num,jknum_init found child in scoreboard slot,1
613,2005-12-04 16:41:16,notice,jk2_init() Found child 1276 in scoreboard slot 9,E1,jk2_init() Found child <*> in scoreboard slot <*>,jknum_init found child num in scoreboard slot num,jknum_init found child in scoreboard slot,1
614,2005-12-04 16:41:22,notice,jk2_init() Found child 1277 in scoreboard slot 7,E1,jk2_init() Found child <*> in scoreboard slot <*>,jknum_init found child num in scoreboard slot num,jknum_init found child in scoreboard slot,1
615,2005-12-04 16:41:22,notice,jk2_init() Found child 1278 in scoreboard slot 8,E1,jk2_init() Found child <*> in scoreboard slot <*>,jknum_init found child num in scoreboard slot num,jknum_init found child in scoreboard slot,1
616,2005-12-04 16:41:22,notice,workerEnv.init() ok /etc/httpd/conf/workers2.properties,E2,workerEnv.init() ok <*>,workerenvinit ok etchttpdconfworkersnumproperties,workerenvinit ok,1
617,2005-12-04 16:41:22,notice,workerEnv.init() ok /etc/httpd/conf/workers2.properties,E2,workerEnv.init() ok <*>,workerenvinit ok etchttpdconfworkersnumproperties,workerenvinit ok,1
618,2005-12-04 16:41:22,notice,workerEnv.init() ok /etc/httpd/conf/workers2.properties,E2,workerEnv.init() ok <*>,workerenvinit ok etchttpdconfworkersnumproperties,workerenvinit ok,1
619,2005-12-04 16:41:22,notice,workerEnv.init() ok /etc/httpd/conf/workers2.properties,E2,workerEnv.init() ok <*>,workerenvinit ok etchttpdconfworkersnumproperties,workerenvinit ok,1
620,2005-12-04 16:41:22,error,mod_jk child workerEnv in error state 6,E3,mod_jk child workerEnv in error state <*>,mod_jk child workerenv in error state num,mod_jk child workerenv in error state,0
621,2005-12-04 16:41:22,error,mod_jk child workerEnv in error state 6,E3,mod_jk child workerEnv in error state <*>,mod_jk child workerenv in error state num,mod_jk child workerenv in error state,0
622,2005-12-04 16:41:22,error,mod_jk child workerEnv in error state 6,E3,mod_jk child workerEnv in error state <*>,mod_jk child workerenv in error state num,mod_jk child workerenv in error state,0
623,2005-12-04 16:41:22,error,mod_jk child workerEnv in error state 6,E3,mod_jk child workerEnv in error state <*>,mod_jk child workerenv in error state num,mod_jk child workerenv in error state,0
624,2005-12-04 16:45:52,notice,jk2_init() Found child 1283 in scoreboard slot 6,E1,jk2_init() Found child <*> in scoreboard slot <*>,jknum_init found child num in scoreboard slot num,jknum_init found child in scoreboard slot,1
625,2005-12-04 16:45:52,notice,jk2_init() Found child 1284 in scoreboard slot 9,E1,jk2_init() Found child <*> in scoreboard slot <*>,jknum_init found child num in scoreboard slot num,jknum_init found child in scoreboard slot,1
626,2005-12-04 16:46:09,notice,workerEnv.init() ok /etc/httpd/conf/workers2.properties,E2,workerEnv.init() ok <*>,workerenvinit ok etchttpdconfworkersnumproperties,workerenvinit ok,1
627,2005-12-04 16:46:13,error,mod_jk child workerEnv in error state 6,E3,mod_jk child workerEnv in error state <*>,mod_jk child workerenv in error state num,mod_jk child workerenv in error state,0
628,2005-12-04 16:46:45,notice,jk2_init() Found child 1288 in scoreboard slot 9,E1,jk2_init() Found child <*> in scoreboard slot <*>,jknum_init found child num in scoreboard slot num,jknum_init found child in scoreboard slot,1
629,2005-12-04 16:47:11,notice,jk2_init() Found child 1291 in scoreboard slot 6,E1,jk2_init() Found child <*> in scoreboard slot <*>,jknum_init found child num in scoreboard slot num,jknum_init found child in scoreboard slot,1
630,2005-12-04 16:47:59,notice,jk2_init() Found child 1296 in scoreboard slot 6,E1,jk2_init() Found child <*> in scoreboard slot <*>,jknum_init found child num in scoreboard slot num,jknum_init found child in scoreboard slot,1
631,2005-12-04 16:47:59,notice,jk2_init() Found child 1300 in scoreboard slot 10,E1,jk2_init() Found child <*> in scoreboard slot <*>,jknum_init found child num in scoreboard slot num,jknum_init found child in scoreboard slot,1
632,2005-12-04 16:47:59,notice,jk2_init() Found child 1298 in scoreboard slot 8,E1,jk2_init() Found child <*> in scoreboard slot <*>,jknum_init found child num in scoreboard slot num,jknum_init found child in scoreboard slot,1
633,2005-12-04 16:47:59,notice,jk2_init() Found child 1297 in scoreboard slot 7,E1,jk2_init() Found child <*> in scoreboard slot <*>,jknum_init found child num in scoreboard slot num,jknum_init found child in scoreboard slot,1
634,2005-12-04 16:47:59,notice,jk2_init() Found child 1299 in scoreboard slot 9,E1,jk2_init() Found child <*> in scoreboard slot <*>,jknum_init found child num in scoreboard slot num,jknum_init found child in scoreboard slot,1
635,2005-12-04 16:48:01,notice,workerEnv.init() ok /etc/httpd/conf/workers2.properties,E2,workerEnv.init() ok <*>,workerenvinit ok etchttpdconfworkersnumproperties,workerenvinit ok,1
636,2005-12-04 16:48:01,error,mod_jk child workerEnv in error state 8,E3,mod_jk child workerEnv in error state <*>,mod_jk child workerenv in error state num,mod_jk child workerenv in error state,0
637,2005-12-04 16:48:01,notice,workerEnv.init() ok /etc/httpd/conf/workers2.properties,E2,workerEnv.init() ok <*>,workerenvinit ok etchttpdconfworkersnumproperties,workerenvinit ok,1
638,2005-12-04 16:48:01,error,mod_jk child workerEnv in error state 7,E3,mod_jk child workerEnv in error state <*>,mod_jk child workerenv in error state num,mod_jk child workerenv in error state,0
639,2005-12-04 16:48:01,notice,workerEnv.init() ok /etc/httpd/conf/workers2.properties,E2,workerEnv.init() ok <*>,workerenvinit ok etchttpdconfworkersnumproperties,workerenvinit ok,1
640,2005-12-04 16:48:01,error,mod_jk child workerEnv in error state 6,E3,mod_jk child workerEnv in error state <*>,mod_jk child workerenv in error state num,mod_jk child workerenv in error state,0
641,2005-12-04 16:48:01,notice,workerEnv.init() ok /etc/httpd/conf/workers2.properties,E2,workerEnv.init() ok <*>,workerenvinit ok etchttpdconfworkersnumproperties,workerenvinit ok,1
642,2005-12-04 16:48:01,error,mod_jk child workerEnv in error state 6,E3,mod_jk child workerEnv in error state <*>,mod_jk child workerenv in error state num,mod_jk child workerenv in error state,0
643,2005-12-04 16:48:01,notice,workerEnv.init() ok /etc/httpd/conf/workers2.properties,E2,workerEnv.init() ok <*>,workerenvinit ok etchttpdconfworkersnumproperties,workerenvinit ok,1
644,2005-12-04 16:48:01,error,mod_jk child workerEnv in error state 6,E3,mod_jk child workerEnv in error state <*>,mod_jk child workerenv in error state num,mod_jk child workerenv in error state,0
645,2005-12-04 16:50:53,notice,jk2_init() Found child 1308 in scoreboard slot 6,E1,jk2_init() Found child <*> in scoreboard slot <*>,jknum_init found child num in scoreboard slot num,jknum_init found child in scoreboard slot,1
646,2005-12-04 16:50:53,notice,jk2_init() Found child 1309 in scoreboard slot 7,E1,jk2_init() Found child <*> in scoreboard slot <*>,jknum_init found child num in scoreboard slot num,jknum_init found child in scoreboard slot,1
647,2005-12-04 16:51:26,notice,jk2_init() Found child 1313 in scoreboard slot 6,E1,jk2_init() Found child <*> in scoreboard slot <*>,jknum_init found child num in scoreboard slot num,jknum_init found child in scoreboard slot,1
648,2005-12-04 16:51:26,notice,jk2_init() Found child 1312 in scoreboard slot 10,E1,jk2_init() Found child <*> in scoreboard slot <*>,jknum_init found child num in scoreboard slot num,jknum_init found child in scoreboard slot,1
649,2005-12-04 16:52:34,notice,jk2_init() Found child 1320 in scoreboard slot 8,E1,jk2_init() Found child <*> in scoreboard slot <*>,jknum_init found child num in scoreboard slot num,jknum_init found child in scoreboard slot,1
650,2005-12-04 16:52:45,notice,jk2_init() Found child 1321 in scoreboard slot 9,E1,jk2_init() Found child <*> in scoreboard slot <*>,jknum_init found child num in scoreboard slot num,jknum_init found child in scoreboard slot,1
651,2005-12-04 16:52:45,notice,jk2_init() Found child 1322 in scoreboard slot 10,E1,jk2_init() Found child <*> in scoreboard slot <*>,jknum_init found child num in scoreboard slot num,jknum_init found child in scoreboard slot,1
652,2005-12-04 16:52:45,notice,jk2_init() Found child 1323 in scoreboard slot 6,E1,jk2_init() Found child <*> in scoreboard slot <*>,jknum_init found child num in scoreboard slot num,jknum_init found child in scoreboard slot,1
653,2005-12-04 16:52:46,notice,jk2_init() Found child 1324 in scoreboard slot 7,E1,jk2_init() Found child <*> in scoreboard slot <*>,jknum_init found child num in scoreboard slot num,jknum_init found child in scoreboard slot,1
654,2005-12-04 16:52:46,notice,jk2_init() Found child 1325 in scoreboard slot 8,E1,jk2_init() Found child <*> in scoreboard slot <*>,jknum_init found child num in scoreboard slot num,jknum_init found child in scoreboard slot,1
655,2005-12-04 16:52:49,notice,workerEnv.init() ok /etc/httpd/conf/workers2.properties,E2,workerEnv.init() ok <*>,workerenvinit ok etchttpdconfworkersnumproperties,workerenvinit ok,1
656,2005-12-04 16:52:49,notice,workerEnv.init() ok /etc/httpd/conf/workers2.properties,E2,workerEnv.init() ok <*>,workerenvinit ok etchttpdconfworkersnumproperties,workerenvinit ok,1
657,2005-12-04 16:52:49,notice,workerEnv.init() ok /etc/httpd/conf/workers2.properties,E2,workerEnv.init() ok <*>,workerenvinit ok etchttpdconfworkersnumproperties,workerenvinit ok,1
658,2005-12-04 16:52:49,notice,workerEnv.init() ok /etc/httpd/conf/workers2.properties,E2,workerEnv.init() ok <*>,workerenvinit ok etchttpdconfworkersnumproperties,workerenvinit ok,1
659,2005-12-04 16:52:49,notice,workerEnv.init() ok /etc/httpd/conf/workers2.properties,E2,workerEnv.init() ok <*>,workerenvinit ok etchttpdconfworkersnumproperties,workerenvinit ok,1
660,2005-12-04 16:52:49,error,mod_jk child workerEnv in error state 6,E3,mod_jk child workerEnv in error state <*>,mod_jk child workerenv in error state num,mod_jk child workerenv in error state,0
661,2005-12-04 16:52:49,error,mod_jk child workerEnv in error state 7,E3,mod_jk child workerEnv in error state <*>,mod_jk child workerenv in error state num,mod_jk child workerenv in error state,0
662,2005-12-04 16:52:49,error,mod_jk child workerEnv in error state 7,E3,mod_jk child workerEnv in error state <*>,mod_jk child workerenv in error state num,mod_jk child workerenv in error state,0
663,2005-12-04 16:52:49,error,mod_jk child workerEnv in error state 8,E3,mod_jk child workerEnv in error state <*>,mod_jk child workerenv in error state num,mod_jk child workerenv in error state,0
664,2005-12-04 16:52:49,error,mod_jk child workerEnv in error state 6,E3,mod_jk child workerEnv in error state <*>,mod_jk child workerenv in error state num,mod_jk child workerenv in error state,0
665,2005-12-04 16:55:54,notice,jk2_init() Found child 1331 in scoreboard slot 10,E1,jk2_init() Found child <*> in scoreboard slot <*>,jknum_init found child num in scoreboard slot num,jknum_init found child in scoreboard slot,1
666,2005-12-04 16:56:25,notice,jk2_init() Found child 1338 in scoreboard slot 7,E1,jk2_init() Found child <*> in scoreboard slot <*>,jknum_init found child num in scoreboard slot num,jknum_init found child in scoreboard slot,1
667,2005-12-04 16:56:25,notice,jk2_init() Found child 1334 in scoreboard slot 8,E1,jk2_init() Found child <*> in scoreboard slot <*>,jknum_init found child num in scoreboard slot num,jknum_init found child in scoreboard slot,1
668,2005-12-04 16:56:25,notice,jk2_init() Found child 1336 in scoreboard slot 10,E1,jk2_init() Found child <*> in scoreboard slot <*>,jknum_init found child num in scoreboard slot num,jknum_init found child in scoreboard slot,1
669,2005-12-04 16:56:25,notice,jk2_init() Found child 1337 in scoreboard slot 6,E1,jk2_init() Found child <*> in scoreboard slot <*>,jknum_init found child num in scoreboard slot num,jknum_init found child in scoreboard slot,1
670,2005-12-04 16:56:25,notice,jk2_init() Found child 1335 in scoreboard slot 9,E1,jk2_init() Found child <*> in scoreboard slot <*>,jknum_init found child num in scoreboard slot num,jknum_init found child in scoreboard slot,1
671,2005-12-04 16:56:27,notice,workerEnv.init() ok /etc/httpd/conf/workers2.properties,E2,workerEnv.init() ok <*>,workerenvinit ok etchttpdconfworkersnumproperties,workerenvinit ok,1
672,2005-12-04 16:56:27,error,mod_jk child workerEnv in error state 6,E3,mod_jk child workerEnv in error state <*>,mod_jk child workerenv in error state num,mod_jk child workerenv in error state,0
673,2005-12-04 16:56:27,notice,workerEnv.init() ok /etc/httpd/conf/workers2.properties,E2,workerEnv.init() ok <*>,workerenvinit ok etchttpdconfworkersnumproperties,workerenvinit ok,1
674,2005-12-04 16:56:27,error,mod_jk child workerEnv in error state 7,E3,mod_jk child workerEnv in error state <*>,mod_jk child workerenv in error state num,mod_jk child workerenv in error state,0
675,2005-12-04 16:56:27,notice,workerEnv.init() ok /etc/httpd/conf/workers2.properties,E2,workerEnv.init() ok <*>,workerenvinit ok etchttpdconfworkersnumproperties,workerenvinit ok,1
676,2005-12-04 16:56:27,error,mod_jk child workerEnv in error state 6,E3,mod_jk child workerEnv in error state <*>,mod_jk child workerenv in error state num,mod_jk child workerenv in error state,0
677,2005-12-04 16:56:27,notice,workerEnv.init() ok /etc/httpd/conf/workers2.properties,E2,workerEnv.init() ok <*>,workerenvinit ok etchttpdconfworkersnumproperties,workerenvinit ok,1
678,2005-12-04 16:56:27,error,mod_jk child workerEnv in error state 6,E3,mod_jk child workerEnv in error state <*>,mod_jk child workerenv in error state num,mod_jk child workerenv in error state,0
679,2005-12-04 16:56:27,notice,workerEnv.init() ok /etc/httpd/conf/workers2.properties,E2,workerEnv.init() ok <*>,workerenvinit ok etchttpdconfworkersnumproperties,workerenvinit ok,1
680,2005-12-04 16:56:27,error,mod_jk child workerEnv in error state 6,E3,mod_jk child workerEnv in error state <*>,mod_jk child workerenv in error state num,mod_jk child workerenv in error state,0
681,2005-12-04 17:01:43,notice,jk2_init() Found child 1358 in scoreboard slot 8,E1,jk2_init() Found child <*> in scoreboard slot <*>,jknum_init found child num in scoreboard slot num,jknum_init found child in scoreboard slot,1
682,2005-12-04 17:01:43,notice,jk2_init() Found child 1356 in scoreboard slot 6,E1,jk2_init() Found child <*> in scoreboard slot <*>,jknum_init found child num in scoreboard slot num,jknum_init found child in scoreboard slot,1
683,2005-12-04 17:01:43,notice,jk2_init() Found child 1354 in scoreboard slot 9,E1,jk2_init() Found child <*> in scoreboard slot <*>,jknum_init found child num in scoreboard slot num,jknum_init found child in scoreboard slot,1
684,2005-12-04 17:01:43,notice,jk2_init() Found child 1357 in scoreboard slot 7,E1,jk2_init() Found child <*> in scoreboard slot <*>,jknum_init found child num in scoreboard slot num,jknum_init found child in scoreboard slot,1
685,2005-12-04 17:01:43,notice,jk2_init() Found child 1355 in scoreboard slot 10,E1,jk2_init() Found child <*> in scoreboard slot <*>,jknum_init found child num in scoreboard slot num,jknum_init found child in scoreboard slot,1
686,2005-12-04 17:01:47,notice,workerEnv.init() ok /etc/httpd/conf/workers2.properties,E2,workerEnv.init() ok <*>,workerenvinit ok etchttpdconfworkersnumproperties,workerenvinit ok,1
687,2005-12-04 17:01:47,error,mod_jk child workerEnv in error state 6,E3,mod_jk child workerEnv in error state <*>,mod_jk child workerenv in error state num,mod_jk child workerenv in error state,0
688,2005-12-04 17:01:47,notice,workerEnv.init() ok /etc/httpd/conf/workers2.properties,E2,workerEnv.init() ok <*>,workerenvinit ok etchttpdconfworkersnumproperties,workerenvinit ok,1
689,2005-12-04 17:01:47,error,mod_jk child workerEnv in error state 6,E3,mod_jk child workerEnv in error state <*>,mod_jk child workerenv in error state num,mod_jk child workerenv in error state,0
690,2005-12-04 17:01:47,notice,workerEnv.init() ok /etc/httpd/conf/workers2.properties,E2,workerEnv.init() ok <*>,workerenvinit ok etchttpdconfworkersnumproperties,workerenvinit ok,1
691,2005-12-04 17:01:47,error,mod_jk child workerEnv in error state 6,E3,mod_jk child workerEnv in error state <*>,mod_jk child workerenv in error state num,mod_jk child workerenv in error state,0
692,2005-12-04 17:01:47,notice,workerEnv.init() ok /etc/httpd/conf/workers2.properties,E2,workerEnv.init() ok <*>,workerenvinit ok etchttpdconfworkersnumproperties,workerenvinit ok,1
693,2005-12-04 17:01:47,error,mod_jk child workerEnv in error state 6,E3,mod_jk child workerEnv in error state <*>,mod_jk child workerenv in error state num,mod_jk child workerenv in error state,0
694,2005-12-04 17:01:47,notice,workerEnv.init() ok /etc/httpd/conf/workers2.properties,E2,workerEnv.init() ok <*>,workerenvinit ok etchttpdconfworkersnumproperties,workerenvinit ok,1
695,2005-12-04 17:01:47,error,mod_jk child workerEnv in error state 6,E3,mod_jk child workerEnv in error state <*>,mod_jk child workerenv in error state num,mod_jk child workerenv in error state,0
696,2005-12-04 17:05:45,notice,jk2_init() Found child 1375 in scoreboard slot 9,E1,jk2_init() Found child <*> in scoreboard slot <*>,jknum_init found child num in scoreboard slot num,jknum_init found child in scoreboard slot,1
697,2005-12-04 17:05:45,notice,jk2_init() Found child 1376 in scoreboard slot 10,E1,jk2_init() Found child <*> in scoreboard slot <*>,jknum_init found child num in scoreboard slot num,jknum_init found child in scoreboard slot,1
698,2005-12-04 17:05:45,notice,jk2_init() Found child 1377 in scoreboard slot 6,E1,jk2_init() Found child <*> in scoreboard slot <*>,jknum_init found child num in scoreboard slot num,jknum_init found child in scoreboard slot,1
699,2005-12-04 17:05:48,notice,workerEnv.init() ok /etc/httpd/conf/workers2.properties,E2,workerEnv.init() ok <*>,workerenvinit ok etchttpdconfworkersnumproperties,workerenvinit ok,1
700,2005-12-04 17:05:48,notice,workerEnv.init() ok /etc/httpd/conf/workers2.properties,E2,workerEnv.init() ok <*>,workerenvinit ok etchttpdconfworkersnumproperties,workerenvinit ok,1
701,2005-12-04 17:05:48,notice,workerEnv.init() ok /etc/httpd/conf/workers2.properties,E2,workerEnv.init() ok <*>,workerenvinit ok etchttpdconfworkersnumproperties,workerenvinit ok,1
702,2005-12-04 17:05:48,error,mod_jk child workerEnv in error state 6,E3,mod_jk child workerEnv in error state <*>,mod_jk child workerenv in error state num,mod_jk child workerenv in error state,0
703,2005-12-04 17:05:48,error,mod_jk child workerEnv in error state 6,E3,mod_jk child workerEnv in error state <*>,mod_jk child workerenv in error state num,mod_jk child workerenv in error state,0
704,2005-12-04 17:05:48,error,mod_jk child workerEnv in error state 6,E3,mod_jk child workerEnv in error state <*>,mod_jk child workerenv in error state num,mod_jk child workerenv in error state,0
705,2005-12-04 17:11:23,notice,jk2_init() Found child 1387 in scoreboard slot 7,E1,jk2_init() Found child <*> in scoreboard slot <*>,jknum_init found child num in scoreboard slot num,jknum_init found child in scoreboard slot,1
706,2005-12-04 17:11:37,notice,jk2_init() Found child 1390 in scoreboard slot 10,E1,jk2_init() Found child <*> in scoreboard slot <*>,jknum_init found child num in scoreboard slot num,jknum_init found child in scoreboard slot,1
707,2005-12-04 17:11:37,notice,jk2_init() Found child 1388 in scoreboard slot 8,E1,jk2_init() Found child <*> in scoreboard slot <*>,jknum_init found child num in scoreboard slot num,jknum_init found child in scoreboard slot,1
708,2005-12-04 17:11:37,notice,jk2_init() Found child 1389 in scoreboard slot 9,E1,jk2_init() Found child <*> in scoreboard slot <*>,jknum_init found child num in scoreboard slot num,jknum_init found child in scoreboard slot,1
709,2005-12-04 17:12:42,notice,jk2_init() Found child 1393 in scoreboard slot 8,E1,jk2_init() Found child <*> in scoreboard slot <*>,jknum_init found child num in scoreboard slot num,jknum_init found child in scoreboard slot,1
710,2005-12-04 17:12:50,notice,jk2_init() Found child 1395 in scoreboard slot 10,E1,jk2_init() Found child <*> in scoreboard slot <*>,jknum_init found child num in scoreboard slot num,jknum_init found child in scoreboard slot,1
711,2005-12-04 17:12:50,notice,jk2_init() Found child 1396 in scoreboard slot 6,E1,jk2_init() Found child <*> in scoreboard slot <*>,jknum_init found child num in scoreboard slot num,jknum_init found child in scoreboard slot,1
712,2005-12-04 17:12:50,notice,jk2_init() Found child 1394 in scoreboard slot 9,E1,jk2_init() Found child <*> in scoreboard slot <*>,jknum_init found child num in scoreboard slot num,jknum_init found child in scoreboard slot,1
713,2005-12-04 17:12:54,notice,workerEnv.init() ok /etc/httpd/conf/workers2.properties,E2,workerEnv.init() ok <*>,workerenvinit ok etchttpdconfworkersnumproperties,workerenvinit ok,1
714,2005-12-04 17:12:54,notice,workerEnv.init() ok /etc/httpd/conf/workers2.properties,E2,workerEnv.init() ok <*>,workerenvinit ok etchttpdconfworkersnumproperties,workerenvinit ok,1
715,2005-12-04 17:12:54,notice,workerEnv.init() ok /etc/httpd/conf/workers2.properties,E2,workerEnv.init() ok <*>,workerenvinit ok etchttpdconfworkersnumproperties,workerenvinit ok,1
716,2005-12-04 17:12:54,notice,workerEnv.init() ok /etc/httpd/conf/workers2.properties,E2,workerEnv.init() ok <*>,workerenvinit ok etchttpdconfworkersnumproperties,workerenvinit ok,1
717,2005-12-04 17:12:55,error,mod_jk child workerEnv in error state 6,E3,mod_jk child workerEnv in error state <*>,mod_jk child workerenv in error state num,mod_jk child workerenv in error state,0
718,2005-12-04 17:12:55,error,mod_jk child workerEnv in error state 7,E3,mod_jk child workerEnv in error state <*>,mod_jk child workerenv in error state num,mod_jk child workerenv in error state,0
719,2005-12-04 17:12:55,error,mod_jk child workerEnv in error state 7,E3,mod_jk child workerEnv in error state <*>,mod_jk child workerenv in error state num,mod_jk child workerenv in error state,0
720,2005-12-04 17:12:55,error,mod_jk child workerEnv in error state 7,E3,mod_jk child workerEnv in error state <*>,mod_jk child workerenv in error state num,mod_jk child workerenv in error state,0
721,2005-12-04 17:12:56,notice,jk2_init() Found child 1397 in scoreboard slot 7,E1,jk2_init() Found child <*> in scoreboard slot <*>,jknum_init found child num in scoreboard slot num,jknum_init found child in scoreboard slot,1
722,2005-12-04 17:12:57,notice,workerEnv.init() ok /etc/httpd/conf/workers2.properties,E2,workerEnv.init() ok <*>,workerenvinit ok etchttpdconfworkersnumproperties,workerenvinit ok,1
723,2005-12-04 17:12:57,error,mod_jk child workerEnv in error state 7,E3,mod_jk child workerEnv in error state <*>,mod_jk child workerenv in error state num,mod_jk child workerenv in error state,0
724,2005-12-04 17:17:07,notice,jk2_init() Found child 1414 in scoreboard slot 7,E1,jk2_init() Found child <*> in scoreboard slot <*>,jknum_init found child num in scoreboard slot num,jknum_init found child in scoreboard slot,1
725,2005-12-04 17:17:07,notice,jk2_init() Found child 1412 in scoreboard slot 10,E1,jk2_init() Found child <*> in scoreboard slot <*>,jknum_init found child num in scoreboard slot num,jknum_init found child in scoreboard slot,1
726,2005-12-04 17:17:07,notice,jk2_init() Found child 1413 in scoreboard slot 6,E1,jk2_init() Found child <*> in scoreboard slot <*>,jknum_init found child num in scoreboard slot num,jknum_init found child in scoreboard slot,1
727,2005-12-04 17:20:38,notice,jk2_init() Found child 1448 in scoreboard slot 6,E1,jk2_init() Found child <*> in scoreboard slot <*>,jknum_init found child num in scoreboard slot num,jknum_init found child in scoreboard slot,1
728,2005-12-04 17:20:38,notice,jk2_init() Found child 1439 in scoreboard slot 7,E1,jk2_init() Found child <*> in scoreboard slot <*>,jknum_init found child num in scoreboard slot num,jknum_init found child in scoreboard slot,1
729,2005-12-04 17:20:38,notice,jk2_init() Found child 1441 in scoreboard slot 9,E1,jk2_init() Found child <*> in scoreboard slot <*>,jknum_init found child num in scoreboard slot num,jknum_init found child in scoreboard slot,1
730,2005-12-04 17:20:38,notice,jk2_init() Found child 1450 in scoreboard slot 11,E1,jk2_init() Found child <*> in scoreboard slot <*>,jknum_init found child num in scoreboard slot num,jknum_init found child in scoreboard slot,1
731,2005-12-04 17:20:39,notice,jk2_init() Found child 1449 in scoreboard slot 10,E1,jk2_init() Found child <*> in scoreboard slot <*>,jknum_init found child num in scoreboard slot num,jknum_init found child in scoreboard slot,1
732,2005-12-04 17:20:39,notice,jk2_init() Found child 1440 in scoreboard slot 8,E1,jk2_init() Found child <*> in scoreboard slot <*>,jknum_init found child num in scoreboard slot num,jknum_init found child in scoreboard slot,1
733,2005-12-04 17:20:44,notice,workerEnv.init() ok /etc/httpd/conf/workers2.properties,E2,workerEnv.init() ok <*>,workerenvinit ok etchttpdconfworkersnumproperties,workerenvinit ok,1
734,2005-12-04 17:20:44,notice,workerEnv.init() ok /etc/httpd/conf/workers2.properties,E2,workerEnv.init() ok <*>,workerenvinit ok etchttpdconfworkersnumproperties,workerenvinit ok,1
735,2005-12-04 17:20:44,notice,workerEnv.init() ok /etc/httpd/conf/workers2.properties,E2,workerEnv.init() ok <*>,workerenvinit ok etchttpdconfworkersnumproperties,workerenvinit ok,1
736,2005-12-04 17:20:44,notice,workerEnv.init() ok /etc/httpd/conf/workers2.properties,E2,workerEnv.init() ok <*>,workerenvinit ok etchttpdconfworkersnumproperties,workerenvinit ok,1
737,2005-12-04 17:20:44,notice,workerEnv.init() ok /etc/httpd/conf/workers2.properties,E2,workerEnv.init() ok <*>,workerenvinit ok etchttpdconfworkersnumproperties,workerenvinit ok,1
738,2005-12-04 17:20:46,error,mod_jk child workerEnv in error state 7,E3,mod_jk child workerEnv in error state <*>,mod_jk child workerenv in error state num,mod_jk child workerenv in error state,0
739,2005-12-04 17:20:46,error,mod_jk child workerEnv in error state 6,E3,mod_jk child workerEnv in error state <*>,mod_jk child workerenv in error state num,mod_jk child workerenv in error state,0
740,2005-12-04 17:20:46,error,mod_jk child workerEnv in error state 6,E3,mod_jk child workerEnv in error state <*>,mod_jk child workerenv in error state num,mod_jk child workerenv in error state,0
741,2005-12-04 17:20:46,error,mod_jk child workerEnv in error state 7,E3,mod_jk child workerEnv in error state <*>,mod_jk child workerenv in error state num,mod_jk child workerenv in error state,0
742,2005-12-04 17:20:46,error,mod_jk child workerEnv in error state 6,E3,mod_jk child workerEnv in error state <*>,mod_jk child workerenv in error state num,mod_jk child workerenv in error state,0
743,2005-12-04 17:21:01,notice,jk2_init() Found child 1452 in scoreboard slot 7,E1,jk2_init() Found child <*> in scoreboard slot <*>,jknum_init found child num in scoreboard slot num,jknum_init found child in scoreboard slot,1
744,2005-12-04 17:21:04,notice,workerEnv.init() ok /etc/httpd/conf/workers2.properties,E2,workerEnv.init() ok <*>,workerenvinit ok etchttpdconfworkersnumproperties,workerenvinit ok,1
745,2005-12-04 17:21:04,error,mod_jk child workerEnv in error state 8,E3,mod_jk child workerEnv in error state <*>,mod_jk child workerenv in error state num,mod_jk child workerenv in error state,0
746,2005-12-04 17:26:04,notice,jk2_init() Found child 1461 in scoreboard slot 8,E1,jk2_init() Found child <*> in scoreboard slot <*>,jknum_init found child num in scoreboard slot num,jknum_init found child in scoreboard slot,1
747,2005-12-04 17:26:39,notice,jk2_init() Found child 1462 in scoreboard slot 6,E1,jk2_init() Found child <*> in scoreboard slot <*>,jknum_init found child num in scoreboard slot num,jknum_init found child in scoreboard slot,1
748,2005-12-04 17:27:13,notice,jk2_init() Found child 1466 in scoreboard slot 8,E1,jk2_init() Found child <*> in scoreboard slot <*>,jknum_init found child num in scoreboard slot num,jknum_init found child in scoreboard slot,1
749,2005-12-04 17:28:00,notice,jk2_init() Found child 1470 in scoreboard slot 7,E1,jk2_init() Found child <*> in scoreboard slot <*>,jknum_init found child num in scoreboard slot num,jknum_init found child in scoreboard slot,1
750,2005-12-04 17:28:42,notice,jk2_init() Found child 1477 in scoreboard slot 6,E1,jk2_init() Found child <*> in scoreboard slot <*>,jknum_init found child num in scoreboard slot num,jknum_init found child in scoreboard slot,1
751,2005-12-04 17:28:41,notice,jk2_init() Found child 1476 in scoreboard slot 8,E1,jk2_init() Found child <*> in scoreboard slot <*>,jknum_init found child num in scoreboard slot num,jknum_init found child in scoreboard slot,1
752,2005-12-04 17:31:00,notice,jk2_init() Found child 1501 in scoreboard slot 7,E1,jk2_init() Found child <*> in scoreboard slot <*>,jknum_init found child num in scoreboard slot num,jknum_init found child in scoreboard slot,1
753,2005-12-04 17:31:00,notice,jk2_init() Found child 1502 in scoreboard slot 6,E1,jk2_init() Found child <*> in scoreboard slot <*>,jknum_init found child num in scoreboard slot num,jknum_init found child in scoreboard slot,1
754,2005-12-04 17:31:00,notice,jk2_init() Found child 1498 in scoreboard slot 8,E1,jk2_init() Found child <*> in scoreboard slot <*>,jknum_init found child num in scoreboard slot num,jknum_init found child in scoreboard slot,1
755,2005-12-04 17:31:00,notice,jk2_init() Found child 1499 in scoreboard slot 11,E1,jk2_init() Found child <*> in scoreboard slot <*>,jknum_init found child num in scoreboard slot num,jknum_init found child in scoreboard slot,1
756,2005-12-04 17:31:10,notice,workerEnv.init() ok /etc/httpd/conf/workers2.properties,E2,workerEnv.init() ok <*>,workerenvinit ok etchttpdconfworkersnumproperties,workerenvinit ok,1
757,2005-12-04 17:31:10,notice,workerEnv.init() ok /etc/httpd/conf/workers2.properties,E2,workerEnv.init() ok <*>,workerenvinit ok etchttpdconfworkersnumproperties,workerenvinit ok,1
758,2005-12-04 17:31:10,notice,workerEnv.init() ok /etc/httpd/conf/workers2.properties,E2,workerEnv.init() ok <*>,workerenvinit ok etchttpdconfworkersnumproperties,workerenvinit ok,1
759,2005-12-04 17:31:11,notice,workerEnv.init() ok /etc/httpd/conf/workers2.properties,E2,workerEnv.init() ok <*>,workerenvinit ok etchttpdconfworkersnumproperties,workerenvinit ok,1
760,2005-12-04 17:31:12,error,mod_jk child workerEnv in error state 6,E3,mod_jk child workerEnv in error state <*>,mod_jk child workerenv in error state num,mod_jk child workerenv in error state,0
761,2005-12-04 17:31:12,error,mod_jk child workerEnv in error state 6,E3,mod_jk child workerEnv in error state <*>,mod_jk child workerenv in error state num,mod_jk child workerenv in error state,0
762,2005-12-04 17:31:12,error,mod_jk child workerEnv in error state 8,E3,mod_jk child workerEnv in error state <*>,mod_jk child workerenv in error state num,mod_jk child workerenv in error state,0
763,2005-12-04 17:31:12,error,mod_jk child workerEnv in error state 9,E3,mod_jk child workerEnv in error state <*>,mod_jk child workerenv in error state num,mod_jk child workerenv in error state,0
764,2005-12-04 17:31:43,notice,jk2_init() Found child 1503 in scoreboard slot 9,E1,jk2_init() Found child <*> in scoreboard slot <*>,jknum_init found child num in scoreboard slot num,jknum_init found child in scoreboard slot,1
765,2005-12-04 17:31:43,notice,jk2_init() Found child 1504 in scoreboard slot 8,E1,jk2_init() Found child <*> in scoreboard slot <*>,jknum_init found child num in scoreboard slot num,jknum_init found child in scoreboard slot,1
766,2005-12-04 17:31:45,notice,workerEnv.init() ok /etc/httpd/conf/workers2.properties,E2,workerEnv.init() ok <*>,workerenvinit ok etchttpdconfworkersnumproperties,workerenvinit ok,1
767,2005-12-04 17:31:45,notice,workerEnv.init() ok /etc/httpd/conf/workers2.properties,E2,workerEnv.init() ok <*>,workerenvinit ok etchttpdconfworkersnumproperties,workerenvinit ok,1
768,2005-12-04 17:31:45,error,mod_jk child workerEnv in error state 6,E3,mod_jk child workerEnv in error state <*>,mod_jk child workerenv in error state num,mod_jk child workerenv in error state,0
769,2005-12-04 17:31:45,error,mod_jk child workerEnv in error state 6,E3,mod_jk child workerEnv in error state <*>,mod_jk child workerenv in error state num,mod_jk child workerenv in error state,0
770,2005-12-04 17:34:52,notice,jk2_init() Found child 1507 in scoreboard slot 10,E1,jk2_init() Found child <*> in scoreboard slot <*>,jknum_init found child num in scoreboard slot num,jknum_init found child in scoreboard slot,1
771,2005-12-04 17:34:57,notice,workerEnv.init() ok /etc/httpd/conf/workers2.properties,E2,workerEnv.init() ok <*>,workerenvinit ok etchttpdconfworkersnumproperties,workerenvinit ok,1
772,2005-12-04 17:34:57,error,mod_jk child workerEnv in error state 6,E3,mod_jk child workerEnv in error state <*>,mod_jk child workerenv in error state num,mod_jk child workerenv in error state,0
773,2005-12-04 17:34:57,error,[client 61.138.216.82] Directory index forbidden by rule: /var/www/html/,E4,[client <*>] Directory index forbidden by rule: <*>,client ip directory index forbidden by rule varwwwhtml,client directory index forbidden by rule,0
774,2005-12-04 17:36:14,notice,jk2_init() Found child 1512 in scoreboard slot 7,E1,jk2_init() Found child <*> in scoreboard slot <*>,jknum_init found child num in scoreboard slot num,jknum_init found child in scoreboard slot,1
775,2005-12-04 17:36:14,notice,jk2_init() Found child 1513 in scoreboard slot 6,E1,jk2_init() Found child <*> in scoreboard slot <*>,jknum_init found child num in scoreboard slot num,jknum_init found child in scoreboard slot,1
776,2005-12-04 17:37:08,notice,jk2_init() Found child 1517 in scoreboard slot 7,E1,jk2_init() Found child <*> in scoreboard slot <*>,jknum_init found child num in scoreboard slot num,jknum_init found child in scoreboard slot,1
777,2005-12-04 17:37:08,notice,jk2_init() Found child 1518 in scoreboard slot 6,E1,jk2_init() Found child <*> in scoreboard slot <*>,jknum_init found child num in scoreboard slot num,jknum_init found child in scoreboard slot,1
778,2005-12-04 17:37:47,notice,jk2_init() Found child 1520 in scoreboard slot 8,E1,jk2_init() Found child <*> in scoreboard slot <*>,jknum_init found child num in scoreboard slot num,jknum_init found child in scoreboard slot,1
779,2005-12-04 17:37:47,notice,jk2_init() Found child 1521 in scoreboard slot 10,E1,jk2_init() Found child <*> in scoreboard slot <*>,jknum_init found child num in scoreboard slot num,jknum_init found child in scoreboard slot,1
780,2005-12-04 17:39:00,notice,jk2_init() Found child 1529 in scoreboard slot 9,E1,jk2_init() Found child <*> in scoreboard slot <*>,jknum_init found child num in scoreboard slot num,jknum_init found child in scoreboard slot,1
781,2005-12-04 17:39:01,notice,jk2_init() Found child 1530 in scoreboard slot 8,E1,jk2_init() Found child <*> in scoreboard slot <*>,jknum_init found child num in scoreboard slot num,jknum_init found child in scoreboard slot,1
782,2005-12-04 17:39:00,notice,jk2_init() Found child 1528 in scoreboard slot 7,E1,jk2_init() Found child <*> in scoreboard slot <*>,jknum_init found child num in scoreboard slot num,jknum_init found child in scoreboard slot,1
783,2005-12-04 17:39:00,notice,jk2_init() Found child 1527 in scoreboard slot 6,E1,jk2_init() Found child <*> in scoreboard slot <*>,jknum_init found child num in scoreboard slot num,jknum_init found child in scoreboard slot,1
784,2005-12-04 17:43:08,notice,jk2_init() Found child 1565 in scoreboard slot 9,E1,jk2_init() Found child <*> in scoreboard slot <*>,jknum_init found child num in scoreboard slot num,jknum_init found child in scoreboard slot,1
785,2005-12-04 17:43:08,error,jk2_init() Can't find child 1566 in scoreboard,E5,jk2_init() Can't find child <*> in scoreboard,jknum_init cant find child num in scoreboard,jknum_init cant find child in scoreboard,0
786,2005-12-04 17:43:08,notice,jk2_init() Found child 1561 in scoreboard slot 6,E1,jk2_init() Found child <*> in scoreboard slot <*>,jknum_init found child num in scoreboard slot num,jknum_init found child in scoreboard slot,1
787,2005-12-04 17:43:08,notice,jk2_init() Found child 1563 in scoreboard slot 8,E1,jk2_init() Found child <*> in scoreboard slot <*>,jknum_init found child num in scoreboard slot num,jknum_init found child in scoreboard slot,1
788,2005-12-04 17:43:08,notice,jk2_init() Found child 1562 in scoreboard slot 7,E1,jk2_init() Found child <*> in scoreboard slot <*>,jknum_init found child num in scoreboard slot num,jknum_init found child in scoreboard slot,1
789,2005-12-04 17:43:08,error,jk2_init() Can't find child 1567 in scoreboard,E5,jk2_init() Can't find child <*> in scoreboard,jknum_init cant find child num in scoreboard,jknum_init cant find child in scoreboard,0
790,2005-12-04 17:43:08,notice,jk2_init() Found child 1568 in scoreboard slot 13,E1,jk2_init() Found child <*> in scoreboard slot <*>,jknum_init found child num in scoreboard slot num,jknum_init found child in scoreboard slot,1
791,2005-12-04 17:43:12,notice,workerEnv.init() ok /etc/httpd/conf/workers2.properties,E2,workerEnv.init() ok <*>,workerenvinit ok etchttpdconfworkersnumproperties,workerenvinit ok,1
792,2005-12-04 17:43:12,error,mod_jk child workerEnv in error state 9,E3,mod_jk child workerEnv in error state <*>,mod_jk child workerenv in error state num,mod_jk child workerenv in error state,0
793,2005-12-04 17:43:12,notice,workerEnv.init() ok /etc/httpd/conf/workers2.properties,E2,workerEnv.init() ok <*>,workerenvinit ok etchttpdconfworkersnumproperties,workerenvinit ok,1
794,2005-12-04 17:43:12,error,mod_jk child workerEnv in error state 8,E3,mod_jk child workerEnv in error state <*>,mod_jk child workerenv in error state num,mod_jk child workerenv in error state,0
795,2005-12-04 17:43:12,notice,workerEnv.init() ok /etc/httpd/conf/workers2.properties,E2,workerEnv.init() ok <*>,workerenvinit ok etchttpdconfworkersnumproperties,workerenvinit ok,1
796,2005-12-04 17:43:12,error,mod_jk child init 1 -2,E6,mod_jk child init <*> <*>,mod_jk child init num num,mod_jk child init,0
797,2005-12-04 17:43:12,notice,workerEnv.init() ok /etc/httpd/conf/workers2.properties,E2,workerEnv.init() ok <*>,workerenvinit ok etchttpdconfworkersnumproperties,workerenvinit ok,1
798,2005-12-04 17:43:12,error,mod_jk child workerEnv in error state 7,E3,mod_jk child workerEnv in error state <*>,mod_jk child workerenv in error state num,mod_jk child workerenv in error state,0
799,2005-12-04 17:43:12,notice,workerEnv.init() ok /etc/httpd/conf/workers2.properties,E2,workerEnv.init() ok <*>,workerenvinit ok etchttpdconfworkersnumproperties,workerenvinit ok,1
800,2005-12-04 17:43:12,error,mod_jk child workerEnv in error state 9,E3,mod_jk child workerEnv in error state <*>,mod_jk child workerenv in error state num,mod_jk child workerenv in error state,0
801,2005-12-04 17:43:12,notice,workerEnv.init() ok /etc/httpd/conf/workers2.properties,E2,workerEnv.init() ok <*>,workerenvinit ok etchttpdconfworkersnumproperties,workerenvinit ok,1
802,2005-12-04 17:43:12,error,mod_jk child init 1 -2,E6,mod_jk child init <*> <*>,mod_jk child init num num,mod_jk child init,0
803,2005-12-04 17:43:12,notice,workerEnv.init() ok /etc/httpd/conf/workers2.properties,E2,workerEnv.init() ok <*>,workerenvinit ok etchttpdconfworkersnumproperties,workerenvinit ok,1
804,2005-12-04 17:43:12,error,mod_jk child workerEnv in error state 6,E3,mod_jk child workerEnv in error state <*>,mod_jk child workerenv in error state num,mod_jk child workerenv in error state,0
805,2005-12-04 17:53:43,error,[client 218.39.132.175] Directory index forbidden by rule: /var/www/html/,E4,[client <*>] Directory index forbidden by rule: <*>,client ip directory index forbidden by rule varwwwhtml,client directory index forbidden by rule,0
806,2005-12-04 18:24:22,error,[client 125.30.38.52] Directory index forbidden by rule: /var/www/html/,E4,[client <*>] Directory index forbidden by rule: <*>,client ip directory index forbidden by rule varwwwhtml,client directory index forbidden by rule,0
807,2005-12-04 19:25:51,notice,jk2_init() Found child 1763 in scoreboard slot 6,E1,jk2_init() Found child <*> in scoreboard slot <*>,jknum_init found child num in scoreboard slot num,jknum_init found child in scoreboard slot,1
808,2005-12-04 19:25:53,notice,workerEnv.init() ok /etc/httpd/conf/workers2.properties,E2,workerEnv.init() ok <*>,workerenvinit ok etchttpdconfworkersnumproperties,workerenvinit ok,1
809,2005-12-04 19:25:53,error,mod_jk child workerEnv in error state 6,E3,mod_jk child workerEnv in error state <*>,mod_jk child workerenv in error state num,mod_jk child workerenv in error state,0
810,2005-12-04 19:32:20,notice,jk2_init() Found child 1786 in scoreboard slot 8,E1,jk2_init() Found child <*> in scoreboard slot <*>,jknum_init found child num in scoreboard slot num,jknum_init found child in scoreboard slot,1
811,2005-12-04 19:32:20,notice,jk2_init() Found child 1787 in scoreboard slot 9,E1,jk2_init() Found child <*> in scoreboard slot <*>,jknum_init found child num in scoreboard slot num,jknum_init found child in scoreboard slot,1
812,2005-12-04 19:32:32,notice,workerEnv.init() ok /etc/httpd/conf/workers2.properties,E2,workerEnv.init() ok <*>,workerenvinit ok etchttpdconfworkersnumproperties,workerenvinit ok,1
813,2005-12-04 19:32:33,error,mod_jk child workerEnv in error state 6,E3,mod_jk child workerEnv in error state <*>,mod_jk child workerenv in error state num,mod_jk child workerenv in error state,0
814,2005-12-04 19:32:34,notice,jk2_init() Found child 1788 in scoreboard slot 6,E1,jk2_init() Found child <*> in scoreboard slot <*>,jknum_init found child num in scoreboard slot num,jknum_init found child in scoreboard slot,1
815,2005-12-04 19:32:34,notice,jk2_init() Found child 1790 in scoreboard slot 8,E1,jk2_init() Found child <*> in scoreboard slot <*>,jknum_init found child num in scoreboard slot num,jknum_init found child in scoreboard slot,1
816,2005-12-04 19:32:34,notice,jk2_init() Found child 1789 in scoreboard slot 7,E1,jk2_init() Found child <*> in scoreboard slot <*>,jknum_init found child num in scoreboard slot num,jknum_init found child in scoreboard slot,1
817,2005-12-04 19:32:34,notice,workerEnv.init() ok /etc/httpd/conf/workers2.properties,E2,workerEnv.init() ok <*>,workerenvinit ok etchttpdconfworkersnumproperties,workerenvinit ok,1
818,2005-12-04 19:32:34,error,mod_jk child workerEnv in error state 6,E3,mod_jk child workerEnv in error state <*>,mod_jk child workerenv in error state num,mod_jk child workerenv in error state,0
819,2005-12-04 19:32:34,notice,workerEnv.init() ok /etc/httpd/conf/workers2.properties,E2,workerEnv.init() ok <*>,workerenvinit ok etchttpdconfworkersnumproperties,workerenvinit ok,1
820,2005-12-04 19:32:34,error,mod_jk child workerEnv in error state 7,E3,mod_jk child workerEnv in error state <*>,mod_jk child workerenv in error state num,mod_jk child workerenv in error state,0
821,2005-12-04 19:32:34,notice,workerEnv.init() ok /etc/httpd/conf/workers2.properties,E2,workerEnv.init() ok <*>,workerenvinit ok etchttpdconfworkersnumproperties,workerenvinit ok,1
822,2005-12-04 19:32:34,error,mod_jk child workerEnv in error state 6,E3,mod_jk child workerEnv in error state <*>,mod_jk child workerenv in error state num,mod_jk child workerenv in error state,0
823,2005-12-04 19:35:58,notice,jk2_init() Found child 1797 in scoreboard slot 9,E1,jk2_init() Found child <*> in scoreboard slot <*>,jknum_init found child num in scoreboard slot num,jknum_init found child in scoreboard slot,1
824,2005-12-04 19:35:58,notice,jk2_init() Found child 1798 in scoreboard slot 6,E1,jk2_init() Found child <*> in scoreboard slot <*>,jknum_init found child num in scoreboard slot num,jknum_init found child in scoreboard slot,1
825,2005-12-04 19:35:58,notice,jk2_init() Found child 1799 in scoreboard slot 7,E1,jk2_init() Found child <*> in scoreboard slot <*>,jknum_init found child num in scoreboard slot num,jknum_init found child in scoreboard slot,1
826,2005-12-04 19:35:58,notice,jk2_init() Found child 1800 in scoreboard slot 10,E1,jk2_init() Found child <*> in scoreboard slot <*>,jknum_init found child num in scoreboard slot num,jknum_init found child in scoreboard slot,1
827,2005-12-04 19:35:58,notice,jk2_init() Found child 1801 in scoreboard slot 12,E1,jk2_init() Found child <*> in scoreboard slot <*>,jknum_init found child num in scoreboard slot num,jknum_init found child in scoreboard slot,1
828,2005-12-04 19:36:05,error,[client 61.37.222.240] Directory index forbidden by rule: /var/www/html/,E4,[client <*>] Directory index forbidden by rule: <*>,client ip directory index forbidden by rule varwwwhtml,client directory index forbidden by rule,0
829,2005-12-04 19:36:07,notice,workerEnv.init() ok /etc/httpd/conf/workers2.properties,E2,workerEnv.init() ok <*>,workerenvinit ok etchttpdconfworkersnumproperties,workerenvinit ok,1
830,2005-12-04 19:36:07,error,mod_jk child workerEnv in error state 6,E3,mod_jk child workerEnv in error state <*>,mod_jk child workerenv in error state num,mod_jk child workerenv in error state,0
831,2005-12-04 19:36:07,notice,workerEnv.init() ok /etc/httpd/conf/workers2.properties,E2,workerEnv.init() ok <*>,workerenvinit ok etchttpdconfworkersnumproperties,workerenvinit ok,1
832,2005-12-04 19:36:07,error,mod_jk child workerEnv in error state 6,E3,mod_jk child workerEnv in error state <*>,mod_jk child workerenv in error state num,mod_jk child workerenv in error state,0
833,2005-12-04 19:36:07,notice,workerEnv.init() ok /etc/httpd/conf/workers2.properties,E2,workerEnv.init() ok <*>,workerenvinit ok etchttpdconfworkersnumproperties,workerenvinit ok,1
834,2005-12-04 19:36:07,error,mod_jk child workerEnv in error state 6,E3,mod_jk child workerEnv in error state <*>,mod_jk child workerenv in error state num,mod_jk child workerenv in error state,0
835,2005-12-04 19:36:07,notice,workerEnv.init() ok /etc/httpd/conf/workers2.properties,E2,workerEnv.init() ok <*>,workerenvinit ok etchttpdconfworkersnumproperties,workerenvinit ok,1
836,2005-12-04 19:36:07,error,mod_jk child workerEnv in error state 6,E3,mod_jk child workerEnv in error state <*>,mod_jk child workerenv in error state num,mod_jk child workerenv in error state,0
837,2005-12-04 19:36:07,notice,workerEnv.init() ok /etc/httpd/conf/workers2.properties,E2,workerEnv.init() ok <*>,workerenvinit ok etchttpdconfworkersnumproperties,workerenvinit ok,1
838,2005-12-04 19:36:07,error,mod_jk child workerEnv in error state 6,E3,mod_jk child workerEnv in error state <*>,mod_jk child workerenv in error state num,mod_jk child workerenv in error state,0
839,2005-12-04 19:41:20,notice,jk2_init() Found child 1816 in scoreboard slot 9,E1,jk2_init() Found child <*> in scoreboard slot <*>,jknum_init found child num in scoreboard slot num,jknum_init found child in scoreboard slot,1
840,2005-12-04 19:41:20,notice,jk2_init() Found child 1814 in scoreboard slot 7,E1,jk2_init() Found child <*> in scoreboard slot <*>,jknum_init found child num in scoreboard slot num,jknum_init found child in scoreboard slot,1
841,2005-12-04 19:41:20,notice,jk2_init() Found child 1813 in scoreboard slot 6,E1,jk2_init() Found child <*> in scoreboard slot <*>,jknum_init found child num in scoreboard slot num,jknum_init found child in scoreboard slot,1
842,2005-12-04 19:41:20,notice,jk2_init() Found child 1815 in scoreboard slot 8,E1,jk2_init() Found child <*> in scoreboard slot <*>,jknum_init found child num in scoreboard slot num,jknum_init found child in scoreboard slot,1
843,2005-12-04 19:41:21,notice,workerEnv.init() ok /etc/httpd/conf/workers2.properties,E2,workerEnv.init() ok <*>,workerenvinit ok etchttpdconfworkersnumproperties,workerenvinit ok,1
844,2005-12-04 19:41:21,error,mod_jk child workerEnv in error state 6,E3,mod_jk child workerEnv in error state <*>,mod_jk child workerenv in error state num,mod_jk child workerenv in error state,0
845,2005-12-04 19:41:21,notice,workerEnv.init() ok /etc/httpd/conf/workers2.properties,E2,workerEnv.init() ok <*>,workerenvinit ok etchttpdconfworkersnumproperties,workerenvinit ok,1
846,2005-12-04 19:41:21,error,mod_jk child workerEnv in error state 6,E3,mod_jk child workerEnv in error state <*>,mod_jk child workerenv in error state num,mod_jk child workerenv in error state,0
847,2005-12-04 19:41:21,notice,workerEnv.init() ok /etc/httpd/conf/workers2.properties,E2,workerEnv.init() ok <*>,workerenvinit ok etchttpdconfworkersnumproperties,workerenvinit ok,1
848,2005-12-04 19:41:21,error,mod_jk child workerEnv in error state 6,E3,mod_jk child workerEnv in error state <*>,mod_jk child workerenv in error state num,mod_jk child workerenv in error state,0
849,2005-12-04 19:41:21,notice,workerEnv.init() ok /etc/httpd/conf/workers2.properties,E2,workerEnv.init() ok <*>,workerenvinit ok etchttpdconfworkersnumproperties,workerenvinit ok,1
850,2005-12-04 19:41:21,error,mod_jk child workerEnv in error state 6,E3,mod_jk child workerEnv in error state <*>,mod_jk child workerenv in error state num,mod_jk child workerenv in error state,0
851,2005-12-04 19:46:04,notice,jk2_init() Found child 1821 in scoreboard slot 6,E1,jk2_init() Found child <*> in scoreboard slot <*>,jknum_init found child num in scoreboard slot num,jknum_init found child in scoreboard slot,1
852,2005-12-04 19:46:04,notice,jk2_init() Found child 1822 in scoreboard slot 7,E1,jk2_init() Found child <*> in scoreboard slot <*>,jknum_init found child num in scoreboard slot num,jknum_init found child in scoreboard slot,1
853,2005-12-04 19:46:13,notice,workerEnv.init() ok /etc/httpd/conf/workers2.properties,E2,workerEnv.init() ok <*>,workerenvinit ok etchttpdconfworkersnumproperties,workerenvinit ok,1
854,2005-12-04 19:46:13,notice,workerEnv.init() ok /etc/httpd/conf/workers2.properties,E2,workerEnv.init() ok <*>,workerenvinit ok etchttpdconfworkersnumproperties,workerenvinit ok,1
855,2005-12-04 19:46:13,error,mod_jk child workerEnv in error state 6,E3,mod_jk child workerEnv in error state <*>,mod_jk child workerenv in error state num,mod_jk child workerenv in error state,0
856,2005-12-04 19:46:13,error,mod_jk child workerEnv in error state 6,E3,mod_jk child workerEnv in error state <*>,mod_jk child workerenv in error state num,mod_jk child workerenv in error state,0
857,2005-12-04 19:46:16,notice,jk2_init() Found child 1823 in scoreboard slot 8,E1,jk2_init() Found child <*> in scoreboard slot <*>,jknum_init found child num in scoreboard slot num,jknum_init found child in scoreboard slot,1
858,2005-12-04 19:46:19,notice,jk2_init() Found child 1824 in scoreboard slot 9,E1,jk2_init() Found child <*> in scoreboard slot <*>,jknum_init found child num in scoreboard slot num,jknum_init found child in scoreboard slot,1
859,2005-12-04 19:46:20,notice,workerEnv.init() ok /etc/httpd/conf/workers2.properties,E2,workerEnv.init() ok <*>,workerenvinit ok etchttpdconfworkersnumproperties,workerenvinit ok,1
860,2005-12-04 19:46:20,error,mod_jk child workerEnv in error state 6,E3,mod_jk child workerEnv in error state <*>,mod_jk child workerenv in error state num,mod_jk child workerenv in error state,0
861,2005-12-04 19:46:20,notice,workerEnv.init() ok /etc/httpd/conf/workers2.properties,E2,workerEnv.init() ok <*>,workerenvinit ok etchttpdconfworkersnumproperties,workerenvinit ok,1
862,2005-12-04 19:46:20,error,mod_jk child workerEnv in error state 6,E3,mod_jk child workerEnv in error state <*>,mod_jk child workerenv in error state num,mod_jk child workerenv in error state,0
863,2005-12-04 19:50:39,notice,jk2_init() Found child 1833 in scoreboard slot 7,E1,jk2_init() Found child <*> in scoreboard slot <*>,jknum_init found child num in scoreboard slot num,jknum_init found child in scoreboard slot,1
864,2005-12-04 19:50:39,notice,jk2_init() Found child 1832 in scoreboard slot 6,E1,jk2_init() Found child <*> in scoreboard slot <*>,jknum_init found child num in scoreboard slot num,jknum_init found child in scoreboard slot,1
865,2005-12-04 19:50:51,notice,workerEnv.init() ok /etc/httpd/conf/workers2.properties,E2,workerEnv.init() ok <*>,workerenvinit ok etchttpdconfworkersnumproperties,workerenvinit ok,1
866,2005-12-04 19:50:51,notice,workerEnv.init() ok /etc/httpd/conf/workers2.properties,E2,workerEnv.init() ok <*>,workerenvinit ok etchttpdconfworkersnumproperties,workerenvinit ok,1
867,2005-12-04 19:50:55,error,mod_jk child workerEnv in error state 6,E3,mod_jk child workerEnv in error state <*>,mod_jk child workerenv in error state num,mod_jk child workerenv in error state,0
868,2005-12-04 19:50:57,notice,jk2_init() Found child 1834 in scoreboard slot 8,E1,jk2_init() Found child <*> in scoreboard slot <*>,jknum_init found child num in scoreboard slot num,jknum_init found child in scoreboard slot,1
869,2005-12-04 19:50:55,error,mod_jk child workerEnv in error state 6,E3,mod_jk child workerEnv in error state <*>,mod_jk child workerenv in error state num,mod_jk child workerenv in error state,0
870,2005-12-04 19:51:16,notice,workerEnv.init() ok /etc/httpd/conf/workers2.properties,E2,workerEnv.init() ok <*>,workerenvinit ok etchttpdconfworkersnumproperties,workerenvinit ok,1
871,2005-12-04 19:51:18,error,mod_jk child workerEnv in error state 6,E3,mod_jk child workerEnv in error state <*>,mod_jk child workerenv in error state num,mod_jk child workerenv in error state,0
872,2005-12-04 19:51:43,notice,jk2_init() Found child 1835 in scoreboard slot 9,E1,jk2_init() Found child <*> in scoreboard slot <*>,jknum_init found child num in scoreboard slot num,jknum_init found child in scoreboard slot,1
873,2005-12-04 19:51:52,notice,jk2_init() Found child 1836 in scoreboard slot 6,E1,jk2_init() Found child <*> in scoreboard slot <*>,jknum_init found child num in scoreboard slot num,jknum_init found child in scoreboard slot,1
874,2005-12-04 19:51:52,notice,jk2_init() Found child 1837 in scoreboard slot 7,E1,jk2_init() Found child <*> in scoreboard slot <*>,jknum_init found child num in scoreboard slot num,jknum_init found child in scoreboard slot,1
875,2005-12-04 19:51:54,notice,workerEnv.init() ok /etc/httpd/conf/workers2.properties,E2,workerEnv.init() ok <*>,workerenvinit ok etchttpdconfworkersnumproperties,workerenvinit ok,1
876,2005-12-04 19:51:54,error,mod_jk child workerEnv in error state 6,E3,mod_jk child workerEnv in error state <*>,mod_jk child workerenv in error state num,mod_jk child workerenv in error state,0
877,2005-12-04 19:51:54,notice,workerEnv.init() ok /etc/httpd/conf/workers2.properties,E2,workerEnv.init() ok <*>,workerenvinit ok etchttpdconfworkersnumproperties,workerenvinit ok,1
878,2005-12-04 19:51:54,error,mod_jk child workerEnv in error state 6,E3,mod_jk child workerEnv in error state <*>,mod_jk child workerenv in error state num,mod_jk child workerenv in error state,0
879,2005-12-04 19:51:54,notice,workerEnv.init() ok /etc/httpd/conf/workers2.properties,E2,workerEnv.init() ok <*>,workerenvinit ok etchttpdconfworkersnumproperties,workerenvinit ok,1
880,2005-12-04 19:51:54,error,mod_jk child workerEnv in error state 6,E3,mod_jk child workerEnv in error state <*>,mod_jk child workerenv in error state num,mod_jk child workerenv in error state,0
881,2005-12-04 19:56:51,notice,jk2_init() Found child 1851 in scoreboard slot 6,E1,jk2_init() Found child <*> in scoreboard slot <*>,jknum_init found child num in scoreboard slot num,jknum_init found child in scoreboard slot,1
882,2005-12-04 19:56:51,notice,jk2_init() Found child 1852 in scoreboard slot 9,E1,jk2_init() Found child <*> in scoreboard slot <*>,jknum_init found child num in scoreboard slot num,jknum_init found child in scoreboard slot,1
883,2005-12-04 19:56:51,notice,jk2_init() Found child 1853 in scoreboard slot 7,E1,jk2_init() Found child <*> in scoreboard slot <*>,jknum_init found child num in scoreboard slot num,jknum_init found child in scoreboard slot,1
884,2005-12-04 19:56:51,notice,jk2_init() Found child 1850 in scoreboard slot 8,E1,jk2_init() Found child <*> in scoreboard slot <*>,jknum_init found child num in scoreboard slot num,jknum_init found child in scoreboard slot,1
885,2005-12-04 19:56:53,notice,workerEnv.init() ok /etc/httpd/conf/workers2.properties,E2,workerEnv.init() ok <*>,workerenvinit ok etchttpdconfworkersnumproperties,workerenvinit ok,1
886,2005-12-04 19:56:53,error,mod_jk child workerEnv in error state 6,E3,mod_jk child workerEnv in error state <*>,mod_jk child workerenv in error state num,mod_jk child workerenv in error state,0
887,2005-12-04 19:56:53,notice,workerEnv.init() ok /etc/httpd/conf/workers2.properties,E2,workerEnv.init() ok <*>,workerenvinit ok etchttpdconfworkersnumproperties,workerenvinit ok,1
888,2005-12-04 19:56:53,error,mod_jk child workerEnv in error state 6,E3,mod_jk child workerEnv in error state <*>,mod_jk child workerenv in error state num,mod_jk child workerenv in error state,0
889,2005-12-04 19:56:53,notice,workerEnv.init() ok /etc/httpd/conf/workers2.properties,E2,workerEnv.init() ok <*>,workerenvinit ok etchttpdconfworkersnumproperties,workerenvinit ok,1
890,2005-12-04 19:56:53,error,mod_jk child workerEnv in error state 6,E3,mod_jk child workerEnv in error state <*>,mod_jk child workerenv in error state num,mod_jk child workerenv in error state,0
891,2005-12-04 19:56:53,notice,workerEnv.init() ok /etc/httpd/conf/workers2.properties,E2,workerEnv.init() ok <*>,workerenvinit ok etchttpdconfworkersnumproperties,workerenvinit ok,1
892,2005-12-04 19:56:53,error,mod_jk child workerEnv in error state 6,E3,mod_jk child workerEnv in error state <*>,mod_jk child workerenv in error state num,mod_jk child workerenv in error state,0
893,2005-12-04 20:01:00,notice,jk2_init() Found child 1861 in scoreboard slot 8,E1,jk2_init() Found child <*> in scoreboard slot <*>,jknum_init found child num in scoreboard slot num,jknum_init found child in scoreboard slot,1
894,2005-12-04 20:01:00,notice,jk2_init() Found child 1862 in scoreboard slot 6,E1,jk2_init() Found child <*> in scoreboard slot <*>,jknum_init found child num in scoreboard slot num,jknum_init found child in scoreboard slot,1
895,2005-12-04 20:01:30,notice,jk2_init() Found child 1867 in scoreboard slot 8,E1,jk2_init() Found child <*> in scoreboard slot <*>,jknum_init found child num in scoreboard slot num,jknum_init found child in scoreboard slot,1
896,2005-12-04 20:01:30,notice,jk2_init() Found child 1864 in scoreboard slot 7,E1,jk2_init() Found child <*> in scoreboard slot <*>,jknum_init found child num in scoreboard slot num,jknum_init found child in scoreboard slot,1
897,2005-12-04 20:01:30,notice,jk2_init() Found child 1868 in scoreboard slot 6,E1,jk2_init() Found child <*> in scoreboard slot <*>,jknum_init found child num in scoreboard slot num,jknum_init found child in scoreboard slot,1
898,2005-12-04 20:01:30,notice,jk2_init() Found child 1863 in scoreboard slot 9,E1,jk2_init() Found child <*> in scoreboard slot <*>,jknum_init found child num in scoreboard slot num,jknum_init found child in scoreboard slot,1
899,2005-12-04 20:01:37,notice,workerEnv.init() ok /etc/httpd/conf/workers2.properties,E2,workerEnv.init() ok <*>,workerenvinit ok etchttpdconfworkersnumproperties,workerenvinit ok,1
900,2005-12-04 20:01:37,notice,workerEnv.init() ok /etc/httpd/conf/workers2.properties,E2,workerEnv.init() ok <*>,workerenvinit ok etchttpdconfworkersnumproperties,workerenvinit ok,1
901,2005-12-04 20:01:37,notice,workerEnv.init() ok /etc/httpd/conf/workers2.properties,E2,workerEnv.init() ok <*>,workerenvinit ok etchttpdconfworkersnumproperties,workerenvinit ok,1
902,2005-12-04 20:01:37,notice,workerEnv.init() ok /etc/httpd/conf/workers2.properties,E2,workerEnv.init() ok <*>,workerenvinit ok etchttpdconfworkersnumproperties,workerenvinit ok,1
903,2005-12-04 20:01:37,error,mod_jk child workerEnv in error state 6,E3,mod_jk child workerEnv in error state <*>,mod_jk child workerenv in error state num,mod_jk child workerenv in error state,0
904,2005-12-04 20:01:37,error,mod_jk child workerEnv in error state 6,E3,mod_jk child workerEnv in error state <*>,mod_jk child workerenv in error state num,mod_jk child workerenv in error state,0
905,2005-12-04 20:01:37,error,mod_jk child workerEnv in error state 6,E3,mod_jk child workerEnv in error state <*>,mod_jk child workerenv in error state num,mod_jk child workerenv in error state,0
906,2005-12-04 20:01:37,error,mod_jk child workerEnv in error state 7,E3,mod_jk child workerEnv in error state <*>,mod_jk child workerenv in error state num,mod_jk child workerenv in error state,0
907,2005-12-04 20:05:55,notice,jk2_init() Found child 1887 in scoreboard slot 8,E1,jk2_init() Found child <*> in scoreboard slot <*>,jknum_init found child num in scoreboard slot num,jknum_init found child in scoreboard slot,1
908,2005-12-04 20:05:55,notice,jk2_init() Found child 1885 in scoreboard slot 9,E1,jk2_init() Found child <*> in scoreboard slot <*>,jknum_init found child num in scoreboard slot num,jknum_init found child in scoreboard slot,1
909,2005-12-04 20:05:55,notice,jk2_init() Found child 1888 in scoreboard slot 6,E1,jk2_init() Found child <*> in scoreboard slot <*>,jknum_init found child num in scoreboard slot num,jknum_init found child in scoreboard slot,1
910,2005-12-04 20:05:55,notice,jk2_init() Found child 1886 in scoreboard slot 7,E1,jk2_init() Found child <*> in scoreboard slot <*>,jknum_init found child num in scoreboard slot num,jknum_init found child in scoreboard slot,1
911,2005-12-04 20:05:58,notice,workerEnv.init() ok /etc/httpd/conf/workers2.properties,E2,workerEnv.init() ok <*>,workerenvinit ok etchttpdconfworkersnumproperties,workerenvinit ok,1
912,2005-12-04 20:05:59,error,mod_jk child workerEnv in error state 6,E3,mod_jk child workerEnv in error state <*>,mod_jk child workerenv in error state num,mod_jk child workerenv in error state,0
913,2005-12-04 20:05:59,notice,workerEnv.init() ok /etc/httpd/conf/workers2.properties,E2,workerEnv.init() ok <*>,workerenvinit ok etchttpdconfworkersnumproperties,workerenvinit ok,1
914,2005-12-04 20:05:59,error,mod_jk child workerEnv in error state 6,E3,mod_jk child workerEnv in error state <*>,mod_jk child workerenv in error state num,mod_jk child workerenv in error state,0
915,2005-12-04 20:05:59,notice,workerEnv.init() ok /etc/httpd/conf/workers2.properties,E2,workerEnv.init() ok <*>,workerenvinit ok etchttpdconfworkersnumproperties,workerenvinit ok,1
916,2005-12-04 20:05:59,error,mod_jk child workerEnv in error state 6,E3,mod_jk child workerEnv in error state <*>,mod_jk child workerenv in error state num,mod_jk child workerenv in error state,0
917,2005-12-04 20:05:59,notice,workerEnv.init() ok /etc/httpd/conf/workers2.properties,E2,workerEnv.init() ok <*>,workerenvinit ok etchttpdconfworkersnumproperties,workerenvinit ok,1
918,2005-12-04 20:05:59,error,mod_jk child workerEnv in error state 6,E3,mod_jk child workerEnv in error state <*>,mod_jk child workerenv in error state num,mod_jk child workerenv in error state,0
919,2005-12-04 20:11:09,notice,jk2_init() Found child 1899 in scoreboard slot 7,E1,jk2_init() Found child <*> in scoreboard slot <*>,jknum_init found child num in scoreboard slot num,jknum_init found child in scoreboard slot,1
920,2005-12-04 20:11:09,notice,jk2_init() Found child 1900 in scoreboard slot 8,E1,jk2_init() Found child <*> in scoreboard slot <*>,jknum_init found child num in scoreboard slot num,jknum_init found child in scoreboard slot,1
921,2005-12-04 20:11:09,notice,jk2_init() Found child 1901 in scoreboard slot 6,E1,jk2_init() Found child <*> in scoreboard slot <*>,jknum_init found child num in scoreboard slot num,jknum_init found child in scoreboard slot,1
922,2005-12-04 20:11:09,notice,jk2_init() Found child 1898 in scoreboard slot 9,E1,jk2_init() Found child <*> in scoreboard slot <*>,jknum_init found child num in scoreboard slot num,jknum_init found child in scoreboard slot,1
923,2005-12-04 20:11:14,notice,workerEnv.init() ok /etc/httpd/conf/workers2.properties,E2,workerEnv.init() ok <*>,workerenvinit ok etchttpdconfworkersnumproperties,workerenvinit ok,1
924,2005-12-04 20:11:14,error,mod_jk child workerEnv in error state 6,E3,mod_jk child workerEnv in error state <*>,mod_jk child workerenv in error state num,mod_jk child workerenv in error state,0
925,2005-12-04 20:11:14,notice,workerEnv.init() ok /etc/httpd/conf/workers2.properties,E2,workerEnv.init() ok <*>,workerenvinit ok etchttpdconfworkersnumproperties,workerenvinit ok,1
926,2005-12-04 20:11:14,error,mod_jk child workerEnv in error state 6,E3,mod_jk child workerEnv in error state <*>,mod_jk child workerenv in error state num,mod_jk child workerenv in error state,0
927,2005-12-04 20:11:14,notice,workerEnv.init() ok /etc/httpd/conf/workers2.properties,E2,workerEnv.init() ok <*>,workerenvinit ok etchttpdconfworkersnumproperties,workerenvinit ok,1
928,2005-12-04 20:11:14,error,mod_jk child workerEnv in error state 6,E3,mod_jk child workerEnv in error state <*>,mod_jk child workerenv in error state num,mod_jk child workerenv in error state,0
929,2005-12-04 20:11:14,notice,workerEnv.init() ok /etc/httpd/conf/workers2.properties,E2,workerEnv.init() ok <*>,workerenvinit ok etchttpdconfworkersnumproperties,workerenvinit ok,1
930,2005-12-04 20:11:14,error,mod_jk child workerEnv in error state 6,E3,mod_jk child workerEnv in error state <*>,mod_jk child workerenv in error state num,mod_jk child workerenv in error state,0
931,2005-12-04 20:16:10,notice,jk2_init() Found child 1912 in scoreboard slot 9,E1,jk2_init() Found child <*> in scoreboard slot <*>,jknum_init found child num in scoreboard slot num,jknum_init found child in scoreboard slot,1
932,2005-12-04 20:16:10,notice,jk2_init() Found child 1915 in scoreboard slot 6,E1,jk2_init() Found child <*> in scoreboard slot <*>,jknum_init found child num in scoreboard slot num,jknum_init found child in scoreboard slot,1
933,2005-12-04 20:16:10,notice,jk2_init() Found child 1913 in scoreboard slot 7,E1,jk2_init() Found child <*> in scoreboard slot <*>,jknum_init found child num in scoreboard slot num,jknum_init found child in scoreboard slot,1
934,2005-12-04 20:16:10,notice,jk2_init() Found child 1914 in scoreboard slot 8,E1,jk2_init() Found child <*> in scoreboard slot <*>,jknum_init found child num in scoreboard slot num,jknum_init found child in scoreboard slot,1
935,2005-12-04 20:16:15,notice,workerEnv.init() ok /etc/httpd/conf/workers2.properties,E2,workerEnv.init() ok <*>,workerenvinit ok etchttpdconfworkersnumproperties,workerenvinit ok,1
936,2005-12-04 20:16:15,notice,workerEnv.init() ok /etc/httpd/conf/workers2.properties,E2,workerEnv.init() ok <*>,workerenvinit ok etchttpdconfworkersnumproperties,workerenvinit ok,1
937,2005-12-04 20:16:15,notice,workerEnv.init() ok /etc/httpd/conf/workers2.properties,E2,workerEnv.init() ok <*>,workerenvinit ok etchttpdconfworkersnumproperties,workerenvinit ok,1
938,2005-12-04 20:16:15,notice,workerEnv.init() ok /etc/httpd/conf/workers2.properties,E2,workerEnv.init() ok <*>,workerenvinit ok etchttpdconfworkersnumproperties,workerenvinit ok,1
939,2005-12-04 20:16:15,error,mod_jk child workerEnv in error state 6,E3,mod_jk child workerEnv in error state <*>,mod_jk child workerenv in error state num,mod_jk child workerenv in error state,0
940,2005-12-04 20:16:15,error,mod_jk child workerEnv in error state 6,E3,mod_jk child workerEnv in error state <*>,mod_jk child workerenv in error state num,mod_jk child workerenv in error state,0
941,2005-12-04 20:16:15,error,mod_jk child workerEnv in error state 6,E3,mod_jk child workerEnv in error state <*>,mod_jk child workerenv in error state num,mod_jk child workerenv in error state,0
942,2005-12-04 20:16:15,error,mod_jk child workerEnv in error state 6,E3,mod_jk child workerEnv in error state <*>,mod_jk child workerenv in error state num,mod_jk child workerenv in error state,0
943,2005-12-04 20:20:57,notice,jk2_init() Found child 1931 in scoreboard slot 7,E1,jk2_init() Found child <*> in scoreboard slot <*>,jknum_init found child num in scoreboard slot num,jknum_init found child in scoreboard slot,1
944,2005-12-04 20:21:09,notice,jk2_init() Found child 1932 in scoreboard slot 8,E1,jk2_init() Found child <*> in scoreboard slot <*>,jknum_init found child num in scoreboard slot num,jknum_init found child in scoreboard slot,1
945,2005-12-04 20:21:08,notice,jk2_init() Found child 1933 in scoreboard slot 6,E1,jk2_init() Found child <*> in scoreboard slot <*>,jknum_init found child num in scoreboard slot num,jknum_init found child in scoreboard slot,1
946,2005-12-04 20:21:21,notice,workerEnv.init() ok /etc/httpd/conf/workers2.properties,E2,workerEnv.init() ok <*>,workerenvinit ok etchttpdconfworkersnumproperties,workerenvinit ok,1
947,2005-12-04 20:21:31,notice,workerEnv.init() ok /etc/httpd/conf/workers2.properties,E2,workerEnv.init() ok <*>,workerenvinit ok etchttpdconfworkersnumproperties,workerenvinit ok,1
948,2005-12-04 20:21:31,notice,workerEnv.init() ok /etc/httpd/conf/workers2.properties,E2,workerEnv.init() ok <*>,workerenvinit ok etchttpdconfworkersnumproperties,workerenvinit ok,1
949,2005-12-04 20:21:37,notice,jk2_init() Found child 1934 in scoreboard slot 9,E1,jk2_init() Found child <*> in scoreboard slot <*>,jknum_init found child num in scoreboard slot num,jknum_init found child in scoreboard slot,1
950,2005-12-04 20:21:36,error,mod_jk child workerEnv in error state 6,E3,mod_jk child workerEnv in error state <*>,mod_jk child workerenv in error state num,mod_jk child workerenv in error state,0
951,2005-12-04 20:22:09,notice,workerEnv.init() ok /etc/httpd/conf/workers2.properties,E2,workerEnv.init() ok <*>,workerenvinit ok etchttpdconfworkersnumproperties,workerenvinit ok,1
952,2005-12-04 20:22:12,notice,jk2_init() Found child 1936 in scoreboard slot 8,E1,jk2_init() Found child <*> in scoreboard slot <*>,jknum_init found child num in scoreboard slot num,jknum_init found child in scoreboard slot,1
953,2005-12-04 20:22:12,notice,jk2_init() Found child 1935 in scoreboard slot 7,E1,jk2_init() Found child <*> in scoreboard slot <*>,jknum_init found child num in scoreboard slot num,jknum_init found child in scoreboard slot,1
954,2005-12-04 20:22:49,notice,workerEnv.init() ok /etc/httpd/conf/workers2.properties,E2,workerEnv.init() ok <*>,workerenvinit ok etchttpdconfworkersnumproperties,workerenvinit ok,1
955,2005-12-04 20:22:52,error,mod_jk child workerEnv in error state 7,E3,mod_jk child workerEnv in error state <*>,mod_jk child workerenv in error state num,mod_jk child workerenv in error state,0
956,2005-12-04 20:22:57,notice,jk2_init() Found child 1937 in scoreboard slot 6,E1,jk2_init() Found child <*> in scoreboard slot <*>,jknum_init found child num in scoreboard slot num,jknum_init found child in scoreboard slot,1
957,2005-12-04 20:23:12,notice,jk2_init() Found child 1938 in scoreboard slot 9,E1,jk2_init() Found child <*> in scoreboard slot <*>,jknum_init found child num in scoreboard slot num,jknum_init found child in scoreboard slot,1
958,2005-12-04 20:24:45,notice,jk2_init() Found child 1950 in scoreboard slot 9,E1,jk2_init() Found child <*> in scoreboard slot <*>,jknum_init found child num in scoreboard slot num,jknum_init found child in scoreboard slot,1
959,2005-12-04 20:24:45,notice,jk2_init() Found child 1951 in scoreboard slot 7,E1,jk2_init() Found child <*> in scoreboard slot <*>,jknum_init found child num in scoreboard slot num,jknum_init found child in scoreboard slot,1
960,2005-12-04 20:24:45,notice,jk2_init() Found child 1949 in scoreboard slot 6,E1,jk2_init() Found child <*> in scoreboard slot <*>,jknum_init found child num in scoreboard slot num,jknum_init found child in scoreboard slot,1
961,2005-12-04 20:24:45,notice,jk2_init() Found child 1948 in scoreboard slot 8,E1,jk2_init() Found child <*> in scoreboard slot <*>,jknum_init found child num in scoreboard slot num,jknum_init found child in scoreboard slot,1
962,2005-12-04 20:24:49,notice,workerEnv.init() ok /etc/httpd/conf/workers2.properties,E2,workerEnv.init() ok <*>,workerenvinit ok etchttpdconfworkersnumproperties,workerenvinit ok,1
963,2005-12-04 20:24:49,error,mod_jk child workerEnv in error state 8,E3,mod_jk child workerEnv in error state <*>,mod_jk child workerenv in error state num,mod_jk child workerenv in error state,0
964,2005-12-04 20:24:49,notice,workerEnv.init() ok /etc/httpd/conf/workers2.properties,E2,workerEnv.init() ok <*>,workerenvinit ok etchttpdconfworkersnumproperties,workerenvinit ok,1
965,2005-12-04 20:24:49,error,mod_jk child workerEnv in error state 8,E3,mod_jk child workerEnv in error state <*>,mod_jk child workerenv in error state num,mod_jk child workerenv in error state,0
966,2005-12-04 20:24:49,notice,workerEnv.init() ok /etc/httpd/conf/workers2.properties,E2,workerEnv.init() ok <*>,workerenvinit ok etchttpdconfworkersnumproperties,workerenvinit ok,1
967,2005-12-04 20:24:49,error,mod_jk child workerEnv in error state 6,E3,mod_jk child workerEnv in error state <*>,mod_jk child workerenv in error state num,mod_jk child workerenv in error state,0
968,2005-12-04 20:24:49,notice,workerEnv.init() ok /etc/httpd/conf/workers2.properties,E2,workerEnv.init() ok <*>,workerenvinit ok etchttpdconfworkersnumproperties,workerenvinit ok,1
969,2005-12-04 20:24:49,error,mod_jk child workerEnv in error state 7,E3,mod_jk child workerEnv in error state <*>,mod_jk child workerenv in error state num,mod_jk child workerenv in error state,0
970,2005-12-04 20:26:10,notice,jk2_init() Found child 1957 in scoreboard slot 8,E1,jk2_init() Found child <*> in scoreboard slot <*>,jknum_init found child num in scoreboard slot num,jknum_init found child in scoreboard slot,1
971,2005-12-04 20:26:53,notice,workerEnv.init() ok /etc/httpd/conf/workers2.properties,E2,workerEnv.init() ok <*>,workerenvinit ok etchttpdconfworkersnumproperties,workerenvinit ok,1
972,2005-12-04 20:26:54,error,mod_jk child workerEnv in error state 6,E3,mod_jk child workerEnv in error state <*>,mod_jk child workerenv in error state num,mod_jk child workerenv in error state,0
973,2005-12-04 20:26:58,notice,jk2_init() Found child 1959 in scoreboard slot 9,E1,jk2_init() Found child <*> in scoreboard slot <*>,jknum_init found child num in scoreboard slot num,jknum_init found child in scoreboard slot,1
974,2005-12-04 20:26:58,notice,jk2_init() Found child 1958 in scoreboard slot 6,E1,jk2_init() Found child <*> in scoreboard slot <*>,jknum_init found child num in scoreboard slot num,jknum_init found child in scoreboard slot,1
975,2005-12-04 20:27:43,notice,jk2_init() Found child 1961 in scoreboard slot 8,E1,jk2_init() Found child <*> in scoreboard slot <*>,jknum_init found child num in scoreboard slot num,jknum_init found child in scoreboard slot,1
976,2005-12-04 20:28:00,notice,jk2_init() Found child 1962 in scoreboard slot 6,E1,jk2_init() Found child <*> in scoreboard slot <*>,jknum_init found child num in scoreboard slot num,jknum_init found child in scoreboard slot,1
977,2005-12-04 20:28:00,notice,jk2_init() Found child 1963 in scoreboard slot 9,E1,jk2_init() Found child <*> in scoreboard slot <*>,jknum_init found child num in scoreboard slot num,jknum_init found child in scoreboard slot,1
978,2005-12-04 20:28:26,notice,jk2_init() Found child 1964 in scoreboard slot 7,E1,jk2_init() Found child <*> in scoreboard slot <*>,jknum_init found child num in scoreboard slot num,jknum_init found child in scoreboard slot,1
979,2005-12-04 20:28:39,notice,jk2_init() Found child 1966 in scoreboard slot 6,E1,jk2_init() Found child <*> in scoreboard slot <*>,jknum_init found child num in scoreboard slot num,jknum_init found child in scoreboard slot,1
980,2005-12-04 20:28:39,notice,jk2_init() Found child 1967 in scoreboard slot 9,E1,jk2_init() Found child <*> in scoreboard slot <*>,jknum_init found child num in scoreboard slot num,jknum_init found child in scoreboard slot,1
981,2005-12-04 20:28:39,notice,jk2_init() Found child 1965 in scoreboard slot 8,E1,jk2_init() Found child <*> in scoreboard slot <*>,jknum_init found child num in scoreboard slot num,jknum_init found child in scoreboard slot,1
982,2005-12-04 20:29:34,notice,jk2_init() Found child 1970 in scoreboard slot 6,E1,jk2_init() Found child <*> in scoreboard slot <*>,jknum_init found child num in scoreboard slot num,jknum_init found child in scoreboard slot,1
983,2005-12-04 20:30:59,notice,jk2_init() Found child 1984 in scoreboard slot 10,E1,jk2_init() Found child <*> in scoreboard slot <*>,jknum_init found child num in scoreboard slot num,jknum_init found child in scoreboard slot,1
984,2005-12-04 20:31:35,notice,jk2_init() Found child 1990 in scoreboard slot 9,E1,jk2_init() Found child <*> in scoreboard slot <*>,jknum_init found child num in scoreboard slot num,jknum_init found child in scoreboard slot,1
985,2005-12-04 20:32:37,notice,jk2_init() Found child 1999 in scoreboard slot 6,E1,jk2_init() Found child <*> in scoreboard slot <*>,jknum_init found child num in scoreboard slot num,jknum_init found child in scoreboard slot,1
986,2005-12-04 20:32:37,notice,jk2_init() Found child 2000 in scoreboard slot 7,E1,jk2_init() Found child <*> in scoreboard slot <*>,jknum_init found child num in scoreboard slot num,jknum_init found child in scoreboard slot,1
987,2005-12-04 20:32:37,notice,jk2_init() Found child 1998 in scoreboard slot 9,E1,jk2_init() Found child <*> in scoreboard slot <*>,jknum_init found child num in scoreboard slot num,jknum_init found child in scoreboard slot,1
988,2005-12-04 20:32:50,notice,workerEnv.init() ok /etc/httpd/conf/workers2.properties,E2,workerEnv.init() ok <*>,workerenvinit ok etchttpdconfworkersnumproperties,workerenvinit ok,1
989,2005-12-04 20:32:50,notice,workerEnv.init() ok /etc/httpd/conf/workers2.properties,E2,workerEnv.init() ok <*>,workerenvinit ok etchttpdconfworkersnumproperties,workerenvinit ok,1
990,2005-12-04 20:32:50,notice,workerEnv.init() ok /etc/httpd/conf/workers2.properties,E2,workerEnv.init() ok <*>,workerenvinit ok etchttpdconfworkersnumproperties,workerenvinit ok,1
991,2005-12-04 20:32:55,error,mod_jk child workerEnv in error state 10,E3,mod_jk child workerEnv in error state <*>,mod_jk child workerenv in error state num,mod_jk child workerenv in error state,0
992,2005-12-04 20:32:55,error,mod_jk child workerEnv in error state 6,E3,mod_jk child workerEnv in error state <*>,mod_jk child workerenv in error state num,mod_jk child workerenv in error state,0
993,2005-12-04 20:32:55,error,mod_jk child workerEnv in error state 10,E3,mod_jk child workerEnv in error state <*>,mod_jk child workerenv in error state num,mod_jk child workerenv in error state,0
994,2005-12-04 20:33:35,notice,jk2_init() Found child 2002 in scoreboard slot 8,E1,jk2_init() Found child <*> in scoreboard slot <*>,jknum_init found child num in scoreboard slot num,jknum_init found child in scoreboard slot,1
995,2005-12-04 20:33:35,notice,jk2_init() Found child 2001 in scoreboard slot 9,E1,jk2_init() Found child <*> in scoreboard slot <*>,jknum_init found child num in scoreboard slot num,jknum_init found child in scoreboard slot,1
996,2005-12-04 20:33:47,notice,jk2_init() Found child 2005 in scoreboard slot 7,E1,jk2_init() Found child <*> in scoreboard slot <*>,jknum_init found child num in scoreboard slot num,jknum_init found child in scoreboard slot,1
997,2005-12-04 20:33:47,notice,jk2_init() Found child 2004 in scoreboard slot 6,E1,jk2_init() Found child <*> in scoreboard slot <*>,jknum_init found child num in scoreboard slot num,jknum_init found child in scoreboard slot,1
998,2005-12-04 20:34:13,notice,workerEnv.init() ok /etc/httpd/conf/workers2.properties,E2,workerEnv.init() ok <*>,workerenvinit ok etchttpdconfworkersnumproperties,workerenvinit ok,1
999,2005-12-04 20:34:14,error,mod_jk child workerEnv in error state 6,E3,mod_jk child workerEnv in error state <*>,mod_jk child workerenv in error state num,mod_jk child workerenv in error state,0
1000,2005-12-04 20:34:20,notice,jk2_init() Found child 2007 in scoreboard slot 8,E1,jk2_init() Found child <*> in scoreboard slot <*>,jknum_init found child num in scoreboard slot num,jknum_init found child in scoreboard slot,1
1001,2005-12-04 20:34:20,notice,jk2_init() Found child 2006 in scoreboard slot 9,E1,jk2_init() Found child <*> in scoreboard slot <*>,jknum_init found child num in scoreboard slot num,jknum_init found child in scoreboard slot,1
1002,2005-12-04 20:34:21,notice,jk2_init() Found child 2008 in scoreboard slot 6,E1,jk2_init() Found child <*> in scoreboard slot <*>,jknum_init found child num in scoreboard slot num,jknum_init found child in scoreboard slot,1
1003,2005-12-04 20:34:25,notice,workerEnv.init() ok /etc/httpd/conf/workers2.properties,E2,workerEnv.init() ok <*>,workerenvinit ok etchttpdconfworkersnumproperties,workerenvinit ok,1
1004,2005-12-04 20:34:25,error,mod_jk child workerEnv in error state 7,E3,mod_jk child workerEnv in error state <*>,mod_jk child workerenv in error state num,mod_jk child workerenv in error state,0
1005,2005-12-04 20:34:25,notice,workerEnv.init() ok /etc/httpd/conf/workers2.properties,E2,workerEnv.init() ok <*>,workerenvinit ok etchttpdconfworkersnumproperties,workerenvinit ok,1
1006,2005-12-04 20:34:25,error,mod_jk child workerEnv in error state 9,E3,mod_jk child workerEnv in error state <*>,mod_jk child workerenv in error state num,mod_jk child workerenv in error state,0
1007,2005-12-04 20:34:25,notice,workerEnv.init() ok /etc/httpd/conf/workers2.properties,E2,workerEnv.init() ok <*>,workerenvinit ok etchttpdconfworkersnumproperties,workerenvinit ok,1
1008,2005-12-04 20:34:25,error,mod_jk child workerEnv in error state 7,E3,mod_jk child workerEnv in error state <*>,mod_jk child workerenv in error state num,mod_jk child workerenv in error state,0
1009,2005-12-04 20:37:29,notice,jk2_init() Found child 2028 in scoreboard slot 9,E1,jk2_init() Found child <*> in scoreboard slot <*>,jknum_init found child num in scoreboard slot num,jknum_init found child in scoreboard slot,1
1010,2005-12-04 20:37:29,notice,jk2_init() Found child 2027 in scoreboard slot 7,E1,jk2_init() Found child <*> in scoreboard slot <*>,jknum_init found child num in scoreboard slot num,jknum_init found child in scoreboard slot,1
1011,2005-12-04 20:37:29,notice,jk2_init() Found child 2029 in scoreboard slot 8,E1,jk2_init() Found child <*> in scoreboard slot <*>,jknum_init found child num in scoreboard slot num,jknum_init found child in scoreboard slot,1
1012,2005-12-04 20:37:46,notice,workerEnv.init() ok /etc/httpd/conf/workers2.properties,E2,workerEnv.init() ok <*>,workerenvinit ok etchttpdconfworkersnumproperties,workerenvinit ok,1
1013,2005-12-04 20:37:46,notice,workerEnv.init() ok /etc/httpd/conf/workers2.properties,E2,workerEnv.init() ok <*>,workerenvinit ok etchttpdconfworkersnumproperties,workerenvinit ok,1
1014,2005-12-04 20:37:49,error,mod_jk child workerEnv in error state 6,E3,mod_jk child workerEnv in error state <*>,mod_jk child workerenv in error state num,mod_jk child workerenv in error state,0
1015,2005-12-04 20:37:49,error,mod_jk child workerEnv in error state 6,E3,mod_jk child workerEnv in error state <*>,mod_jk child workerenv in error state num,mod_jk child workerenv in error state,0
1016,2005-12-04 20:38:10,notice,jk2_init() Found child 2030 in scoreboard slot 6,E1,jk2_init() Found child <*> in scoreboard slot <*>,jknum_init found child num in scoreboard slot num,jknum_init found child in scoreboard slot,1
1017,2005-12-04 20:38:10,notice,jk2_init() Found child 2031 in scoreboard slot 7,E1,jk2_init() Found child <*> in scoreboard slot <*>,jknum_init found child num in scoreboard slot num,jknum_init found child in scoreboard slot,1
1018,2005-12-04 20:38:11,notice,jk2_init() Found child 2032 in scoreboard slot 9,E1,jk2_init() Found child <*> in scoreboard slot <*>,jknum_init found child num in scoreboard slot num,jknum_init found child in scoreboard slot,1
1019,2005-12-04 20:38:14,notice,workerEnv.init() ok /etc/httpd/conf/workers2.properties,E2,workerEnv.init() ok <*>,workerenvinit ok etchttpdconfworkersnumproperties,workerenvinit ok,1
1020,2005-12-04 20:38:14,notice,workerEnv.init() ok /etc/httpd/conf/workers2.properties,E2,workerEnv.init() ok <*>,workerenvinit ok etchttpdconfworkersnumproperties,workerenvinit ok,1
1021,2005-12-04 20:38:14,notice,workerEnv.init() ok /etc/httpd/conf/workers2.properties,E2,workerEnv.init() ok <*>,workerenvinit ok etchttpdconfworkersnumproperties,workerenvinit ok,1
1022,2005-12-04 20:38:14,error,mod_jk child workerEnv in error state 6,E3,mod_jk child workerEnv in error state <*>,mod_jk child workerenv in error state num,mod_jk child workerenv in error state,0
1023,2005-12-04 20:38:14,error,mod_jk child workerEnv in error state 6,E3,mod_jk child workerEnv in error state <*>,mod_jk child workerenv in error state num,mod_jk child workerenv in error state,0
1024,2005-12-04 20:38:14,error,mod_jk child workerEnv in error state 7,E3,mod_jk child workerEnv in error state <*>,mod_jk child workerenv in error state num,mod_jk child workerenv in error state,0
1025,2005-12-04 20:41:12,notice,jk2_init() Found child 2042 in scoreboard slot 8,E1,jk2_init() Found child <*> in scoreboard slot <*>,jknum_init found child num in scoreboard slot num,jknum_init found child in scoreboard slot,1
1026,2005-12-04 20:41:47,notice,jk2_init() Found child 2045 in scoreboard slot 9,E1,jk2_init() Found child <*> in scoreboard slot <*>,jknum_init found child num in scoreboard slot num,jknum_init found child in scoreboard slot,1
1027,2005-12-04 20:42:42,notice,jk2_init() Found child 2051 in scoreboard slot 8,E1,jk2_init() Found child <*> in scoreboard slot <*>,jknum_init found child num in scoreboard slot num,jknum_init found child in scoreboard slot,1
1028,2005-12-04 20:44:29,notice,jk2_init() Found child 2059 in scoreboard slot 7,E1,jk2_init() Found child <*> in scoreboard slot <*>,jknum_init found child num in scoreboard slot num,jknum_init found child in scoreboard slot,1
1029,2005-12-04 20:44:29,notice,jk2_init() Found child 2060 in scoreboard slot 9,E1,jk2_init() Found child <*> in scoreboard slot <*>,jknum_init found child num in scoreboard slot num,jknum_init found child in scoreboard slot,1
1030,2005-12-04 20:44:30,notice,jk2_init() Found child 2061 in scoreboard slot 8,E1,jk2_init() Found child <*> in scoreboard slot <*>,jknum_init found child num in scoreboard slot num,jknum_init found child in scoreboard slot,1
1031,2005-12-04 20:47:16,notice,jk2_init() Found child 2081 in scoreboard slot 6,E1,jk2_init() Found child <*> in scoreboard slot <*>,jknum_init found child num in scoreboard slot num,jknum_init found child in scoreboard slot,1
1032,2005-12-04 20:47:16,error,jk2_init() Can't find child 2082 in scoreboard,E5,jk2_init() Can't find child <*> in scoreboard,jknum_init cant find child num in scoreboard,jknum_init cant find child in scoreboard,0
1033,2005-12-04 20:47:16,notice,jk2_init() Found child 2083 in scoreboard slot 8,E1,jk2_init() Found child <*> in scoreboard slot <*>,jknum_init found child num in scoreboard slot num,jknum_init found child in scoreboard slot,1
1034,2005-12-04 20:47:16,notice,workerEnv.init() ok /etc/httpd/conf/workers2.properties,E2,workerEnv.init() ok <*>,workerenvinit ok etchttpdconfworkersnumproperties,workerenvinit ok,1
1035,2005-12-04 20:47:16,error,mod_jk child workerEnv in error state 6,E3,mod_jk child workerEnv in error state <*>,mod_jk child workerenv in error state num,mod_jk child workerenv in error state,0
1036,2005-12-04 20:47:16,notice,workerEnv.init() ok /etc/httpd/conf/workers2.properties,E2,workerEnv.init() ok <*>,workerenvinit ok etchttpdconfworkersnumproperties,workerenvinit ok,1
1037,2005-12-04 20:47:16,error,mod_jk child init 1 -2,E6,mod_jk child init <*> <*>,mod_jk child init num num,mod_jk child init,0
1038,2005-12-04 20:47:16,notice,workerEnv.init() ok /etc/httpd/conf/workers2.properties,E2,workerEnv.init() ok <*>,workerenvinit ok etchttpdconfworkersnumproperties,workerenvinit ok,1
1039,2005-12-04 20:47:16,error,mod_jk child workerEnv in error state 9,E3,mod_jk child workerEnv in error state <*>,mod_jk child workerenv in error state num,mod_jk child workerenv in error state,0
1040,2005-12-04 20:47:17,error,jk2_init() Can't find child 2085 in scoreboard,E5,jk2_init() Can't find child <*> in scoreboard,jknum_init cant find child num in scoreboard,jknum_init cant find child in scoreboard,0
1041,2005-12-04 20:47:17,notice,workerEnv.init() ok /etc/httpd/conf/workers2.properties,E2,workerEnv.init() ok <*>,workerenvinit ok etchttpdconfworkersnumproperties,workerenvinit ok,1
1042,2005-12-04 20:47:17,error,mod_jk child init 1 -2,E6,mod_jk child init <*> <*>,mod_jk child init num num,mod_jk child init,0
1043,2005-12-04 20:47:17,error,jk2_init() Can't find child 2086 in scoreboard,E5,jk2_init() Can't find child <*> in scoreboard,jknum_init cant find child num in scoreboard,jknum_init cant find child in scoreboard,0
1044,2005-12-04 20:47:17,notice,workerEnv.init() ok /etc/httpd/conf/workers2.properties,E2,workerEnv.init() ok <*>,workerenvinit ok etchttpdconfworkersnumproperties,workerenvinit ok,1
1045,2005-12-04 20:47:17,error,mod_jk child init 1 -2,E6,mod_jk child init <*> <*>,mod_jk child init num num,mod_jk child init,0
1046,2005-12-04 20:47:17,error,jk2_init() Can't find child 2087 in scoreboard,E5,jk2_init() Can't find child <*> in scoreboard,jknum_init cant find child num in scoreboard,jknum_init cant find child in scoreboard,0
1047,2005-12-04 20:47:17,notice,jk2_init() Found child 2084 in scoreboard slot 9,E1,jk2_init() Found child <*> in scoreboard slot <*>,jknum_init found child num in scoreboard slot num,jknum_init found child in scoreboard slot,1
1048,2005-12-04 20:47:17,notice,workerEnv.init() ok /etc/httpd/conf/workers2.properties,E2,workerEnv.init() ok <*>,workerenvinit ok etchttpdconfworkersnumproperties,workerenvinit ok,1
1049,2005-12-04 20:47:17,error,mod_jk child workerEnv in error state 7,E3,mod_jk child workerEnv in error state <*>,mod_jk child workerenv in error state num,mod_jk child workerenv in error state,0
1050,2005-12-04 20:47:17,notice,workerEnv.init() ok /etc/httpd/conf/workers2.properties,E2,workerEnv.init() ok <*>,workerenvinit ok etchttpdconfworkersnumproperties,workerenvinit ok,1
1051,2005-12-04 20:47:17,error,mod_jk child init 1 -2,E6,mod_jk child init <*> <*>,mod_jk child init num num,mod_jk child init,0
1052,2005-12-05 01:04:31,error,[client 218.62.18.218] Directory index forbidden by rule: /var/www/html/,E4,[client <*>] Directory index forbidden by rule: <*>,client ip directory index forbidden by rule varwwwhtml,client directory index forbidden by rule,0
1053,2005-12-05 01:30:32,error,[client 211.62.201.48] Directory index forbidden by rule: /var/www/html/,E4,[client <*>] Directory index forbidden by rule: <*>,client ip directory index forbidden by rule varwwwhtml,client directory index forbidden by rule,0
1054,2005-12-05 03:21:00,notice,jk2_init() Found child 2760 in scoreboard slot 6,E1,jk2_init() Found child <*> in scoreboard slot <*>,jknum_init found child num in scoreboard slot num,jknum_init found child in scoreboard slot,1
1055,2005-12-05 03:21:02,notice,workerEnv.init() ok /etc/httpd/conf/workers2.properties,E2,workerEnv.init() ok <*>,workerenvinit ok etchttpdconfworkersnumproperties,workerenvinit ok,1
1056,2005-12-05 03:21:02,error,mod_jk child workerEnv in error state 6,E3,mod_jk child workerEnv in error state <*>,mod_jk child workerenv in error state num,mod_jk child workerenv in error state,0
1057,2005-12-05 03:23:21,notice,jk2_init() Found child 2763 in scoreboard slot 7,E1,jk2_init() Found child <*> in scoreboard slot <*>,jknum_init found child num in scoreboard slot num,jknum_init found child in scoreboard slot,1
1058,2005-12-05 03:23:24,notice,workerEnv.init() ok /etc/httpd/conf/workers2.properties,E2,workerEnv.init() ok <*>,workerenvinit ok etchttpdconfworkersnumproperties,workerenvinit ok,1
1059,2005-12-05 03:23:24,error,mod_jk child workerEnv in error state 6,E3,mod_jk child workerEnv in error state <*>,mod_jk child workerenv in error state num,mod_jk child workerenv in error state,0
1060,2005-12-05 03:23:24,error,[client 218.207.61.7] Directory index forbidden by rule: /var/www/html/,E4,[client <*>] Directory index forbidden by rule: <*>,client ip directory index forbidden by rule varwwwhtml,client directory index forbidden by rule,0
1061,2005-12-05 03:25:44,notice,jk2_init() Found child 2773 in scoreboard slot 6,E1,jk2_init() Found child <*> in scoreboard slot <*>,jknum_init found child num in scoreboard slot num,jknum_init found child in scoreboard slot,1
1062,2005-12-05 03:25:46,notice,workerEnv.init() ok /etc/httpd/conf/workers2.properties,E2,workerEnv.init() ok <*>,workerenvinit ok etchttpdconfworkersnumproperties,workerenvinit ok,1
1063,2005-12-05 03:25:46,error,mod_jk child workerEnv in error state 6,E3,mod_jk child workerEnv in error state <*>,mod_jk child workerenv in error state num,mod_jk child workerenv in error state,0
1064,2005-12-05 03:36:51,notice,jk2_init() Found child 2813 in scoreboard slot 7,E1,jk2_init() Found child <*> in scoreboard slot <*>,jknum_init found child num in scoreboard slot num,jknum_init found child in scoreboard slot,1
1065,2005-12-05 03:36:51,notice,jk2_init() Found child 2815 in scoreboard slot 8,E1,jk2_init() Found child <*> in scoreboard slot <*>,jknum_init found child num in scoreboard slot num,jknum_init found child in scoreboard slot,1
1066,2005-12-05 03:36:51,notice,jk2_init() Found child 2812 in scoreboard slot 6,E1,jk2_init() Found child <*> in scoreboard slot <*>,jknum_init found child num in scoreboard slot num,jknum_init found child in scoreboard slot,1
1067,2005-12-05 03:36:51,notice,jk2_init() Found child 2811 in scoreboard slot 9,E1,jk2_init() Found child <*> in scoreboard slot <*>,jknum_init found child num in scoreboard slot num,jknum_init found child in scoreboard slot,1
1068,2005-12-05 03:36:57,notice,workerEnv.init() ok /etc/httpd/conf/workers2.properties,E2,workerEnv.init() ok <*>,workerenvinit ok etchttpdconfworkersnumproperties,workerenvinit ok,1
1069,2005-12-05 03:36:57,notice,workerEnv.init() ok /etc/httpd/conf/workers2.properties,E2,workerEnv.init() ok <*>,workerenvinit ok etchttpdconfworkersnumproperties,workerenvinit ok,1
1070,2005-12-05 03:36:57,notice,workerEnv.init() ok /etc/httpd/conf/workers2.properties,E2,workerEnv.init() ok <*>,workerenvinit ok etchttpdconfworkersnumproperties,workerenvinit ok,1
1071,2005-12-05 03:36:57,notice,workerEnv.init() ok /etc/httpd/conf/workers2.properties,E2,workerEnv.init() ok <*>,workerenvinit ok etchttpdconfworkersnumproperties,workerenvinit ok,1
1072,2005-12-05 03:36:57,error,mod_jk child workerEnv in error state 6,E3,mod_jk child workerEnv in error state <*>,mod_jk child workerenv in error state num,mod_jk child workerenv in error state,0
1073,2005-12-05 03:36:57,error,mod_jk child workerEnv in error state 6,E3,mod_jk child workerEnv in error state <*>,mod_jk child workerenv in error state num,mod_jk child workerenv in error state,0
1074,2005-12-05 03:36:57,error,mod_jk child workerEnv in error state 6,E3,mod_jk child workerEnv in error state <*>,mod_jk child workerenv in error state num,mod_jk child workerenv in error state,0
1075,2005-12-05 03:36:57,error,mod_jk child workerEnv in error state 6,E3,mod_jk child workerEnv in error state <*>,mod_jk child workerenv in error state num,mod_jk child workerenv in error state,0
1076,2005-12-05 03:40:46,notice,jk2_init() Found child 2823 in scoreboard slot 9,E1,jk2_init() Found child <*> in scoreboard slot <*>,jknum_init found child num in scoreboard slot num,jknum_init found child in scoreboard slot,1
1077,2005-12-05 03:40:55,notice,workerEnv.init() ok /etc/httpd/conf/workers2.properties,E2,workerEnv.init() ok <*>,workerenvinit ok etchttpdconfworkersnumproperties,workerenvinit ok,1
1078,2005-12-05 03:40:55,error,mod_jk child workerEnv in error state 6,E3,mod_jk child workerEnv in error state <*>,mod_jk child workerenv in error state num,mod_jk child workerenv in error state,0
1079,2005-12-05 03:44:50,notice,jk2_init() Found child 2824 in scoreboard slot 10,E1,jk2_init() Found child <*> in scoreboard slot <*>,jknum_init found child num in scoreboard slot num,jknum_init found child in scoreboard slot,1
1080,2005-12-05 03:44:50,error,[client 168.20.198.21] Directory index forbidden by rule: /var/www/html/,E4,[client <*>] Directory index forbidden by rule: <*>,client ip directory index forbidden by rule varwwwhtml,client directory index forbidden by rule,0
1081,2005-12-05 03:44:50,notice,workerEnv.init() ok /etc/httpd/conf/workers2.properties,E2,workerEnv.init() ok <*>,workerenvinit ok etchttpdconfworkersnumproperties,workerenvinit ok,1
1082,2005-12-05 03:44:50,error,mod_jk child workerEnv in error state 6,E3,mod_jk child workerEnv in error state <*>,mod_jk child workerenv in error state num,mod_jk child workerenv in error state,0
1083,2005-12-05 03:46:38,notice,jk2_init() Found child 2838 in scoreboard slot 10,E1,jk2_init() Found child <*> in scoreboard slot <*>,jknum_init found child num in scoreboard slot num,jknum_init found child in scoreboard slot,1
1084,2005-12-05 03:46:38,notice,jk2_init() Found child 2836 in scoreboard slot 9,E1,jk2_init() Found child <*> in scoreboard slot <*>,jknum_init found child num in scoreboard slot num,jknum_init found child in scoreboard slot,1
1085,2005-12-05 03:46:38,notice,jk2_init() Found child 2837 in scoreboard slot 6,E1,jk2_init() Found child <*> in scoreboard slot <*>,jknum_init found child num in scoreboard slot num,jknum_init found child in scoreboard slot,1
1086,2005-12-05 03:46:50,notice,workerEnv.init() ok /etc/httpd/conf/workers2.properties,E2,workerEnv.init() ok <*>,workerenvinit ok etchttpdconfworkersnumproperties,workerenvinit ok,1
1087,2005-12-05 03:47:02,notice,workerEnv.init() ok /etc/httpd/conf/workers2.properties,E2,workerEnv.init() ok <*>,workerenvinit ok etchttpdconfworkersnumproperties,workerenvinit ok,1
1088,2005-12-05 03:47:19,notice,jk2_init() Found child 2840 in scoreboard slot 8,E1,jk2_init() Found child <*> in scoreboard slot <*>,jknum_init found child num in scoreboard slot num,jknum_init found child in scoreboard slot,1
1089,2005-12-05 03:47:19,notice,jk2_init() Found child 2841 in scoreboard slot 6,E1,jk2_init() Found child <*> in scoreboard slot <*>,jknum_init found child num in scoreboard slot num,jknum_init found child in scoreboard slot,1
1090,2005-12-05 03:47:19,notice,jk2_init() Found child 2842 in scoreboard slot 9,E1,jk2_init() Found child <*> in scoreboard slot <*>,jknum_init found child num in scoreboard slot num,jknum_init found child in scoreboard slot,1
1091,2005-12-05 03:47:53,notice,jk2_init() Found child 2846 in scoreboard slot 9,E1,jk2_init() Found child <*> in scoreboard slot <*>,jknum_init found child num in scoreboard slot num,jknum_init found child in scoreboard slot,1
1092,2005-12-05 03:47:53,notice,jk2_init() Found child 2843 in scoreboard slot 7,E1,jk2_init() Found child <*> in scoreboard slot <*>,jknum_init found child num in scoreboard slot num,jknum_init found child in scoreboard slot,1
1093,2005-12-05 03:47:53,notice,jk2_init() Found child 2844 in scoreboard slot 8,E1,jk2_init() Found child <*> in scoreboard slot <*>,jknum_init found child num in scoreboard slot num,jknum_init found child in scoreboard slot,1
1094,2005-12-05 03:47:53,notice,jk2_init() Found child 2845 in scoreboard slot 6,E1,jk2_init() Found child <*> in scoreboard slot <*>,jknum_init found child num in scoreboard slot num,jknum_init found child in scoreboard slot,1
1095,2005-12-05 03:47:54,notice,workerEnv.init() ok /etc/httpd/conf/workers2.properties,E2,workerEnv.init() ok <*>,workerenvinit ok etchttpdconfworkersnumproperties,workerenvinit ok,1
1096,2005-12-05 03:47:54,error,mod_jk child workerEnv in error state 8,E3,mod_jk child workerEnv in error state <*>,mod_jk child workerenv in error state num,mod_jk child workerenv in error state,0
1097,2005-12-05 03:47:54,notice,workerEnv.init() ok /etc/httpd/conf/workers2.properties,E2,workerEnv.init() ok <*>,workerenvinit ok etchttpdconfworkersnumproperties,workerenvinit ok,1
1098,2005-12-05 03:47:54,error,mod_jk child workerEnv in error state 8,E3,mod_jk child workerEnv in error state <*>,mod_jk child workerenv in error state num,mod_jk child workerenv in error state,0
1099,2005-12-05 03:47:54,notice,workerEnv.init() ok /etc/httpd/conf/workers2.properties,E2,workerEnv.init() ok <*>,workerenvinit ok etchttpdconfworkersnumproperties,workerenvinit ok,1
1100,2005-12-05 03:47:54,error,mod_jk child workerEnv in error state 7,E3,mod_jk child workerEnv in error state <*>,mod_jk child workerenv in error state num,mod_jk child workerenv in error state,0
1101,2005-12-05 03:47:54,notice,workerEnv.init() ok /etc/httpd/conf/workers2.properties,E2,workerEnv.init() ok <*>,workerenvinit ok etchttpdconfworkersnumproperties,workerenvinit ok,1
1102,2005-12-05 03:47:54,error,mod_jk child workerEnv in error state 6,E3,mod_jk child workerEnv in error state <*>,mod_jk child workerenv in error state num,mod_jk child workerenv in error state,0
1103,2005-12-05 03:50:49,notice,jk2_init() Found child 2857 in scoreboard slot 9,E1,jk2_init() Found child <*> in scoreboard slot <*>,jknum_init found child num in scoreboard slot num,jknum_init found child in scoreboard slot,1
1104,2005-12-05 03:50:50,notice,jk2_init() Found child 2854 in scoreboard slot 7,E1,jk2_init() Found child <*> in scoreboard slot <*>,jknum_init found child num in scoreboard slot num,jknum_init found child in scoreboard slot,1
1105,2005-12-05 03:50:49,notice,jk2_init() Found child 2855 in scoreboard slot 8,E1,jk2_init() Found child <*> in scoreboard slot <*>,jknum_init found child num in scoreboard slot num,jknum_init found child in scoreboard slot,1
1106,2005-12-05 03:50:49,notice,jk2_init() Found child 2856 in scoreboard slot 6,E1,jk2_init() Found child <*> in scoreboard slot <*>,jknum_init found child num in scoreboard slot num,jknum_init found child in scoreboard slot,1
1107,2005-12-05 03:50:59,notice,workerEnv.init() ok /etc/httpd/conf/workers2.properties,E2,workerEnv.init() ok <*>,workerenvinit ok etchttpdconfworkersnumproperties,workerenvinit ok,1
1108,2005-12-05 03:50:59,notice,workerEnv.init() ok /etc/httpd/conf/workers2.properties,E2,workerEnv.init() ok <*>,workerenvinit ok etchttpdconfworkersnumproperties,workerenvinit ok,1
1109,2005-12-05 03:50:59,notice,workerEnv.init() ok /etc/httpd/conf/workers2.properties,E2,workerEnv.init() ok <*>,workerenvinit ok etchttpdconfworkersnumproperties,workerenvinit ok,1
1110,2005-12-05 03:50:59,notice,workerEnv.init() ok /etc/httpd/conf/workers2.properties,E2,workerEnv.init() ok <*>,workerenvinit ok etchttpdconfworkersnumproperties,workerenvinit ok,1
1111,2005-12-05 03:50:59,error,mod_jk child workerEnv in error state 6,E3,mod_jk child workerEnv in error state <*>,mod_jk child workerenv in error state num,mod_jk child workerenv in error state,0
1112,2005-12-05 03:50:59,error,mod_jk child workerEnv in error state 6,E3,mod_jk child workerEnv in error state <*>,mod_jk child workerenv in error state num,mod_jk child workerenv in error state,0
1113,2005-12-05 03:50:59,error,mod_jk child workerEnv in error state 6,E3,mod_jk child workerEnv in error state <*>,mod_jk child workerenv in error state num,mod_jk child workerenv in error state,0
1114,2005-12-05 03:50:59,error,mod_jk child workerEnv in error state 6,E3,mod_jk child workerEnv in error state <*>,mod_jk child workerenv in error state num,mod_jk child workerenv in error state,0
1115,2005-12-05 03:56:12,notice,jk2_init() Found child 2866 in scoreboard slot 7,E1,jk2_init() Found child <*> in scoreboard slot <*>,jknum_init found child num in scoreboard slot num,jknum_init found child in scoreboard slot,1
1116,2005-12-05 03:56:12,notice,jk2_init() Found child 2867 in scoreboard slot 8,E1,jk2_init() Found child <*> in scoreboard slot <*>,jknum_init found child num in scoreboard slot num,jknum_init found child in scoreboard slot,1
1117,2005-12-05 03:56:12,notice,jk2_init() Found child 2865 in scoreboard slot 9,E1,jk2_init() Found child <*> in scoreboard slot <*>,jknum_init found child num in scoreboard slot num,jknum_init found child in scoreboard slot,1
1118,2005-12-05 03:56:12,notice,jk2_init() Found child 2864 in scoreboard slot 6,E1,jk2_init() Found child <*> in scoreboard slot <*>,jknum_init found child num in scoreboard slot num,jknum_init found child in scoreboard slot,1
1119,2005-12-05 03:56:15,notice,workerEnv.init() ok /etc/httpd/conf/workers2.properties,E2,workerEnv.init() ok <*>,workerenvinit ok etchttpdconfworkersnumproperties,workerenvinit ok,1
1120,2005-12-05 03:56:15,error,mod_jk child workerEnv in error state 6,E3,mod_jk child workerEnv in error state <*>,mod_jk child workerenv in error state num,mod_jk child workerenv in error state,0
1121,2005-12-05 03:56:15,notice,workerEnv.init() ok /etc/httpd/conf/workers2.properties,E2,workerEnv.init() ok <*>,workerenvinit ok etchttpdconfworkersnumproperties,workerenvinit ok,1
1122,2005-12-05 03:56:15,error,mod_jk child workerEnv in error state 6,E3,mod_jk child workerEnv in error state <*>,mod_jk child workerenv in error state num,mod_jk child workerenv in error state,0
1123,2005-12-05 03:56:15,notice,workerEnv.init() ok /etc/httpd/conf/workers2.properties,E2,workerEnv.init() ok <*>,workerenvinit ok etchttpdconfworkersnumproperties,workerenvinit ok,1
1124,2005-12-05 03:56:15,error,mod_jk child workerEnv in error state 6,E3,mod_jk child workerEnv in error state <*>,mod_jk child workerenv in error state num,mod_jk child workerenv in error state,0
1125,2005-12-05 03:56:15,notice,workerEnv.init() ok /etc/httpd/conf/workers2.properties,E2,workerEnv.init() ok <*>,workerenvinit ok etchttpdconfworkersnumproperties,workerenvinit ok,1
1126,2005-12-05 03:56:15,error,mod_jk child workerEnv in error state 6,E3,mod_jk child workerEnv in error state <*>,mod_jk child workerenv in error state num,mod_jk child workerenv in error state,0
1127,2005-12-05 04:00:55,notice,jk2_init() Found child 2877 in scoreboard slot 10,E1,jk2_init() Found child <*> in scoreboard slot <*>,jknum_init found child num in scoreboard slot num,jknum_init found child in scoreboard slot,1
1128,2005-12-05 04:01:18,notice,jk2_init() Found child 2883 in scoreboard slot 9,E1,jk2_init() Found child <*> in scoreboard slot <*>,jknum_init found child num in scoreboard slot num,jknum_init found child in scoreboard slot,1
1129,2005-12-05 04:01:18,notice,jk2_init() Found child 2878 in scoreboard slot 7,E1,jk2_init() Found child <*> in scoreboard slot <*>,jknum_init found child num in scoreboard slot num,jknum_init found child in scoreboard slot,1
1130,2005-12-05 04:01:18,notice,jk2_init() Found child 2880 in scoreboard slot 8,E1,jk2_init() Found child <*> in scoreboard slot <*>,jknum_init found child num in scoreboard slot num,jknum_init found child in scoreboard slot,1
1131,2005-12-05 04:01:18,notice,jk2_init() Found child 2879 in scoreboard slot 6,E1,jk2_init() Found child <*> in scoreboard slot <*>,jknum_init found child num in scoreboard slot num,jknum_init found child in scoreboard slot,1
1132,2005-12-05 04:01:23,notice,workerEnv.init() ok /etc/httpd/conf/workers2.properties,E2,workerEnv.init() ok <*>,workerenvinit ok etchttpdconfworkersnumproperties,workerenvinit ok,1
1133,2005-12-05 04:01:23,error,mod_jk child workerEnv in error state 6,E3,mod_jk child workerEnv in error state <*>,mod_jk child workerenv in error state num,mod_jk child workerenv in error state,0
1134,2005-12-05 04:01:23,notice,workerEnv.init() ok /etc/httpd/conf/workers2.properties,E2,workerEnv.init() ok <*>,workerenvinit ok etchttpdconfworkersnumproperties,workerenvinit ok,1
1135,2005-12-05 04:01:23,error,mod_jk child workerEnv in error state 6,E3,mod_jk child workerEnv in error state <*>,mod_jk child workerenv in error state num,mod_jk child workerenv in error state,0
1136,2005-12-05 04:01:23,notice,workerEnv.init() ok /etc/httpd/conf/workers2.properties,E2,workerEnv.init() ok <*>,workerenvinit ok etchttpdconfworkersnumproperties,workerenvinit ok,1
1137,2005-12-05 04:01:23,error,mod_jk child workerEnv in error state 6,E3,mod_jk child workerEnv in error state <*>,mod_jk child workerenv in error state num,mod_jk child workerenv in error state,0
1138,2005-12-05 04:01:23,notice,workerEnv.init() ok /etc/httpd/conf/workers2.properties,E2,workerEnv.init() ok <*>,workerenvinit ok etchttpdconfworkersnumproperties,workerenvinit ok,1
1139,2005-12-05 04:01:23,error,mod_jk child workerEnv in error state 6,E3,mod_jk child workerEnv in error state <*>,mod_jk child workerenv in error state num,mod_jk child workerenv in error state,0
1140,2005-12-05 04:06:19,notice,jk2_init() Found child 3667 in scoreboard slot 7,E1,jk2_init() Found child <*> in scoreboard slot <*>,jknum_init found child num in scoreboard slot num,jknum_init found child in scoreboard slot,1
1141,2005-12-05 04:06:19,notice,jk2_init() Found child 3669 in scoreboard slot 6,E1,jk2_init() Found child <*> in scoreboard slot <*>,jknum_init found child num in scoreboard slot num,jknum_init found child in scoreboard slot,1
1142,2005-12-05 04:06:27,notice,jk2_init() Found child 3670 in scoreboard slot 8,E1,jk2_init() Found child <*> in scoreboard slot <*>,jknum_init found child num in scoreboard slot num,jknum_init found child in scoreboard slot,1
1143,2005-12-05 04:06:43,notice,workerEnv.init() ok /etc/httpd/conf/workers2.properties,E2,workerEnv.init() ok <*>,workerenvinit ok etchttpdconfworkersnumproperties,workerenvinit ok,1
1144,2005-12-05 04:06:43,notice,workerEnv.init() ok /etc/httpd/conf/workers2.properties,E2,workerEnv.init() ok <*>,workerenvinit ok etchttpdconfworkersnumproperties,workerenvinit ok,1
1145,2005-12-05 04:06:45,error,mod_jk child workerEnv in error state 6,E3,mod_jk child workerEnv in error state <*>,mod_jk child workerenv in error state num,mod_jk child workerenv in error state,0
1146,2005-12-05 04:06:45,error,mod_jk child workerEnv in error state 6,E3,mod_jk child workerEnv in error state <*>,mod_jk child workerenv in error state num,mod_jk child workerenv in error state,0
1147,2005-12-05 04:07:23,notice,jk2_init() Found child 3672 in scoreboard slot 7,E1,jk2_init() Found child <*> in scoreboard slot <*>,jknum_init found child num in scoreboard slot num,jknum_init found child in scoreboard slot,1
1148,2005-12-05 04:07:37,notice,jk2_init() Found child 3673 in scoreboard slot 6,E1,jk2_init() Found child <*> in scoreboard slot <*>,jknum_init found child num in scoreboard slot num,jknum_init found child in scoreboard slot,1
1149,2005-12-05 04:07:48,notice,jk2_init() Found child 3675 in scoreboard slot 9,E1,jk2_init() Found child <*> in scoreboard slot <*>,jknum_init found child num in scoreboard slot num,jknum_init found child in scoreboard slot,1
1150,2005-12-05 04:07:48,notice,jk2_init() Found child 3674 in scoreboard slot 8,E1,jk2_init() Found child <*> in scoreboard slot <*>,jknum_init found child num in scoreboard slot num,jknum_init found child in scoreboard slot,1
1151,2005-12-05 04:08:37,notice,jk2_init() Found child 3678 in scoreboard slot 8,E1,jk2_init() Found child <*> in scoreboard slot <*>,jknum_init found child num in scoreboard slot num,jknum_init found child in scoreboard slot,1
1152,2005-12-05 04:08:37,notice,jk2_init() Found child 3681 in scoreboard slot 6,E1,jk2_init() Found child <*> in scoreboard slot <*>,jknum_init found child num in scoreboard slot num,jknum_init found child in scoreboard slot,1
1153,2005-12-05 04:08:37,notice,jk2_init() Found child 3679 in scoreboard slot 9,E1,jk2_init() Found child <*> in scoreboard slot <*>,jknum_init found child num in scoreboard slot num,jknum_init found child in scoreboard slot,1
1154,2005-12-05 04:08:37,notice,jk2_init() Found child 3680 in scoreboard slot 7,E1,jk2_init() Found child <*> in scoreboard slot <*>,jknum_init found child num in scoreboard slot num,jknum_init found child in scoreboard slot,1
1155,2005-12-05 04:08:57,notice,workerEnv.init() ok /etc/httpd/conf/workers2.properties,E2,workerEnv.init() ok <*>,workerenvinit ok etchttpdconfworkersnumproperties,workerenvinit ok,1
1156,2005-12-05 04:09:32,notice,jk2_init() Found child 3685 in scoreboard slot 6,E1,jk2_init() Found child <*> in scoreboard slot <*>,jknum_init found child num in scoreboard slot num,jknum_init found child in scoreboard slot,1
1157,2005-12-05 04:10:47,notice,jk2_init() Found child 3698 in scoreboard slot 9,E1,jk2_init() Found child <*> in scoreboard slot <*>,jknum_init found child num in scoreboard slot num,jknum_init found child in scoreboard slot,1
1158,2005-12-05 04:10:47,notice,jk2_init() Found child 3690 in scoreboard slot 6,E1,jk2_init() Found child <*> in scoreboard slot <*>,jknum_init found child num in scoreboard slot num,jknum_init found child in scoreboard slot,1
1159,2005-12-05 04:10:47,notice,jk2_init() Found child 3691 in scoreboard slot 8,E1,jk2_init() Found child <*> in scoreboard slot <*>,jknum_init found child num in scoreboard slot num,jknum_init found child in scoreboard slot,1
1160,2005-12-05 04:13:54,notice,jk2_init() Found child 3744 in scoreboard slot 6,E1,jk2_init() Found child <*> in scoreboard slot <*>,jknum_init found child num in scoreboard slot num,jknum_init found child in scoreboard slot,1
1161,2005-12-05 04:13:54,notice,jk2_init() Found child 3747 in scoreboard slot 8,E1,jk2_init() Found child <*> in scoreboard slot <*>,jknum_init found child num in scoreboard slot num,jknum_init found child in scoreboard slot,1
1162,2005-12-05 04:13:54,notice,jk2_init() Found child 3754 in scoreboard slot 12,E1,jk2_init() Found child <*> in scoreboard slot <*>,jknum_init found child num in scoreboard slot num,jknum_init found child in scoreboard slot,1
1163,2005-12-05 04:13:54,notice,jk2_init() Found child 3755 in scoreboard slot 13,E1,jk2_init() Found child <*> in scoreboard slot <*>,jknum_init found child num in scoreboard slot num,jknum_init found child in scoreboard slot,1
1164,2005-12-05 04:13:54,notice,jk2_init() Found child 3753 in scoreboard slot 10,E1,jk2_init() Found child <*> in scoreboard slot <*>,jknum_init found child num in scoreboard slot num,jknum_init found child in scoreboard slot,1
1165,2005-12-05 04:13:54,notice,jk2_init() Found child 3752 in scoreboard slot 9,E1,jk2_init() Found child <*> in scoreboard slot <*>,jknum_init found child num in scoreboard slot num,jknum_init found child in scoreboard slot,1
1166,2005-12-05 04:13:54,notice,jk2_init() Found child 3746 in scoreboard slot 7,E1,jk2_init() Found child <*> in scoreboard slot <*>,jknum_init found child num in scoreboard slot num,jknum_init found child in scoreboard slot,1
1167,2005-12-05 04:14:00,notice,workerEnv.init() ok /etc/httpd/conf/workers2.properties,E2,workerEnv.init() ok <*>,workerenvinit ok etchttpdconfworkersnumproperties,workerenvinit ok,1
1168,2005-12-05 04:14:00,notice,workerEnv.init() ok /etc/httpd/conf/workers2.properties,E2,workerEnv.init() ok <*>,workerenvinit ok etchttpdconfworkersnumproperties,workerenvinit ok,1
1169,2005-12-05 04:14:00,error,mod_jk child workerEnv in error state 9,E3,mod_jk child workerEnv in error state <*>,mod_jk child workerenv in error state num,mod_jk child workerenv in error state,0
1170,2005-12-05 04:14:00,notice,workerEnv.init() ok /etc/httpd/conf/workers2.properties,E2,workerEnv.init() ok <*>,workerenvinit ok etchttpdconfworkersnumproperties,workerenvinit ok,1
1171,2005-12-05 04:14:00,error,mod_jk child workerEnv in error state 8,E3,mod_jk child workerEnv in error state <*>,mod_jk child workerenv in error state num,mod_jk child workerenv in error state,0
1172,2005-12-05 04:14:00,notice,workerEnv.init() ok /etc/httpd/conf/workers2.properties,E2,workerEnv.init() ok <*>,workerenvinit ok etchttpdconfworkersnumproperties,workerenvinit ok,1
1173,2005-12-05 04:14:00,error,mod_jk child workerEnv in error state 6,E3,mod_jk child workerEnv in error state <*>,mod_jk child workerenv in error state num,mod_jk child workerenv in error state,0
1174,2005-12-05 04:14:00,notice,workerEnv.init() ok /etc/httpd/conf/workers2.properties,E2,workerEnv.init() ok <*>,workerenvinit ok etchttpdconfworkersnumproperties,workerenvinit ok,1
1175,2005-12-05 04:14:00,error,mod_jk child workerEnv in error state 9,E3,mod_jk child workerEnv in error state <*>,mod_jk child workerenv in error state num,mod_jk child workerenv in error state,0
1176,2005-12-05 04:14:00,notice,workerEnv.init() ok /etc/httpd/conf/workers2.properties,E2,workerEnv.init() ok <*>,workerenvinit ok etchttpdconfworkersnumproperties,workerenvinit ok,1
1177,2005-12-05 04:14:00,error,mod_jk child workerEnv in error state 6,E3,mod_jk child workerEnv in error state <*>,mod_jk child workerenv in error state num,mod_jk child workerenv in error state,0
1178,2005-12-05 04:14:00,notice,workerEnv.init() ok /etc/httpd/conf/workers2.properties,E2,workerEnv.init() ok <*>,workerenvinit ok etchttpdconfworkersnumproperties,workerenvinit ok,1
1179,2005-12-05 04:14:00,error,mod_jk child workerEnv in error state 10,E3,mod_jk child workerEnv in error state <*>,mod_jk child workerenv in error state num,mod_jk child workerenv in error state,0
1180,2005-12-05 04:14:00,error,mod_jk child workerEnv in error state 9,E3,mod_jk child workerEnv in error state <*>,mod_jk child workerenv in error state num,mod_jk child workerenv in error state,0
1181,2005-12-05 05:06:42,notice,jk2_init() Found child 4596 in scoreboard slot 8,E1,jk2_init() Found child <*> in scoreboard slot <*>,jknum_init found child num in scoreboard slot num,jknum_init found child in scoreboard slot,1
1182,2005-12-05 05:06:42,notice,jk2_init() Found child 4595 in scoreboard slot 7,E1,jk2_init() Found child <*> in scoreboard slot <*>,jknum_init found child num in scoreboard slot num,jknum_init found child in scoreboard slot,1
1183,2005-12-05 05:06:42,notice,jk2_init() Found child 4594 in scoreboard slot 6,E1,jk2_init() Found child <*> in scoreboard slot <*>,jknum_init found child num in scoreboard slot num,jknum_init found child in scoreboard slot,1
1184,2005-12-05 05:06:47,notice,workerEnv.init() ok /etc/httpd/conf/workers2.properties,E2,workerEnv.init() ok <*>,workerenvinit ok etchttpdconfworkersnumproperties,workerenvinit ok,1
1185,2005-12-05 05:06:47,notice,workerEnv.init() ok /etc/httpd/conf/workers2.properties,E2,workerEnv.init() ok <*>,workerenvinit ok etchttpdconfworkersnumproperties,workerenvinit ok,1
1186,2005-12-05 05:06:47,notice,workerEnv.init() ok /etc/httpd/conf/workers2.properties,E2,workerEnv.init() ok <*>,workerenvinit ok etchttpdconfworkersnumproperties,workerenvinit ok,1
1187,2005-12-05 05:06:47,error,mod_jk child workerEnv in error state 6,E3,mod_jk child workerEnv in error state <*>,mod_jk child workerenv in error state num,mod_jk child workerenv in error state,0
1188,2005-12-05 05:06:47,error,mod_jk child workerEnv in error state 6,E3,mod_jk child workerEnv in error state <*>,mod_jk child workerenv in error state num,mod_jk child workerenv in error state,0
1189,2005-12-05 05:06:47,error,mod_jk child workerEnv in error state 6,E3,mod_jk child workerEnv in error state <*>,mod_jk child workerenv in error state num,mod_jk child workerenv in error state,0
1190,2005-12-05 05:11:04,notice,jk2_init() Found child 4609 in scoreboard slot 7,E1,jk2_init() Found child <*> in scoreboard slot <*>,jknum_init found child num in scoreboard slot num,jknum_init found child in scoreboard slot,1
1191,2005-12-05 05:11:04,notice,jk2_init() Found child 4608 in scoreboard slot 6,E1,jk2_init() Found child <*> in scoreboard slot <*>,jknum_init found child num in scoreboard slot num,jknum_init found child in scoreboard slot,1
1192,2005-12-05 05:11:34,notice,jk2_init() Found child 4611 in scoreboard slot 9,E1,jk2_init() Found child <*> in scoreboard slot <*>,jknum_init found child num in scoreboard slot num,jknum_init found child in scoreboard slot,1
1193,2005-12-05 05:11:54,notice,jk2_init() Found child 4613 in scoreboard slot 7,E1,jk2_init() Found child <*> in scoreboard slot <*>,jknum_init found child num in scoreboard slot num,jknum_init found child in scoreboard slot,1
1194,2005-12-05 05:11:54,notice,jk2_init() Found child 4612 in scoreboard slot 6,E1,jk2_init() Found child <*> in scoreboard slot <*>,jknum_init found child num in scoreboard slot num,jknum_init found child in scoreboard slot,1
1195,2005-12-05 05:12:32,notice,jk2_init() Found child 4615 in scoreboard slot 9,E1,jk2_init() Found child <*> in scoreboard slot <*>,jknum_init found child num in scoreboard slot num,jknum_init found child in scoreboard slot,1
1196,2005-12-05 05:12:56,notice,jk2_init() Found child 4616 in scoreboard slot 6,E1,jk2_init() Found child <*> in scoreboard slot <*>,jknum_init found child num in scoreboard slot num,jknum_init found child in scoreboard slot,1
1197,2005-12-05 05:12:56,notice,jk2_init() Found child 4617 in scoreboard slot 7,E1,jk2_init() Found child <*> in scoreboard slot <*>,jknum_init found child num in scoreboard slot num,jknum_init found child in scoreboard slot,1
1198,2005-12-05 05:12:56,notice,jk2_init() Found child 4618 in scoreboard slot 8,E1,jk2_init() Found child <*> in scoreboard slot <*>,jknum_init found child num in scoreboard slot num,jknum_init found child in scoreboard slot,1
1199,2005-12-05 05:15:29,notice,jk2_init() Found child 4634 in scoreboard slot 6,E1,jk2_init() Found child <*> in scoreboard slot <*>,jknum_init found child num in scoreboard slot num,jknum_init found child in scoreboard slot,1
1200,2005-12-05 05:15:29,notice,jk2_init() Found child 4637 in scoreboard slot 7,E1,jk2_init() Found child <*> in scoreboard slot <*>,jknum_init found child num in scoreboard slot num,jknum_init found child in scoreboard slot,1
1201,2005-12-05 05:15:29,notice,jk2_init() Found child 4631 in scoreboard slot 9,E1,jk2_init() Found child <*> in scoreboard slot <*>,jknum_init found child num in scoreboard slot num,jknum_init found child in scoreboard slot,1
1202,2005-12-05 05:15:29,notice,jk2_init() Found child 4630 in scoreboard slot 8,E1,jk2_init() Found child <*> in scoreboard slot <*>,jknum_init found child num in scoreboard slot num,jknum_init found child in scoreboard slot,1
1203,2005-12-05 05:15:33,notice,workerEnv.init() ok /etc/httpd/conf/workers2.properties,E2,workerEnv.init() ok <*>,workerenvinit ok etchttpdconfworkersnumproperties,workerenvinit ok,1
1204,2005-12-05 05:15:33,error,mod_jk child workerEnv in error state 9,E3,mod_jk child workerEnv in error state <*>,mod_jk child workerenv in error state num,mod_jk child workerenv in error state,0
1205,2005-12-05 05:15:33,notice,workerEnv.init() ok /etc/httpd/conf/workers2.properties,E2,workerEnv.init() ok <*>,workerenvinit ok etchttpdconfworkersnumproperties,workerenvinit ok,1
1206,2005-12-05 05:15:33,error,mod_jk child workerEnv in error state 9,E3,mod_jk child workerEnv in error state <*>,mod_jk child workerenv in error state num,mod_jk child workerenv in error state,0
1207,2005-12-05 05:15:33,notice,workerEnv.init() ok /etc/httpd/conf/workers2.properties,E2,workerEnv.init() ok <*>,workerenvinit ok etchttpdconfworkersnumproperties,workerenvinit ok,1
1208,2005-12-05 05:15:33,error,mod_jk child workerEnv in error state 7,E3,mod_jk child workerEnv in error state <*>,mod_jk child workerenv in error state num,mod_jk child workerenv in error state,0
1209,2005-12-05 05:15:33,notice,workerEnv.init() ok /etc/httpd/conf/workers2.properties,E2,workerEnv.init() ok <*>,workerenvinit ok etchttpdconfworkersnumproperties,workerenvinit ok,1
1210,2005-12-05 05:15:33,error,mod_jk child workerEnv in error state 8,E3,mod_jk child workerEnv in error state <*>,mod_jk child workerenv in error state num,mod_jk child workerenv in error state,0
1211,2005-12-05 06:35:27,notice,jk2_init() Found child 4820 in scoreboard slot 8,E1,jk2_init() Found child <*> in scoreboard slot <*>,jknum_init found child num in scoreboard slot num,jknum_init found child in scoreboard slot,1
1212,2005-12-05 06:35:27,notice,workerEnv.init() ok /etc/httpd/conf/workers2.properties,E2,workerEnv.init() ok <*>,workerenvinit ok etchttpdconfworkersnumproperties,workerenvinit ok,1
1213,2005-12-05 06:35:27,error,mod_jk child workerEnv in error state 6,E3,mod_jk child workerEnv in error state <*>,mod_jk child workerenv in error state num,mod_jk child workerenv in error state,0
1214,2005-12-05 06:36:58,notice,jk2_init() Found child 4821 in scoreboard slot 10,E1,jk2_init() Found child <*> in scoreboard slot <*>,jknum_init found child num in scoreboard slot num,jknum_init found child in scoreboard slot,1
1215,2005-12-05 06:36:58,notice,workerEnv.init() ok /etc/httpd/conf/workers2.properties,E2,workerEnv.init() ok <*>,workerenvinit ok etchttpdconfworkersnumproperties,workerenvinit ok,1
1216,2005-12-05 06:36:58,error,mod_jk child workerEnv in error state 6,E3,mod_jk child workerEnv in error state <*>,mod_jk child workerenv in error state num,mod_jk child workerenv in error state,0
1217,2005-12-05 06:36:59,error,[client 221.232.178.24] Directory index forbidden by rule: /var/www/html/,E4,[client <*>] Directory index forbidden by rule: <*>,client ip directory index forbidden by rule varwwwhtml,client directory index forbidden by rule,0
1218,2005-12-05 07:16:00,notice,jk2_init() Found child 4893 in scoreboard slot 7,E1,jk2_init() Found child <*> in scoreboard slot <*>,jknum_init found child num in scoreboard slot num,jknum_init found child in scoreboard slot,1
1219,2005-12-05 07:16:00,notice,jk2_init() Found child 4892 in scoreboard slot 6,E1,jk2_init() Found child <*> in scoreboard slot <*>,jknum_init found child num in scoreboard slot num,jknum_init found child in scoreboard slot,1
1220,2005-12-05 07:16:03,notice,workerEnv.init() ok /etc/httpd/conf/workers2.properties,E2,workerEnv.init() ok <*>,workerenvinit ok etchttpdconfworkersnumproperties,workerenvinit ok,1
1221,2005-12-05 07:16:03,error,mod_jk child workerEnv in error state 6,E3,mod_jk child workerEnv in error state <*>,mod_jk child workerenv in error state num,mod_jk child workerenv in error state,0
1222,2005-12-05 07:16:03,notice,workerEnv.init() ok /etc/httpd/conf/workers2.properties,E2,workerEnv.init() ok <*>,workerenvinit ok etchttpdconfworkersnumproperties,workerenvinit ok,1
1223,2005-12-05 07:16:03,error,mod_jk child workerEnv in error state 6,E3,mod_jk child workerEnv in error state <*>,mod_jk child workerenv in error state num,mod_jk child workerenv in error state,0
1224,2005-12-05 07:21:03,notice,jk2_init() Found child 4907 in scoreboard slot 6,E1,jk2_init() Found child <*> in scoreboard slot <*>,jknum_init found child num in scoreboard slot num,jknum_init found child in scoreboard slot,1
1225,2005-12-05 07:21:02,notice,jk2_init() Found child 4906 in scoreboard slot 9,E1,jk2_init() Found child <*> in scoreboard slot <*>,jknum_init found child num in scoreboard slot num,jknum_init found child in scoreboard slot,1
1226,2005-12-05 07:21:02,notice,jk2_init() Found child 4905 in scoreboard slot 8,E1,jk2_init() Found child <*> in scoreboard slot <*>,jknum_init found child num in scoreboard slot num,jknum_init found child in scoreboard slot,1
1227,2005-12-05 07:21:09,notice,workerEnv.init() ok /etc/httpd/conf/workers2.properties,E2,workerEnv.init() ok <*>,workerenvinit ok etchttpdconfworkersnumproperties,workerenvinit ok,1
1228,2005-12-05 07:21:09,notice,workerEnv.init() ok /etc/httpd/conf/workers2.properties,E2,workerEnv.init() ok <*>,workerenvinit ok etchttpdconfworkersnumproperties,workerenvinit ok,1
1229,2005-12-05 07:21:09,error,mod_jk child workerEnv in error state 6,E3,mod_jk child workerEnv in error state <*>,mod_jk child workerenv in error state num,mod_jk child workerenv in error state,0
1230,2005-12-05 07:21:09,error,mod_jk child workerEnv in error state 6,E3,mod_jk child workerEnv in error state <*>,mod_jk child workerenv in error state num,mod_jk child workerenv in error state,0
1231,2005-12-05 07:21:09,notice,workerEnv.init() ok /etc/httpd/conf/workers2.properties,E2,workerEnv.init() ok <*>,workerenvinit ok etchttpdconfworkersnumproperties,workerenvinit ok,1
1232,2005-12-05 07:21:09,error,mod_jk child workerEnv in error state 6,E3,mod_jk child workerEnv in error state <*>,mod_jk child workerenv in error state num,mod_jk child workerenv in error state,0
1233,2005-12-05 07:25:55,notice,jk2_init() Found child 4916 in scoreboard slot 8,E1,jk2_init() Found child <*> in scoreboard slot <*>,jknum_init found child num in scoreboard slot num,jknum_init found child in scoreboard slot,1
1234,2005-12-05 07:25:55,notice,jk2_init() Found child 4917 in scoreboard slot 9,E1,jk2_init() Found child <*> in scoreboard slot <*>,jknum_init found child num in scoreboard slot num,jknum_init found child in scoreboard slot,1
1235,2005-12-05 07:25:55,notice,jk2_init() Found child 4915 in scoreboard slot 7,E1,jk2_init() Found child <*> in scoreboard slot <*>,jknum_init found child num in scoreboard slot num,jknum_init found child in scoreboard slot,1
1236,2005-12-05 07:25:59,notice,workerEnv.init() ok /etc/httpd/conf/workers2.properties,E2,workerEnv.init() ok <*>,workerenvinit ok etchttpdconfworkersnumproperties,workerenvinit ok,1
1237,2005-12-05 07:25:59,notice,workerEnv.init() ok /etc/httpd/conf/workers2.properties,E2,workerEnv.init() ok <*>,workerenvinit ok etchttpdconfworkersnumproperties,workerenvinit ok,1
1238,2005-12-05 07:25:59,notice,workerEnv.init() ok /etc/httpd/conf/workers2.properties,E2,workerEnv.init() ok <*>,workerenvinit ok etchttpdconfworkersnumproperties,workerenvinit ok,1
1239,2005-12-05 07:26:00,error,mod_jk child workerEnv in error state 6,E3,mod_jk child workerEnv in error state <*>,mod_jk child workerenv in error state num,mod_jk child workerenv in error state,0
1240,2005-12-05 07:26:00,error,mod_jk child workerEnv in error state 6,E3,mod_jk child workerEnv in error state <*>,mod_jk child workerenv in error state num,mod_jk child workerenv in error state,0
1241,2005-12-05 07:26:00,error,mod_jk child workerEnv in error state 6,E3,mod_jk child workerEnv in error state <*>,mod_jk child workerenv in error state num,mod_jk child workerenv in error state,0
1242,2005-12-05 07:31:22,notice,jk2_init() Found child 4932 in scoreboard slot 6,E1,jk2_init() Found child <*> in scoreboard slot <*>,jknum_init found child num in scoreboard slot num,jknum_init found child in scoreboard slot,1
1243,2005-12-05 07:32:03,notice,jk2_init() Found child 4938 in scoreboard slot 8,E1,jk2_init() Found child <*> in scoreboard slot <*>,jknum_init found child num in scoreboard slot num,jknum_init found child in scoreboard slot,1
1244,2005-12-05 07:32:03,notice,jk2_init() Found child 4935 in scoreboard slot 9,E1,jk2_init() Found child <*> in scoreboard slot <*>,jknum_init found child num in scoreboard slot num,jknum_init found child in scoreboard slot,1
1245,2005-12-05 07:32:03,notice,jk2_init() Found child 4936 in scoreboard slot 6,E1,jk2_init() Found child <*> in scoreboard slot <*>,jknum_init found child num in scoreboard slot num,jknum_init found child in scoreboard slot,1
1246,2005-12-05 07:32:03,notice,jk2_init() Found child 4937 in scoreboard slot 7,E1,jk2_init() Found child <*> in scoreboard slot <*>,jknum_init found child num in scoreboard slot num,jknum_init found child in scoreboard slot,1
1247,2005-12-05 07:32:06,notice,workerEnv.init() ok /etc/httpd/conf/workers2.properties,E2,workerEnv.init() ok <*>,workerenvinit ok etchttpdconfworkersnumproperties,workerenvinit ok,1
1248,2005-12-05 07:32:06,error,mod_jk child workerEnv in error state 6,E3,mod_jk child workerEnv in error state <*>,mod_jk child workerenv in error state num,mod_jk child workerenv in error state,0
1249,2005-12-05 07:32:06,notice,workerEnv.init() ok /etc/httpd/conf/workers2.properties,E2,workerEnv.init() ok <*>,workerenvinit ok etchttpdconfworkersnumproperties,workerenvinit ok,1
1250,2005-12-05 07:32:06,error,mod_jk child workerEnv in error state 6,E3,mod_jk child workerEnv in error state <*>,mod_jk child workerenv in error state num,mod_jk child workerenv in error state,0
1251,2005-12-05 07:32:06,notice,workerEnv.init() ok /etc/httpd/conf/workers2.properties,E2,workerEnv.init() ok <*>,workerenvinit ok etchttpdconfworkersnumproperties,workerenvinit ok,1
1252,2005-12-05 07:32:06,error,mod_jk child workerEnv in error state 6,E3,mod_jk child workerEnv in error state <*>,mod_jk child workerenv in error state num,mod_jk child workerenv in error state,0
1253,2005-12-05 07:32:06,notice,workerEnv.init() ok /etc/httpd/conf/workers2.properties,E2,workerEnv.init() ok <*>,workerenvinit ok etchttpdconfworkersnumproperties,workerenvinit ok,1
1254,2005-12-05 07:32:06,error,mod_jk child workerEnv in error state 6,E3,mod_jk child workerEnv in error state <*>,mod_jk child workerenv in error state num,mod_jk child workerenv in error state,0
1255,2005-12-05 07:36:19,notice,jk2_init() Found child 4950 in scoreboard slot 7,E1,jk2_init() Found child <*> in scoreboard slot <*>,jknum_init found child num in scoreboard slot num,jknum_init found child in scoreboard slot,1
1256,2005-12-05 07:37:47,notice,jk2_init() Found child 4961 in scoreboard slot 6,E1,jk2_init() Found child <*> in scoreboard slot <*>,jknum_init found child num in scoreboard slot num,jknum_init found child in scoreboard slot,1
1257,2005-12-05 07:37:48,notice,jk2_init() Found child 4962 in scoreboard slot 7,E1,jk2_init() Found child <*> in scoreboard slot <*>,jknum_init found child num in scoreboard slot num,jknum_init found child in scoreboard slot,1
1258,2005-12-05 07:37:48,notice,jk2_init() Found child 4960 in scoreboard slot 9,E1,jk2_init() Found child <*> in scoreboard slot <*>,jknum_init found child num in scoreboard slot num,jknum_init found child in scoreboard slot,1
1259,2005-12-05 07:37:48,notice,jk2_init() Found child 4959 in scoreboard slot 8,E1,jk2_init() Found child <*> in scoreboard slot <*>,jknum_init found child num in scoreboard slot num,jknum_init found child in scoreboard slot,1
1260,2005-12-05 07:37:58,notice,workerEnv.init() ok /etc/httpd/conf/workers2.properties,E2,workerEnv.init() ok <*>,workerenvinit ok etchttpdconfworkersnumproperties,workerenvinit ok,1
1261,2005-12-05 07:37:58,notice,workerEnv.init() ok /etc/httpd/conf/workers2.properties,E2,workerEnv.init() ok <*>,workerenvinit ok etchttpdconfworkersnumproperties,workerenvinit ok,1
1262,2005-12-05 07:37:58,notice,workerEnv.init() ok /etc/httpd/conf/workers2.properties,E2,workerEnv.init() ok <*>,workerenvinit ok etchttpdconfworkersnumproperties,workerenvinit ok,1
1263,2005-12-05 07:37:58,notice,workerEnv.init() ok /etc/httpd/conf/workers2.properties,E2,workerEnv.init() ok <*>,workerenvinit ok etchttpdconfworkersnumproperties,workerenvinit ok,1
1264,2005-12-05 07:37:58,error,mod_jk child workerEnv in error state 6,E3,mod_jk child workerEnv in error state <*>,mod_jk child workerenv in error state num,mod_jk child workerenv in error state,0
1265,2005-12-05 07:37:58,error,mod_jk child workerEnv in error state 6,E3,mod_jk child workerEnv in error state <*>,mod_jk child workerenv in error state num,mod_jk child workerenv in error state,0
1266,2005-12-05 07:37:58,error,mod_jk child workerEnv in error state 6,E3,mod_jk child workerEnv in error state <*>,mod_jk child workerenv in error state num,mod_jk child workerenv in error state,0
1267,2005-12-05 07:37:58,error,mod_jk child workerEnv in error state 6,E3,mod_jk child workerEnv in error state <*>,mod_jk child workerenv in error state num,mod_jk child workerenv in error state,0
1268,2005-12-05 07:41:07,notice,jk2_init() Found child 4974 in scoreboard slot 9,E1,jk2_init() Found child <*> in scoreboard slot <*>,jknum_init found child num in scoreboard slot num,jknum_init found child in scoreboard slot,1
1269,2005-12-05 07:41:35,notice,jk2_init() Found child 4975 in scoreboard slot 6,E1,jk2_init() Found child <*> in scoreboard slot <*>,jknum_init found child num in scoreboard slot num,jknum_init found child in scoreboard slot,1
1270,2005-12-05 07:41:50,notice,jk2_init() Found child 4977 in scoreboard slot 8,E1,jk2_init() Found child <*> in scoreboard slot <*>,jknum_init found child num in scoreboard slot num,jknum_init found child in scoreboard slot,1
1271,2005-12-05 07:41:50,notice,jk2_init() Found child 4976 in scoreboard slot 7,E1,jk2_init() Found child <*> in scoreboard slot <*>,jknum_init found child num in scoreboard slot num,jknum_init found child in scoreboard slot,1
1272,2005-12-05 07:43:07,notice,jk2_init() Found child 4984 in scoreboard slot 7,E1,jk2_init() Found child <*> in scoreboard slot <*>,jknum_init found child num in scoreboard slot num,jknum_init found child in scoreboard slot,1
1273,2005-12-05 07:43:08,notice,jk2_init() Found child 4985 in scoreboard slot 10,E1,jk2_init() Found child <*> in scoreboard slot <*>,jknum_init found child num in scoreboard slot num,jknum_init found child in scoreboard slot,1
1274,2005-12-05 07:43:07,notice,jk2_init() Found child 4983 in scoreboard slot 6,E1,jk2_init() Found child <*> in scoreboard slot <*>,jknum_init found child num in scoreboard slot num,jknum_init found child in scoreboard slot,1
1275,2005-12-05 07:43:15,notice,workerEnv.init() ok /etc/httpd/conf/workers2.properties,E2,workerEnv.init() ok <*>,workerenvinit ok etchttpdconfworkersnumproperties,workerenvinit ok,1
1276,2005-12-05 07:43:16,error,mod_jk child workerEnv in error state 7,E3,mod_jk child workerEnv in error state <*>,mod_jk child workerenv in error state num,mod_jk child workerenv in error state,0
1277,2005-12-05 07:43:15,notice,workerEnv.init() ok /etc/httpd/conf/workers2.properties,E2,workerEnv.init() ok <*>,workerenvinit ok etchttpdconfworkersnumproperties,workerenvinit ok,1
1278,2005-12-05 07:43:16,error,mod_jk child workerEnv in error state 7,E3,mod_jk child workerEnv in error state <*>,mod_jk child workerenv in error state num,mod_jk child workerenv in error state,0
1279,2005-12-05 07:43:15,notice,workerEnv.init() ok /etc/httpd/conf/workers2.properties,E2,workerEnv.init() ok <*>,workerenvinit ok etchttpdconfworkersnumproperties,workerenvinit ok,1
1280,2005-12-05 07:43:16,error,mod_jk child workerEnv in error state 6,E3,mod_jk child workerEnv in error state <*>,mod_jk child workerenv in error state num,mod_jk child workerenv in error state,0
1281,2005-12-05 07:43:19,notice,jk2_init() Found child 4986 in scoreboard slot 8,E1,jk2_init() Found child <*> in scoreboard slot <*>,jknum_init found child num in scoreboard slot num,jknum_init found child in scoreboard slot,1
1282,2005-12-05 07:43:19,notice,workerEnv.init() ok /etc/httpd/conf/workers2.properties,E2,workerEnv.init() ok <*>,workerenvinit ok etchttpdconfworkersnumproperties,workerenvinit ok,1
1283,2005-12-05 07:43:19,error,mod_jk child workerEnv in error state 7,E3,mod_jk child workerEnv in error state <*>,mod_jk child workerenv in error state num,mod_jk child workerenv in error state,0
1284,2005-12-05 07:46:01,notice,jk2_init() Found child 4991 in scoreboard slot 6,E1,jk2_init() Found child <*> in scoreboard slot <*>,jknum_init found child num in scoreboard slot num,jknum_init found child in scoreboard slot,1
1285,2005-12-05 07:46:01,notice,jk2_init() Found child 4992 in scoreboard slot 7,E1,jk2_init() Found child <*> in scoreboard slot <*>,jknum_init found child num in scoreboard slot num,jknum_init found child in scoreboard slot,1
1286,2005-12-05 07:46:46,notice,jk2_init() Found child 4996 in scoreboard slot 7,E1,jk2_init() Found child <*> in scoreboard slot <*>,jknum_init found child num in scoreboard slot num,jknum_init found child in scoreboard slot,1
1287,2005-12-05 07:46:46,notice,jk2_init() Found child 4995 in scoreboard slot 6,E1,jk2_init() Found child <*> in scoreboard slot <*>,jknum_init found child num in scoreboard slot num,jknum_init found child in scoreboard slot,1
1288,2005-12-05 07:47:13,notice,jk2_init() Found child 4998 in scoreboard slot 8,E1,jk2_init() Found child <*> in scoreboard slot <*>,jknum_init found child num in scoreboard slot num,jknum_init found child in scoreboard slot,1
1289,2005-12-05 07:47:13,notice,jk2_init() Found child 4999 in scoreboard slot 6,E1,jk2_init() Found child <*> in scoreboard slot <*>,jknum_init found child num in scoreboard slot num,jknum_init found child in scoreboard slot,1
1290,2005-12-05 07:47:21,notice,workerEnv.init() ok /etc/httpd/conf/workers2.properties,E2,workerEnv.init() ok <*>,workerenvinit ok etchttpdconfworkersnumproperties,workerenvinit ok,1
1291,2005-12-05 07:47:21,notice,workerEnv.init() ok /etc/httpd/conf/workers2.properties,E2,workerEnv.init() ok <*>,workerenvinit ok etchttpdconfworkersnumproperties,workerenvinit ok,1
1292,2005-12-05 07:47:21,notice,jk2_init() Found child 5000 in scoreboard slot 7,E1,jk2_init() Found child <*> in scoreboard slot <*>,jknum_init found child num in scoreboard slot num,jknum_init found child in scoreboard slot,1
1293,2005-12-05 07:47:22,error,mod_jk child workerEnv in error state 8,E3,mod_jk child workerEnv in error state <*>,mod_jk child workerenv in error state num,mod_jk child workerenv in error state,0
1294,2005-12-05 07:47:21,notice,jk2_init() Found child 5001 in scoreboard slot 9,E1,jk2_init() Found child <*> in scoreboard slot <*>,jknum_init found child num in scoreboard slot num,jknum_init found child in scoreboard slot,1
1295,2005-12-05 07:47:23,error,mod_jk child workerEnv in error state 6,E3,mod_jk child workerEnv in error state <*>,mod_jk child workerenv in error state num,mod_jk child workerenv in error state,0
1296,2005-12-05 07:47:36,notice,workerEnv.init() ok /etc/httpd/conf/workers2.properties,E2,workerEnv.init() ok <*>,workerenvinit ok etchttpdconfworkersnumproperties,workerenvinit ok,1
1297,2005-12-05 07:47:36,notice,workerEnv.init() ok /etc/httpd/conf/workers2.properties,E2,workerEnv.init() ok <*>,workerenvinit ok etchttpdconfworkersnumproperties,workerenvinit ok,1
1298,2005-12-05 07:47:40,error,mod_jk child workerEnv in error state 7,E3,mod_jk child workerEnv in error state <*>,mod_jk child workerenv in error state num,mod_jk child workerenv in error state,0
1299,2005-12-05 07:47:40,error,mod_jk child workerEnv in error state 8,E3,mod_jk child workerEnv in error state <*>,mod_jk child workerenv in error state num,mod_jk child workerenv in error state,0
1300,2005-12-05 07:48:04,notice,jk2_init() Found child 5002 in scoreboard slot 8,E1,jk2_init() Found child <*> in scoreboard slot <*>,jknum_init found child num in scoreboard slot num,jknum_init found child in scoreboard slot,1
1301,2005-12-05 07:48:04,notice,jk2_init() Found child 5003 in scoreboard slot 6,E1,jk2_init() Found child <*> in scoreboard slot <*>,jknum_init found child num in scoreboard slot num,jknum_init found child in scoreboard slot,1
1302,2005-12-05 07:48:46,notice,jk2_init() Found child 5005 in scoreboard slot 9,E1,jk2_init() Found child <*> in scoreboard slot <*>,jknum_init found child num in scoreboard slot num,jknum_init found child in scoreboard slot,1
1303,2005-12-05 07:48:46,notice,jk2_init() Found child 5006 in scoreboard slot 8,E1,jk2_init() Found child <*> in scoreboard slot <*>,jknum_init found child num in scoreboard slot num,jknum_init found child in scoreboard slot,1
1304,2005-12-05 07:48:55,notice,workerEnv.init() ok /etc/httpd/conf/workers2.properties,E2,workerEnv.init() ok <*>,workerenvinit ok etchttpdconfworkersnumproperties,workerenvinit ok,1
1305,2005-12-05 07:48:55,notice,workerEnv.init() ok /etc/httpd/conf/workers2.properties,E2,workerEnv.init() ok <*>,workerenvinit ok etchttpdconfworkersnumproperties,workerenvinit ok,1
1306,2005-12-05 07:48:55,error,mod_jk child workerEnv in error state 6,E3,mod_jk child workerEnv in error state <*>,mod_jk child workerenv in error state num,mod_jk child workerenv in error state,0
1307,2005-12-05 07:48:55,error,mod_jk child workerEnv in error state 7,E3,mod_jk child workerEnv in error state <*>,mod_jk child workerenv in error state num,mod_jk child workerenv in error state,0
1308,2005-12-05 07:48:56,notice,jk2_init() Found child 5007 in scoreboard slot 6,E1,jk2_init() Found child <*> in scoreboard slot <*>,jknum_init found child num in scoreboard slot num,jknum_init found child in scoreboard slot,1
1309,2005-12-05 07:48:56,notice,jk2_init() Found child 5008 in scoreboard slot 7,E1,jk2_init() Found child <*> in scoreboard slot <*>,jknum_init found child num in scoreboard slot num,jknum_init found child in scoreboard slot,1
1310,2005-12-05 07:48:56,notice,workerEnv.init() ok /etc/httpd/conf/workers2.properties,E2,workerEnv.init() ok <*>,workerenvinit ok etchttpdconfworkersnumproperties,workerenvinit ok,1
1311,2005-12-05 07:48:56,error,mod_jk child workerEnv in error state 6,E3,mod_jk child workerEnv in error state <*>,mod_jk child workerenv in error state num,mod_jk child workerenv in error state,0
1312,2005-12-05 07:48:56,notice,workerEnv.init() ok /etc/httpd/conf/workers2.properties,E2,workerEnv.init() ok <*>,workerenvinit ok etchttpdconfworkersnumproperties,workerenvinit ok,1
1313,2005-12-05 07:48:56,error,mod_jk child workerEnv in error state 7,E3,mod_jk child workerEnv in error state <*>,mod_jk child workerenv in error state num,mod_jk child workerenv in error state,0
1314,2005-12-05 07:50:54,notice,jk2_init() Found child 5017 in scoreboard slot 8,E1,jk2_init() Found child <*> in scoreboard slot <*>,jknum_init found child num in scoreboard slot num,jknum_init found child in scoreboard slot,1
1315,2005-12-05 07:50:54,notice,jk2_init() Found child 5016 in scoreboard slot 9,E1,jk2_init() Found child <*> in scoreboard slot <*>,jknum_init found child num in scoreboard slot num,jknum_init found child in scoreboard slot,1
1316,2005-12-05 07:51:22,notice,jk2_init() Found child 5018 in scoreboard slot 6,E1,jk2_init() Found child <*> in scoreboard slot <*>,jknum_init found child num in scoreboard slot num,jknum_init found child in scoreboard slot,1
1317,2005-12-05 07:51:20,notice,workerEnv.init() ok /etc/httpd/conf/workers2.properties,E2,workerEnv.init() ok <*>,workerenvinit ok etchttpdconfworkersnumproperties,workerenvinit ok,1
1318,2005-12-05 07:51:23,error,mod_jk child workerEnv in error state 6,E3,mod_jk child workerEnv in error state <*>,mod_jk child workerenv in error state num,mod_jk child workerenv in error state,0
1319,2005-12-05 07:51:39,notice,jk2_init() Found child 5020 in scoreboard slot 9,E1,jk2_init() Found child <*> in scoreboard slot <*>,jknum_init found child num in scoreboard slot num,jknum_init found child in scoreboard slot,1
1320,2005-12-05 07:51:39,notice,jk2_init() Found child 5019 in scoreboard slot 7,E1,jk2_init() Found child <*> in scoreboard slot <*>,jknum_init found child num in scoreboard slot num,jknum_init found child in scoreboard slot,1
1321,2005-12-05 07:51:56,notice,workerEnv.init() ok /etc/httpd/conf/workers2.properties,E2,workerEnv.init() ok <*>,workerenvinit ok etchttpdconfworkersnumproperties,workerenvinit ok,1
1322,2005-12-05 07:51:56,notice,workerEnv.init() ok /etc/httpd/conf/workers2.properties,E2,workerEnv.init() ok <*>,workerenvinit ok etchttpdconfworkersnumproperties,workerenvinit ok,1
1323,2005-12-05 07:52:02,error,mod_jk child workerEnv in error state 6,E3,mod_jk child workerEnv in error state <*>,mod_jk child workerenv in error state num,mod_jk child workerenv in error state,0
1324,2005-12-05 07:52:02,error,mod_jk child workerEnv in error state 7,E3,mod_jk child workerEnv in error state <*>,mod_jk child workerenv in error state num,mod_jk child workerenv in error state,0
1325,2005-12-05 07:52:29,notice,jk2_init() Found child 5021 in scoreboard slot 8,E1,jk2_init() Found child <*> in scoreboard slot <*>,jknum_init found child num in scoreboard slot num,jknum_init found child in scoreboard slot,1
1326,2005-12-05 07:52:29,notice,jk2_init() Found child 5022 in scoreboard slot 6,E1,jk2_init() Found child <*> in scoreboard slot <*>,jknum_init found child num in scoreboard slot num,jknum_init found child in scoreboard slot,1
1327,2005-12-05 07:52:56,notice,jk2_init() Found child 5024 in scoreboard slot 9,E1,jk2_init() Found child <*> in scoreboard slot <*>,jknum_init found child num in scoreboard slot num,jknum_init found child in scoreboard slot,1
1328,2005-12-05 07:52:56,notice,jk2_init() Found child 5023 in scoreboard slot 7,E1,jk2_init() Found child <*> in scoreboard slot <*>,jknum_init found child num in scoreboard slot num,jknum_init found child in scoreboard slot,1
1329,2005-12-05 07:52:55,notice,workerEnv.init() ok /etc/httpd/conf/workers2.properties,E2,workerEnv.init() ok <*>,workerenvinit ok etchttpdconfworkersnumproperties,workerenvinit ok,1
1330,2005-12-05 07:53:01,error,mod_jk child workerEnv in error state 7,E3,mod_jk child workerEnv in error state <*>,mod_jk child workerenv in error state num,mod_jk child workerenv in error state,0
1331,2005-12-05 07:53:24,notice,workerEnv.init() ok /etc/httpd/conf/workers2.properties,E2,workerEnv.init() ok <*>,workerenvinit ok etchttpdconfworkersnumproperties,workerenvinit ok,1
1332,2005-12-05 07:54:01,notice,jk2_init() Found child 5029 in scoreboard slot 8,E1,jk2_init() Found child <*> in scoreboard slot <*>,jknum_init found child num in scoreboard slot num,jknum_init found child in scoreboard slot,1
1333,2005-12-05 07:54:02,notice,jk2_init() Found child 5030 in scoreboard slot 6,E1,jk2_init() Found child <*> in scoreboard slot <*>,jknum_init found child num in scoreboard slot num,jknum_init found child in scoreboard slot,1
1334,2005-12-05 07:54:48,notice,jk2_init() Found child 5033 in scoreboard slot 8,E1,jk2_init() Found child <*> in scoreboard slot <*>,jknum_init found child num in scoreboard slot num,jknum_init found child in scoreboard slot,1
1335,2005-12-05 07:54:48,notice,jk2_init() Found child 5032 in scoreboard slot 9,E1,jk2_init() Found child <*> in scoreboard slot <*>,jknum_init found child num in scoreboard slot num,jknum_init found child in scoreboard slot,1
1336,2005-12-05 07:55:00,notice,jk2_init() Found child 5035 in scoreboard slot 7,E1,jk2_init() Found child <*> in scoreboard slot <*>,jknum_init found child num in scoreboard slot num,jknum_init found child in scoreboard slot,1
1337,2005-12-05 07:55:00,notice,jk2_init() Found child 5034 in scoreboard slot 6,E1,jk2_init() Found child <*> in scoreboard slot <*>,jknum_init found child num in scoreboard slot num,jknum_init found child in scoreboard slot,1
1338,2005-12-05 07:55:07,notice,workerEnv.init() ok /etc/httpd/conf/workers2.properties,E2,workerEnv.init() ok <*>,workerenvinit ok etchttpdconfworkersnumproperties,workerenvinit ok,1
1339,2005-12-05 07:55:08,error,mod_jk child workerEnv in error state 8,E3,mod_jk child workerEnv in error state <*>,mod_jk child workerenv in error state num,mod_jk child workerenv in error state,0
1340,2005-12-05 07:55:07,notice,workerEnv.init() ok /etc/httpd/conf/workers2.properties,E2,workerEnv.init() ok <*>,workerenvinit ok etchttpdconfworkersnumproperties,workerenvinit ok,1
1341,2005-12-05 07:55:08,error,mod_jk child workerEnv in error state 7,E3,mod_jk child workerEnv in error state <*>,mod_jk child workerenv in error state num,mod_jk child workerenv in error state,0
1342,2005-12-05 07:55:07,notice,workerEnv.init() ok /etc/httpd/conf/workers2.properties,E2,workerEnv.init() ok <*>,workerenvinit ok etchttpdconfworkersnumproperties,workerenvinit ok,1
1343,2005-12-05 07:55:08,error,mod_jk child workerEnv in error state 7,E3,mod_jk child workerEnv in error state <*>,mod_jk child workerenv in error state num,mod_jk child workerenv in error state,0
1344,2005-12-05 07:55:13,notice,jk2_init() Found child 5036 in scoreboard slot 9,E1,jk2_init() Found child <*> in scoreboard slot <*>,jknum_init found child num in scoreboard slot num,jknum_init found child in scoreboard slot,1
1345,2005-12-05 07:57:01,notice,jk2_init() Found child 5050 in scoreboard slot 8,E1,jk2_init() Found child <*> in scoreboard slot <*>,jknum_init found child num in scoreboard slot num,jknum_init found child in scoreboard slot,1
1346,2005-12-05 07:57:01,notice,jk2_init() Found child 5049 in scoreboard slot 7,E1,jk2_init() Found child <*> in scoreboard slot <*>,jknum_init found child num in scoreboard slot num,jknum_init found child in scoreboard slot,1
1347,2005-12-05 07:57:01,notice,jk2_init() Found child 5048 in scoreboard slot 6,E1,jk2_init() Found child <*> in scoreboard slot <*>,jknum_init found child num in scoreboard slot num,jknum_init found child in scoreboard slot,1
1348,2005-12-05 07:57:02,notice,jk2_init() Found child 5051 in scoreboard slot 9,E1,jk2_init() Found child <*> in scoreboard slot <*>,jknum_init found child num in scoreboard slot num,jknum_init found child in scoreboard slot,1
1349,2005-12-05 07:57:02,error,jk2_init() Can't find child 5053 in scoreboard,E5,jk2_init() Can't find child <*> in scoreboard,jknum_init cant find child num in scoreboard,jknum_init cant find child in scoreboard,0
1350,2005-12-05 07:57:02,error,jk2_init() Can't find child 5054 in scoreboard,E5,jk2_init() Can't find child <*> in scoreboard,jknum_init cant find child num in scoreboard,jknum_init cant find child in scoreboard,0
1351,2005-12-05 07:57:02,notice,jk2_init() Found child 5052 in scoreboard slot 10,E1,jk2_init() Found child <*> in scoreboard slot <*>,jknum_init found child num in scoreboard slot num,jknum_init found child in scoreboard slot,1
1352,2005-12-05 07:57:02,notice,workerEnv.init() ok /etc/httpd/conf/workers2.properties,E2,workerEnv.init() ok <*>,workerenvinit ok etchttpdconfworkersnumproperties,workerenvinit ok,1
1353,2005-12-05 07:57:02,error,mod_jk child workerEnv in error state 6,E3,mod_jk child workerEnv in error state <*>,mod_jk child workerenv in error state num,mod_jk child workerenv in error state,0
1354,2005-12-05 07:57:02,notice,workerEnv.init() ok /etc/httpd/conf/workers2.properties,E2,workerEnv.init() ok <*>,workerenvinit ok etchttpdconfworkersnumproperties,workerenvinit ok,1
1355,2005-12-05 07:57:02,error,mod_jk child workerEnv in error state 6,E3,mod_jk child workerEnv in error state <*>,mod_jk child workerenv in error state num,mod_jk child workerenv in error state,0
1356,2005-12-05 07:57:02,notice,workerEnv.init() ok /etc/httpd/conf/workers2.properties,E2,workerEnv.init() ok <*>,workerenvinit ok etchttpdconfworkersnumproperties,workerenvinit ok,1
1357,2005-12-05 07:57:02,error,mod_jk child workerEnv in error state 6,E3,mod_jk child workerEnv in error state <*>,mod_jk child workerenv in error state num,mod_jk child workerenv in error state,0
1358,2005-12-05 07:57:02,notice,workerEnv.init() ok /etc/httpd/conf/workers2.properties,E2,workerEnv.init() ok <*>,workerenvinit ok etchttpdconfworkersnumproperties,workerenvinit ok,1
1359,2005-12-05 07:57:02,error,mod_jk child workerEnv in error state 8,E3,mod_jk child workerEnv in error state <*>,mod_jk child workerenv in error state num,mod_jk child workerenv in error state,0
1360,2005-12-05 07:57:02,notice,workerEnv.init() ok /etc/httpd/conf/workers2.properties,E2,workerEnv.init() ok <*>,workerenvinit ok etchttpdconfworkersnumproperties,workerenvinit ok,1
1361,2005-12-05 07:57:02,error,mod_jk child workerEnv in error state 6,E3,mod_jk child workerEnv in error state <*>,mod_jk child workerenv in error state num,mod_jk child workerenv in error state,0
1362,2005-12-05 07:57:02,notice,workerEnv.init() ok /etc/httpd/conf/workers2.properties,E2,workerEnv.init() ok <*>,workerenvinit ok etchttpdconfworkersnumproperties,workerenvinit ok,1
1363,2005-12-05 07:57:02,error,mod_jk child init 1 -2,E6,mod_jk child init <*> <*>,mod_jk child init num num,mod_jk child init,0
1364,2005-12-05 07:57:02,notice,workerEnv.init() ok /etc/httpd/conf/workers2.properties,E2,workerEnv.init() ok <*>,workerenvinit ok etchttpdconfworkersnumproperties,workerenvinit ok,1
1365,2005-12-05 07:57:02,error,mod_jk child init 1 -2,E6,mod_jk child init <*> <*>,mod_jk child init num num,mod_jk child init,0
1366,2005-12-05 09:09:48,error,[client 207.12.15.211] Directory index forbidden by rule: /var/www/html/,E4,[client <*>] Directory index forbidden by rule: <*>,client ip directory index forbidden by rule varwwwhtml,client directory index forbidden by rule,0
1367,2005-12-05 09:36:13,notice,jk2_init() Found child 5271 in scoreboard slot 7,E1,jk2_init() Found child <*> in scoreboard slot <*>,jknum_init found child num in scoreboard slot num,jknum_init found child in scoreboard slot,1
1368,2005-12-05 09:36:13,notice,jk2_init() Found child 5270 in scoreboard slot 6,E1,jk2_init() Found child <*> in scoreboard slot <*>,jknum_init found child num in scoreboard slot num,jknum_init found child in scoreboard slot,1
1369,2005-12-05 09:36:14,notice,workerEnv.init() ok /etc/httpd/conf/workers2.properties,E2,workerEnv.init() ok <*>,workerenvinit ok etchttpdconfworkersnumproperties,workerenvinit ok,1
1370,2005-12-05 09:36:14,error,mod_jk child workerEnv in error state 6,E3,mod_jk child workerEnv in error state <*>,mod_jk child workerenv in error state num,mod_jk child workerenv in error state,0
1371,2005-12-05 09:36:14,notice,workerEnv.init() ok /etc/httpd/conf/workers2.properties,E2,workerEnv.init() ok <*>,workerenvinit ok etchttpdconfworkersnumproperties,workerenvinit ok,1
1372,2005-12-05 09:36:14,error,mod_jk child workerEnv in error state 6,E3,mod_jk child workerEnv in error state <*>,mod_jk child workerenv in error state num,mod_jk child workerenv in error state,0
1373,2005-12-05 09:55:21,notice,jk2_init() Found child 5295 in scoreboard slot 8,E1,jk2_init() Found child <*> in scoreboard slot <*>,jknum_init found child num in scoreboard slot num,jknum_init found child in scoreboard slot,1
1374,2005-12-05 09:55:21,notice,workerEnv.init() ok /etc/httpd/conf/workers2.properties,E2,workerEnv.init() ok <*>,workerenvinit ok etchttpdconfworkersnumproperties,workerenvinit ok,1
1375,2005-12-05 09:55:21,error,mod_jk child workerEnv in error state 6,E3,mod_jk child workerEnv in error state <*>,mod_jk child workerenv in error state num,mod_jk child workerenv in error state,0
1376,2005-12-05 10:10:32,notice,jk2_init() Found child 5330 in scoreboard slot 9,E1,jk2_init() Found child <*> in scoreboard slot <*>,jknum_init found child num in scoreboard slot num,jknum_init found child in scoreboard slot,1
1377,2005-12-05 10:10:33,notice,workerEnv.init() ok /etc/httpd/conf/workers2.properties,E2,workerEnv.init() ok <*>,workerenvinit ok etchttpdconfworkersnumproperties,workerenvinit ok,1
1378,2005-12-05 10:10:33,error,mod_jk child workerEnv in error state 6,E3,mod_jk child workerEnv in error state <*>,mod_jk child workerenv in error state num,mod_jk child workerenv in error state,0
1379,2005-12-05 10:16:20,notice,jk2_init() Found child 5344 in scoreboard slot 7,E1,jk2_init() Found child <*> in scoreboard slot <*>,jknum_init found child num in scoreboard slot num,jknum_init found child in scoreboard slot,1
1380,2005-12-05 10:16:52,notice,jk2_init() Found child 5347 in scoreboard slot 6,E1,jk2_init() Found child <*> in scoreboard slot <*>,jknum_init found child num in scoreboard slot num,jknum_init found child in scoreboard slot,1
1381,2005-12-05 10:16:53,notice,jk2_init() Found child 5348 in scoreboard slot 7,E1,jk2_init() Found child <*> in scoreboard slot <*>,jknum_init found child num in scoreboard slot num,jknum_init found child in scoreboard slot,1
1382,2005-12-05 10:17:45,notice,jk2_init() Found child 5350 in scoreboard slot 9,E1,jk2_init() Found child <*> in scoreboard slot <*>,jknum_init found child num in scoreboard slot num,jknum_init found child in scoreboard slot,1
1383,2005-12-05 10:17:45,notice,jk2_init() Found child 5349 in scoreboard slot 8,E1,jk2_init() Found child <*> in scoreboard slot <*>,jknum_init found child num in scoreboard slot num,jknum_init found child in scoreboard slot,1
1384,2005-12-05 10:17:49,notice,jk2_init() Found child 5352 in scoreboard slot 7,E1,jk2_init() Found child <*> in scoreboard slot <*>,jknum_init found child num in scoreboard slot num,jknum_init found child in scoreboard slot,1
1385,2005-12-05 10:17:50,notice,jk2_init() Found child 5351 in scoreboard slot 6,E1,jk2_init() Found child <*> in scoreboard slot <*>,jknum_init found child num in scoreboard slot num,jknum_init found child in scoreboard slot,1
1386,2005-12-05 10:17:51,notice,workerEnv.init() ok /etc/httpd/conf/workers2.properties,E2,workerEnv.init() ok <*>,workerenvinit ok etchttpdconfworkersnumproperties,workerenvinit ok,1
1387,2005-12-05 10:17:51,notice,workerEnv.init() ok /etc/httpd/conf/workers2.properties,E2,workerEnv.init() ok <*>,workerenvinit ok etchttpdconfworkersnumproperties,workerenvinit ok,1
1388,2005-12-05 10:17:51,notice,workerEnv.init() ok /etc/httpd/conf/workers2.properties,E2,workerEnv.init() ok <*>,workerenvinit ok etchttpdconfworkersnumproperties,workerenvinit ok,1
1389,2005-12-05 10:17:51,notice,workerEnv.init() ok /etc/httpd/conf/workers2.properties,E2,workerEnv.init() ok <*>,workerenvinit ok etchttpdconfworkersnumproperties,workerenvinit ok,1
1390,2005-12-05 10:17:51,error,mod_jk child workerEnv in error state 6,E3,mod_jk child workerEnv in error state <*>,mod_jk child workerenv in error state num,mod_jk child workerenv in error state,0
1391,2005-12-05 10:17:51,error,mod_jk child workerEnv in error state 6,E3,mod_jk child workerEnv in error state <*>,mod_jk child workerenv in error state num,mod_jk child workerenv in error state,0
1392,2005-12-05 10:17:51,error,mod_jk child workerEnv in error state 7,E3,mod_jk child workerEnv in error state <*>,mod_jk child workerenv in error state num,mod_jk child workerenv in error state,0
1393,2005-12-05 10:17:51,error,mod_jk child workerEnv in error state 7,E3,mod_jk child workerEnv in error state <*>,mod_jk child workerenv in error state num,mod_jk child workerenv in error state,0
1394,2005-12-05 10:21:05,notice,jk2_init() Found child 5366 in scoreboard slot 9,E1,jk2_init() Found child <*> in scoreboard slot <*>,jknum_init found child num in scoreboard slot num,jknum_init found child in scoreboard slot,1
1395,2005-12-05 10:21:05,notice,jk2_init() Found child 5365 in scoreboard slot 8,E1,jk2_init() Found child <*> in scoreboard slot <*>,jknum_init found child num in scoreboard slot num,jknum_init found child in scoreboard slot,1
1396,2005-12-05 10:21:05,notice,jk2_init() Found child 5367 in scoreboard slot 6,E1,jk2_init() Found child <*> in scoreboard slot <*>,jknum_init found child num in scoreboard slot num,jknum_init found child in scoreboard slot,1
1397,2005-12-05 10:21:07,notice,jk2_init() Found child 5368 in scoreboard slot 7,E1,jk2_init() Found child <*> in scoreboard slot <*>,jknum_init found child num in scoreboard slot num,jknum_init found child in scoreboard slot,1
1398,2005-12-05 10:21:13,notice,workerEnv.init() ok /etc/httpd/conf/workers2.properties,E2,workerEnv.init() ok <*>,workerenvinit ok etchttpdconfworkersnumproperties,workerenvinit ok,1
1399,2005-12-05 10:21:13,notice,workerEnv.init() ok /etc/httpd/conf/workers2.properties,E2,workerEnv.init() ok <*>,workerenvinit ok etchttpdconfworkersnumproperties,workerenvinit ok,1
1400,2005-12-05 10:21:13,notice,workerEnv.init() ok /etc/httpd/conf/workers2.properties,E2,workerEnv.init() ok <*>,workerenvinit ok etchttpdconfworkersnumproperties,workerenvinit ok,1
1401,2005-12-05 10:21:13,notice,workerEnv.init() ok /etc/httpd/conf/workers2.properties,E2,workerEnv.init() ok <*>,workerenvinit ok etchttpdconfworkersnumproperties,workerenvinit ok,1
1402,2005-12-05 10:21:13,error,mod_jk child workerEnv in error state 6,E3,mod_jk child workerEnv in error state <*>,mod_jk child workerenv in error state num,mod_jk child workerenv in error state,0
1403,2005-12-05 10:21:13,error,mod_jk child workerEnv in error state 6,E3,mod_jk child workerEnv in error state <*>,mod_jk child workerenv in error state num,mod_jk child workerenv in error state,0
1404,2005-12-05 10:21:13,error,mod_jk child workerEnv in error state 6,E3,mod_jk child workerEnv in error state <*>,mod_jk child workerenv in error state num,mod_jk child workerenv in error state,0
1405,2005-12-05 10:21:13,error,mod_jk child workerEnv in error state 6,E3,mod_jk child workerEnv in error state <*>,mod_jk child workerenv in error state num,mod_jk child workerenv in error state,0
1406,2005-12-05 10:26:26,notice,jk2_init() Found child 5384 in scoreboard slot 7,E1,jk2_init() Found child <*> in scoreboard slot <*>,jknum_init found child num in scoreboard slot num,jknum_init found child in scoreboard slot,1
1407,2005-12-05 10:26:26,notice,jk2_init() Found child 5385 in scoreboard slot 8,E1,jk2_init() Found child <*> in scoreboard slot <*>,jknum_init found child num in scoreboard slot num,jknum_init found child in scoreboard slot,1
1408,2005-12-05 10:26:25,notice,jk2_init() Found child 5386 in scoreboard slot 9,E1,jk2_init() Found child <*> in scoreboard slot <*>,jknum_init found child num in scoreboard slot num,jknum_init found child in scoreboard slot,1
1409,2005-12-05 10:26:25,notice,jk2_init() Found child 5387 in scoreboard slot 6,E1,jk2_init() Found child <*> in scoreboard slot <*>,jknum_init found child num in scoreboard slot num,jknum_init found child in scoreboard slot,1
1410,2005-12-05 10:26:31,notice,workerEnv.init() ok /etc/httpd/conf/workers2.properties,E2,workerEnv.init() ok <*>,workerenvinit ok etchttpdconfworkersnumproperties,workerenvinit ok,1
1411,2005-12-05 10:26:31,error,mod_jk child workerEnv in error state 6,E3,mod_jk child workerEnv in error state <*>,mod_jk child workerenv in error state num,mod_jk child workerenv in error state,0
1412,2005-12-05 10:26:31,notice,workerEnv.init() ok /etc/httpd/conf/workers2.properties,E2,workerEnv.init() ok <*>,workerenvinit ok etchttpdconfworkersnumproperties,workerenvinit ok,1
1413,2005-12-05 10:26:31,error,mod_jk child workerEnv in error state 6,E3,mod_jk child workerEnv in error state <*>,mod_jk child workerenv in error state num,mod_jk child workerenv in error state,0
1414,2005-12-05 10:26:31,notice,workerEnv.init() ok /etc/httpd/conf/workers2.properties,E2,workerEnv.init() ok <*>,workerenvinit ok etchttpdconfworkersnumproperties,workerenvinit ok,1
1415,2005-12-05 10:26:31,error,mod_jk child workerEnv in error state 6,E3,mod_jk child workerEnv in error state <*>,mod_jk child workerenv in error state num,mod_jk child workerenv in error state,0
1416,2005-12-05 10:26:31,notice,workerEnv.init() ok /etc/httpd/conf/workers2.properties,E2,workerEnv.init() ok <*>,workerenvinit ok etchttpdconfworkersnumproperties,workerenvinit ok,1
1417,2005-12-05 10:26:31,error,mod_jk child workerEnv in error state 6,E3,mod_jk child workerEnv in error state <*>,mod_jk child workerenv in error state num,mod_jk child workerenv in error state,0
1418,2005-12-05 10:26:36,notice,jk2_init() Found child 5388 in scoreboard slot 10,E1,jk2_init() Found child <*> in scoreboard slot <*>,jknum_init found child num in scoreboard slot num,jknum_init found child in scoreboard slot,1
1419,2005-12-05 10:26:36,notice,workerEnv.init() ok /etc/httpd/conf/workers2.properties,E2,workerEnv.init() ok <*>,workerenvinit ok etchttpdconfworkersnumproperties,workerenvinit ok,1
1420,2005-12-05 10:26:36,error,mod_jk child workerEnv in error state 6,E3,mod_jk child workerEnv in error state <*>,mod_jk child workerenv in error state num,mod_jk child workerenv in error state,0
1421,2005-12-05 10:26:39,error,[client 141.153.150.164] Directory index forbidden by rule: /var/www/html/,E4,[client <*>] Directory index forbidden by rule: <*>,client ip directory index forbidden by rule varwwwhtml,client directory index forbidden by rule,0
1422,2005-12-05 10:28:44,error,[client 198.232.168.9] Directory index forbidden by rule: /var/www/html/,E4,[client <*>] Directory index forbidden by rule: <*>,client ip directory index forbidden by rule varwwwhtml,client directory index forbidden by rule,0
1423,2005-12-05 10:31:40,notice,jk2_init() Found child 5404 in scoreboard slot 8,E1,jk2_init() Found child <*> in scoreboard slot <*>,jknum_init found child num in scoreboard slot num,jknum_init found child in scoreboard slot,1
1424,2005-12-05 10:31:40,notice,jk2_init() Found child 5405 in scoreboard slot 9,E1,jk2_init() Found child <*> in scoreboard slot <*>,jknum_init found child num in scoreboard slot num,jknum_init found child in scoreboard slot,1
1425,2005-12-05 10:33:41,notice,jk2_init() Found child 5418 in scoreboard slot 6,E1,jk2_init() Found child <*> in scoreboard slot <*>,jknum_init found child num in scoreboard slot num,jknum_init found child in scoreboard slot,1
1426,2005-12-05 10:33:41,notice,jk2_init() Found child 5419 in scoreboard slot 7,E1,jk2_init() Found child <*> in scoreboard slot <*>,jknum_init found child num in scoreboard slot num,jknum_init found child in scoreboard slot,1
1427,2005-12-05 10:33:41,notice,jk2_init() Found child 5417 in scoreboard slot 9,E1,jk2_init() Found child <*> in scoreboard slot <*>,jknum_init found child num in scoreboard slot num,jknum_init found child in scoreboard slot,1
1428,2005-12-05 10:33:41,notice,jk2_init() Found child 5416 in scoreboard slot 8,E1,jk2_init() Found child <*> in scoreboard slot <*>,jknum_init found child num in scoreboard slot num,jknum_init found child in scoreboard slot,1
1429,2005-12-05 10:33:44,notice,workerEnv.init() ok /etc/httpd/conf/workers2.properties,E2,workerEnv.init() ok <*>,workerenvinit ok etchttpdconfworkersnumproperties,workerenvinit ok,1
1430,2005-12-05 10:33:44,error,mod_jk child workerEnv in error state 6,E3,mod_jk child workerEnv in error state <*>,mod_jk child workerenv in error state num,mod_jk child workerenv in error state,0
1431,2005-12-05 10:33:44,notice,workerEnv.init() ok /etc/httpd/conf/workers2.properties,E2,workerEnv.init() ok <*>,workerenvinit ok etchttpdconfworkersnumproperties,workerenvinit ok,1
1432,2005-12-05 10:33:44,error,mod_jk child workerEnv in error state 6,E3,mod_jk child workerEnv in error state <*>,mod_jk child workerenv in error state num,mod_jk child workerenv in error state,0
1433,2005-12-05 10:33:44,notice,workerEnv.init() ok /etc/httpd/conf/workers2.properties,E2,workerEnv.init() ok <*>,workerenvinit ok etchttpdconfworkersnumproperties,workerenvinit ok,1
1434,2005-12-05 10:33:44,error,mod_jk child workerEnv in error state 7,E3,mod_jk child workerEnv in error state <*>,mod_jk child workerenv in error state num,mod_jk child workerenv in error state,0
1435,2005-12-05 10:33:44,notice,workerEnv.init() ok /etc/httpd/conf/workers2.properties,E2,workerEnv.init() ok <*>,workerenvinit ok etchttpdconfworkersnumproperties,workerenvinit ok,1
1436,2005-12-05 10:33:44,error,mod_jk child workerEnv in error state 7,E3,mod_jk child workerEnv in error state <*>,mod_jk child workerenv in error state num,mod_jk child workerenv in error state,0
1437,2005-12-05 10:36:10,notice,jk2_init() Found child 5426 in scoreboard slot 6,E1,jk2_init() Found child <*> in scoreboard slot <*>,jknum_init found child num in scoreboard slot num,jknum_init found child in scoreboard slot,1
1438,2005-12-05 10:36:10,notice,jk2_init() Found child 5425 in scoreboard slot 9,E1,jk2_init() Found child <*> in scoreboard slot <*>,jknum_init found child num in scoreboard slot num,jknum_init found child in scoreboard slot,1
1439,2005-12-05 10:36:58,notice,jk2_init() Found child 5428 in scoreboard slot 8,E1,jk2_init() Found child <*> in scoreboard slot <*>,jknum_init found child num in scoreboard slot num,jknum_init found child in scoreboard slot,1
1440,2005-12-05 10:37:27,notice,jk2_init() Found child 5429 in scoreboard slot 9,E1,jk2_init() Found child <*> in scoreboard slot <*>,jknum_init found child num in scoreboard slot num,jknum_init found child in scoreboard slot,1
1441,2005-12-05 10:37:27,notice,jk2_init() Found child 5430 in scoreboard slot 6,E1,jk2_init() Found child <*> in scoreboard slot <*>,jknum_init found child num in scoreboard slot num,jknum_init found child in scoreboard slot,1
1442,2005-12-05 10:38:00,notice,jk2_init() Found child 5434 in scoreboard slot 6,E1,jk2_init() Found child <*> in scoreboard slot <*>,jknum_init found child num in scoreboard slot num,jknum_init found child in scoreboard slot,1
1443,2005-12-05 10:38:00,notice,jk2_init() Found child 5433 in scoreboard slot 9,E1,jk2_init() Found child <*> in scoreboard slot <*>,jknum_init found child num in scoreboard slot num,jknum_init found child in scoreboard slot,1
1444,2005-12-05 10:38:00,notice,jk2_init() Found child 5435 in scoreboard slot 7,E1,jk2_init() Found child <*> in scoreboard slot <*>,jknum_init found child num in scoreboard slot num,jknum_init found child in scoreboard slot,1
1445,2005-12-05 10:38:00,notice,jk2_init() Found child 5432 in scoreboard slot 8,E1,jk2_init() Found child <*> in scoreboard slot <*>,jknum_init found child num in scoreboard slot num,jknum_init found child in scoreboard slot,1
1446,2005-12-05 10:38:04,notice,workerEnv.init() ok /etc/httpd/conf/workers2.properties,E2,workerEnv.init() ok <*>,workerenvinit ok etchttpdconfworkersnumproperties,workerenvinit ok,1
1447,2005-12-05 10:38:04,error,mod_jk child workerEnv in error state 8,E3,mod_jk child workerEnv in error state <*>,mod_jk child workerenv in error state num,mod_jk child workerenv in error state,0
1448,2005-12-05 10:38:04,notice,workerEnv.init() ok /etc/httpd/conf/workers2.properties,E2,workerEnv.init() ok <*>,workerenvinit ok etchttpdconfworkersnumproperties,workerenvinit ok,1
1449,2005-12-05 10:38:04,error,mod_jk child workerEnv in error state 7,E3,mod_jk child workerEnv in error state <*>,mod_jk child workerenv in error state num,mod_jk child workerenv in error state,0
1450,2005-12-05 10:38:04,notice,workerEnv.init() ok /etc/httpd/conf/workers2.properties,E2,workerEnv.init() ok <*>,workerenvinit ok etchttpdconfworkersnumproperties,workerenvinit ok,1
1451,2005-12-05 10:38:04,error,mod_jk child workerEnv in error state 6,E3,mod_jk child workerEnv in error state <*>,mod_jk child workerenv in error state num,mod_jk child workerenv in error state,0
1452,2005-12-05 10:38:04,notice,workerEnv.init() ok /etc/httpd/conf/workers2.properties,E2,workerEnv.init() ok <*>,workerenvinit ok etchttpdconfworkersnumproperties,workerenvinit ok,1
1453,2005-12-05 10:38:04,error,mod_jk child workerEnv in error state 7,E3,mod_jk child workerEnv in error state <*>,mod_jk child workerenv in error state num,mod_jk child workerenv in error state,0
1454,2005-12-05 10:41:14,notice,jk2_init() Found child 5470 in scoreboard slot 9,E1,jk2_init() Found child <*> in scoreboard slot <*>,jknum_init found child num in scoreboard slot num,jknum_init found child in scoreboard slot,1
1455,2005-12-05 10:41:14,notice,jk2_init() Found child 5469 in scoreboard slot 8,E1,jk2_init() Found child <*> in scoreboard slot <*>,jknum_init found child num in scoreboard slot num,jknum_init found child in scoreboard slot,1
1456,2005-12-05 10:42:23,notice,jk2_init() Found child 5474 in scoreboard slot 9,E1,jk2_init() Found child <*> in scoreboard slot <*>,jknum_init found child num in scoreboard slot num,jknum_init found child in scoreboard slot,1
1457,2005-12-05 10:42:23,notice,jk2_init() Found child 5475 in scoreboard slot 6,E1,jk2_init() Found child <*> in scoreboard slot <*>,jknum_init found child num in scoreboard slot num,jknum_init found child in scoreboard slot,1
1458,2005-12-05 10:43:19,notice,jk2_init() Found child 5482 in scoreboard slot 9,E1,jk2_init() Found child <*> in scoreboard slot <*>,jknum_init found child num in scoreboard slot num,jknum_init found child in scoreboard slot,1
1459,2005-12-05 10:43:19,notice,jk2_init() Found child 5480 in scoreboard slot 7,E1,jk2_init() Found child <*> in scoreboard slot <*>,jknum_init found child num in scoreboard slot num,jknum_init found child in scoreboard slot,1
1460,2005-12-05 10:43:19,notice,jk2_init() Found child 5479 in scoreboard slot 6,E1,jk2_init() Found child <*> in scoreboard slot <*>,jknum_init found child num in scoreboard slot num,jknum_init found child in scoreboard slot,1
1461,2005-12-05 10:43:19,notice,jk2_init() Found child 5481 in scoreboard slot 8,E1,jk2_init() Found child <*> in scoreboard slot <*>,jknum_init found child num in scoreboard slot num,jknum_init found child in scoreboard slot,1
1462,2005-12-05 10:43:34,notice,workerEnv.init() ok /etc/httpd/conf/workers2.properties,E2,workerEnv.init() ok <*>,workerenvinit ok etchttpdconfworkersnumproperties,workerenvinit ok,1
1463,2005-12-05 10:43:34,notice,workerEnv.init() ok /etc/httpd/conf/workers2.properties,E2,workerEnv.init() ok <*>,workerenvinit ok etchttpdconfworkersnumproperties,workerenvinit ok,1
1464,2005-12-05 10:43:39,error,mod_jk child workerEnv in error state 8,E3,mod_jk child workerEnv in error state <*>,mod_jk child workerenv in error state num,mod_jk child workerenv in error state,0
1465,2005-12-05 10:43:41,notice,workerEnv.init() ok /etc/httpd/conf/workers2.properties,E2,workerEnv.init() ok <*>,workerenvinit ok etchttpdconfworkersnumproperties,workerenvinit ok,1
1466,2005-12-05 10:43:41,error,mod_jk child workerEnv in error state 7,E3,mod_jk child workerEnv in error state <*>,mod_jk child workerenv in error state num,mod_jk child workerenv in error state,0
1467,2005-12-05 10:43:48,notice,jk2_init() Found child 5484 in scoreboard slot 7,E1,jk2_init() Found child <*> in scoreboard slot <*>,jknum_init found child num in scoreboard slot num,jknum_init found child in scoreboard slot,1
1468,2005-12-05 10:43:48,notice,jk2_init() Found child 5483 in scoreboard slot 6,E1,jk2_init() Found child <*> in scoreboard slot <*>,jknum_init found child num in scoreboard slot num,jknum_init found child in scoreboard slot,1
1469,2005-12-05 10:43:51,notice,workerEnv.init() ok /etc/httpd/conf/workers2.properties,E2,workerEnv.init() ok <*>,workerenvinit ok etchttpdconfworkersnumproperties,workerenvinit ok,1
1470,2005-12-05 10:43:51,error,mod_jk child workerEnv in error state 7,E3,mod_jk child workerEnv in error state <*>,mod_jk child workerenv in error state num,mod_jk child workerenv in error state,0
1471,2005-12-05 10:43:51,notice,workerEnv.init() ok /etc/httpd/conf/workers2.properties,E2,workerEnv.init() ok <*>,workerenvinit ok etchttpdconfworkersnumproperties,workerenvinit ok,1
1472,2005-12-05 10:43:51,error,mod_jk child workerEnv in error state 8,E3,mod_jk child workerEnv in error state <*>,mod_jk child workerenv in error state num,mod_jk child workerenv in error state,0
1473,2005-12-05 10:46:55,notice,jk2_init() Found child 5497 in scoreboard slot 7,E1,jk2_init() Found child <*> in scoreboard slot <*>,jknum_init found child num in scoreboard slot num,jknum_init found child in scoreboard slot,1
1474,2005-12-05 10:46:55,notice,jk2_init() Found child 5495 in scoreboard slot 9,E1,jk2_init() Found child <*> in scoreboard slot <*>,jknum_init found child num in scoreboard slot num,jknum_init found child in scoreboard slot,1
1475,2005-12-05 10:46:55,notice,jk2_init() Found child 5494 in scoreboard slot 8,E1,jk2_init() Found child <*> in scoreboard slot <*>,jknum_init found child num in scoreboard slot num,jknum_init found child in scoreboard slot,1
1476,2005-12-05 10:46:55,notice,jk2_init() Found child 5496 in scoreboard slot 6,E1,jk2_init() Found child <*> in scoreboard slot <*>,jknum_init found child num in scoreboard slot num,jknum_init found child in scoreboard slot,1
1477,2005-12-05 10:47:12,notice,workerEnv.init() ok /etc/httpd/conf/workers2.properties,E2,workerEnv.init() ok <*>,workerenvinit ok etchttpdconfworkersnumproperties,workerenvinit ok,1
1478,2005-12-05 10:47:12,notice,workerEnv.init() ok /etc/httpd/conf/workers2.properties,E2,workerEnv.init() ok <*>,workerenvinit ok etchttpdconfworkersnumproperties,workerenvinit ok,1
1479,2005-12-05 10:47:17,error,mod_jk child workerEnv in error state 6,E3,mod_jk child workerEnv in error state <*>,mod_jk child workerenv in error state num,mod_jk child workerenv in error state,0
1480,2005-12-05 10:47:17,error,mod_jk child workerEnv in error state 6,E3,mod_jk child workerEnv in error state <*>,mod_jk child workerenv in error state num,mod_jk child workerenv in error state,0
1481,2005-12-05 10:47:32,notice,jk2_init() Found child 5499 in scoreboard slot 9,E1,jk2_init() Found child <*> in scoreboard slot <*>,jknum_init found child num in scoreboard slot num,jknum_init found child in scoreboard slot,1
1482,2005-12-05 10:47:33,notice,jk2_init() Found child 5498 in scoreboard slot 8,E1,jk2_init() Found child <*> in scoreboard slot <*>,jknum_init found child num in scoreboard slot num,jknum_init found child in scoreboard slot,1
1483,2005-12-05 10:47:44,notice,workerEnv.init() ok /etc/httpd/conf/workers2.properties,E2,workerEnv.init() ok <*>,workerenvinit ok etchttpdconfworkersnumproperties,workerenvinit ok,1
1484,2005-12-05 10:47:44,notice,workerEnv.init() ok /etc/httpd/conf/workers2.properties,E2,workerEnv.init() ok <*>,workerenvinit ok etchttpdconfworkersnumproperties,workerenvinit ok,1
1485,2005-12-05 10:47:45,error,mod_jk child workerEnv in error state 7,E3,mod_jk child workerEnv in error state <*>,mod_jk child workerenv in error state num,mod_jk child workerenv in error state,0
1486,2005-12-05 10:47:45,error,mod_jk child workerEnv in error state 7,E3,mod_jk child workerEnv in error state <*>,mod_jk child workerenv in error state num,mod_jk child workerenv in error state,0
1487,2005-12-05 10:47:47,notice,jk2_init() Found child 5500 in scoreboard slot 6,E1,jk2_init() Found child <*> in scoreboard slot <*>,jknum_init found child num in scoreboard slot num,jknum_init found child in scoreboard slot,1
1488,2005-12-05 10:47:47,notice,workerEnv.init() ok /etc/httpd/conf/workers2.properties,E2,workerEnv.init() ok <*>,workerenvinit ok etchttpdconfworkersnumproperties,workerenvinit ok,1
1489,2005-12-05 10:47:47,error,mod_jk child workerEnv in error state 6,E3,mod_jk child workerEnv in error state <*>,mod_jk child workerenv in error state num,mod_jk child workerenv in error state,0
1490,2005-12-05 10:48:43,notice,jk2_init() Found child 5503 in scoreboard slot 10,E1,jk2_init() Found child <*> in scoreboard slot <*>,jknum_init found child num in scoreboard slot num,jknum_init found child in scoreboard slot,1
1491,2005-12-05 10:48:46,notice,workerEnv.init() ok /etc/httpd/conf/workers2.properties,E2,workerEnv.init() ok <*>,workerenvinit ok etchttpdconfworkersnumproperties,workerenvinit ok,1
1492,2005-12-05 10:48:46,error,mod_jk child workerEnv in error state 6,E3,mod_jk child workerEnv in error state <*>,mod_jk child workerenv in error state num,mod_jk child workerenv in error state,0
1493,2005-12-05 10:48:48,error,[client 67.166.248.235] Directory index forbidden by rule: /var/www/html/,E4,[client <*>] Directory index forbidden by rule: <*>,client ip directory index forbidden by rule varwwwhtml,client directory index forbidden by rule,0
1494,2005-12-05 10:51:12,notice,jk2_init() Found child 5515 in scoreboard slot 7,E1,jk2_init() Found child <*> in scoreboard slot <*>,jknum_init found child num in scoreboard slot num,jknum_init found child in scoreboard slot,1
1495,2005-12-05 10:51:12,notice,jk2_init() Found child 5516 in scoreboard slot 8,E1,jk2_init() Found child <*> in scoreboard slot <*>,jknum_init found child num in scoreboard slot num,jknum_init found child in scoreboard slot,1
1496,2005-12-05 10:51:33,notice,workerEnv.init() ok /etc/httpd/conf/workers2.properties,E2,workerEnv.init() ok <*>,workerenvinit ok etchttpdconfworkersnumproperties,workerenvinit ok,1
1497,2005-12-05 10:51:33,notice,workerEnv.init() ok /etc/httpd/conf/workers2.properties,E2,workerEnv.init() ok <*>,workerenvinit ok etchttpdconfworkersnumproperties,workerenvinit ok,1
1498,2005-12-05 10:51:35,error,mod_jk child workerEnv in error state 6,E3,mod_jk child workerEnv in error state <*>,mod_jk child workerenv in error state num,mod_jk child workerenv in error state,0
1499,2005-12-05 10:51:35,error,mod_jk child workerEnv in error state 6,E3,mod_jk child workerEnv in error state <*>,mod_jk child workerenv in error state num,mod_jk child workerenv in error state,0
1500,2005-12-05 10:51:59,notice,jk2_init() Found child 5517 in scoreboard slot 6,E1,jk2_init() Found child <*> in scoreboard slot <*>,jknum_init found child num in scoreboard slot num,jknum_init found child in scoreboard slot,1
1501,2005-12-05 10:52:00,notice,jk2_init() Found child 5518 in scoreboard slot 9,E1,jk2_init() Found child <*> in scoreboard slot <*>,jknum_init found child num in scoreboard slot num,jknum_init found child in scoreboard slot,1
1502,2005-12-05 10:52:15,notice,workerEnv.init() ok /etc/httpd/conf/workers2.properties,E2,workerEnv.init() ok <*>,workerenvinit ok etchttpdconfworkersnumproperties,workerenvinit ok,1
1503,2005-12-05 10:52:15,notice,workerEnv.init() ok /etc/httpd/conf/workers2.properties,E2,workerEnv.init() ok <*>,workerenvinit ok etchttpdconfworkersnumproperties,workerenvinit ok,1
1504,2005-12-05 10:52:21,error,mod_jk child workerEnv in error state 6,E3,mod_jk child workerEnv in error state <*>,mod_jk child workerenv in error state num,mod_jk child workerenv in error state,0
1505,2005-12-05 10:53:42,notice,jk2_init() Found child 5527 in scoreboard slot 7,E1,jk2_init() Found child <*> in scoreboard slot <*>,jknum_init found child num in scoreboard slot num,jknum_init found child in scoreboard slot,1
1506,2005-12-05 10:53:42,notice,jk2_init() Found child 5526 in scoreboard slot 9,E1,jk2_init() Found child <*> in scoreboard slot <*>,jknum_init found child num in scoreboard slot num,jknum_init found child in scoreboard slot,1
1507,2005-12-05 10:55:47,notice,jk2_init() Found child 5538 in scoreboard slot 9,E1,jk2_init() Found child <*> in scoreboard slot <*>,jknum_init found child num in scoreboard slot num,jknum_init found child in scoreboard slot,1
1508,2005-12-05 10:59:25,notice,jk2_init() Found child 5565 in scoreboard slot 9,E1,jk2_init() Found child <*> in scoreboard slot <*>,jknum_init found child num in scoreboard slot num,jknum_init found child in scoreboard slot,1
1509,2005-12-05 10:59:25,notice,jk2_init() Found child 5563 in scoreboard slot 7,E1,jk2_init() Found child <*> in scoreboard slot <*>,jknum_init found child num in scoreboard slot num,jknum_init found child in scoreboard slot,1
1510,2005-12-05 10:59:25,notice,jk2_init() Found child 5562 in scoreboard slot 6,E1,jk2_init() Found child <*> in scoreboard slot <*>,jknum_init found child num in scoreboard slot num,jknum_init found child in scoreboard slot,1
1511,2005-12-05 10:59:25,notice,jk2_init() Found child 5564 in scoreboard slot 8,E1,jk2_init() Found child <*> in scoreboard slot <*>,jknum_init found child num in scoreboard slot num,jknum_init found child in scoreboard slot,1
1512,2005-12-05 10:59:25,notice,jk2_init() Found child 5567 in scoreboard slot 12,E1,jk2_init() Found child <*> in scoreboard slot <*>,jknum_init found child num in scoreboard slot num,jknum_init found child in scoreboard slot,1
1513,2005-12-05 10:59:25,notice,jk2_init() Found child 5568 in scoreboard slot 13,E1,jk2_init() Found child <*> in scoreboard slot <*>,jknum_init found child num in scoreboard slot num,jknum_init found child in scoreboard slot,1
1514,2005-12-05 10:59:25,notice,jk2_init() Found child 5566 in scoreboard slot 10,E1,jk2_init() Found child <*> in scoreboard slot <*>,jknum_init found child num in scoreboard slot num,jknum_init found child in scoreboard slot,1
1515,2005-12-05 10:59:29,notice,workerEnv.init() ok /etc/httpd/conf/workers2.properties,E2,workerEnv.init() ok <*>,workerenvinit ok etchttpdconfworkersnumproperties,workerenvinit ok,1
1516,2005-12-05 10:59:29,notice,workerEnv.init() ok /etc/httpd/conf/workers2.properties,E2,workerEnv.init() ok <*>,workerenvinit ok etchttpdconfworkersnumproperties,workerenvinit ok,1
1517,2005-12-05 10:59:29,notice,workerEnv.init() ok /etc/httpd/conf/workers2.properties,E2,workerEnv.init() ok <*>,workerenvinit ok etchttpdconfworkersnumproperties,workerenvinit ok,1
1518,2005-12-05 10:59:29,notice,workerEnv.init() ok /etc/httpd/conf/workers2.properties,E2,workerEnv.init() ok <*>,workerenvinit ok etchttpdconfworkersnumproperties,workerenvinit ok,1
1519,2005-12-05 10:59:29,notice,workerEnv.init() ok /etc/httpd/conf/workers2.properties,E2,workerEnv.init() ok <*>,workerenvinit ok etchttpdconfworkersnumproperties,workerenvinit ok,1
1520,2005-12-05 10:59:29,notice,workerEnv.init() ok /etc/httpd/conf/workers2.properties,E2,workerEnv.init() ok <*>,workerenvinit ok etchttpdconfworkersnumproperties,workerenvinit ok,1
1521,2005-12-05 10:59:29,notice,workerEnv.init() ok /etc/httpd/conf/workers2.properties,E2,workerEnv.init() ok <*>,workerenvinit ok etchttpdconfworkersnumproperties,workerenvinit ok,1
1522,2005-12-05 10:59:29,error,mod_jk child workerEnv in error state 6,E3,mod_jk child workerEnv in error state <*>,mod_jk child workerenv in error state num,mod_jk child workerenv in error state,0
1523,2005-12-05 10:59:29,error,mod_jk child workerEnv in error state 7,E3,mod_jk child workerEnv in error state <*>,mod_jk child workerenv in error state num,mod_jk child workerenv in error state,0
1524,2005-12-05 10:59:29,error,mod_jk child workerEnv in error state 8,E3,mod_jk child workerEnv in error state <*>,mod_jk child workerenv in error state num,mod_jk child workerenv in error state,0
1525,2005-12-05 10:59:29,error,mod_jk child workerEnv in error state 6,E3,mod_jk child workerEnv in error state <*>,mod_jk child workerenv in error state num,mod_jk child workerenv in error state,0
1526,2005-12-05 10:59:29,error,mod_jk child workerEnv in error state 6,E3,mod_jk child workerEnv in error state <*>,mod_jk child workerenv in error state num,mod_jk child workerenv in error state,0
1527,2005-12-05 10:59:29,error,mod_jk child workerEnv in error state 6,E3,mod_jk child workerEnv in error state <*>,mod_jk child workerenv in error state num,mod_jk child workerenv in error state,0
1528,2005-12-05 10:59:29,error,mod_jk child workerEnv in error state 7,E3,mod_jk child workerEnv in error state <*>,mod_jk child workerenv in error state num,mod_jk child workerenv in error state,0
1529,2005-12-05 11:02:05,notice,jk2_init() Found child 5579 in scoreboard slot 6,E1,jk2_init() Found child <*> in scoreboard slot <*>,jknum_init found child num in scoreboard slot num,jknum_init found child in scoreboard slot,1
1530,2005-12-05 11:04:16,notice,jk2_init() Found child 5592 in scoreboard slot 8,E1,jk2_init() Found child <*> in scoreboard slot <*>,jknum_init found child num in scoreboard slot num,jknum_init found child in scoreboard slot,1
1531,2005-12-05 11:04:16,notice,jk2_init() Found child 5593 in scoreboard slot 9,E1,jk2_init() Found child <*> in scoreboard slot <*>,jknum_init found child num in scoreboard slot num,jknum_init found child in scoreboard slot,1
1532,2005-12-05 11:06:50,notice,jk2_init() Found child 5616 in scoreboard slot 6,E1,jk2_init() Found child <*> in scoreboard slot <*>,jknum_init found child num in scoreboard slot num,jknum_init found child in scoreboard slot,1
1533,2005-12-05 11:06:51,notice,jk2_init() Found child 5617 in scoreboard slot 7,E1,jk2_init() Found child <*> in scoreboard slot <*>,jknum_init found child num in scoreboard slot num,jknum_init found child in scoreboard slot,1
1534,2005-12-05 11:06:51,notice,jk2_init() Found child 5618 in scoreboard slot 8,E1,jk2_init() Found child <*> in scoreboard slot <*>,jknum_init found child num in scoreboard slot num,jknum_init found child in scoreboard slot,1
1535,2005-12-05 11:06:51,notice,workerEnv.init() ok /etc/httpd/conf/workers2.properties,E2,workerEnv.init() ok <*>,workerenvinit ok etchttpdconfworkersnumproperties,workerenvinit ok,1
1536,2005-12-05 11:06:51,error,mod_jk child workerEnv in error state 6,E3,mod_jk child workerEnv in error state <*>,mod_jk child workerenv in error state num,mod_jk child workerenv in error state,0
1537,2005-12-05 11:06:51,notice,workerEnv.init() ok /etc/httpd/conf/workers2.properties,E2,workerEnv.init() ok <*>,workerenvinit ok etchttpdconfworkersnumproperties,workerenvinit ok,1
1538,2005-12-05 11:06:51,error,mod_jk child workerEnv in error state 7,E3,mod_jk child workerEnv in error state <*>,mod_jk child workerenv in error state num,mod_jk child workerenv in error state,0
1539,2005-12-05 11:06:51,notice,workerEnv.init() ok /etc/httpd/conf/workers2.properties,E2,workerEnv.init() ok <*>,workerenvinit ok etchttpdconfworkersnumproperties,workerenvinit ok,1
1540,2005-12-05 11:06:51,error,mod_jk child workerEnv in error state 6,E3,mod_jk child workerEnv in error state <*>,mod_jk child workerenv in error state num,mod_jk child workerenv in error state,0
1541,2005-12-05 11:06:52,error,jk2_init() Can't find child 5619 in scoreboard,E5,jk2_init() Can't find child <*> in scoreboard,jknum_init cant find child num in scoreboard,jknum_init cant find child in scoreboard,0
1542,2005-12-05 11:06:52,notice,workerEnv.init() ok /etc/httpd/conf/workers2.properties,E2,workerEnv.init() ok <*>,workerenvinit ok etchttpdconfworkersnumproperties,workerenvinit ok,1
1543,2005-12-05 11:06:52,error,mod_jk child init 1 -2,E6,mod_jk child init <*> <*>,mod_jk child init num num,mod_jk child init,0
1544,2005-12-05 11:06:52,error,jk2_init() Can't find child 5620 in scoreboard,E5,jk2_init() Can't find child <*> in scoreboard,jknum_init cant find child num in scoreboard,jknum_init cant find child in scoreboard,0
1545,2005-12-05 11:06:52,notice,workerEnv.init() ok /etc/httpd/conf/workers2.properties,E2,workerEnv.init() ok <*>,workerenvinit ok etchttpdconfworkersnumproperties,workerenvinit ok,1
1546,2005-12-05 11:06:52,error,mod_jk child init 1 -2,E6,mod_jk child init <*> <*>,mod_jk child init num num,mod_jk child init,0
1547,2005-12-05 11:06:52,error,jk2_init() Can't find child 5621 in scoreboard,E5,jk2_init() Can't find child <*> in scoreboard,jknum_init cant find child num in scoreboard,jknum_init cant find child in scoreboard,0
1548,2005-12-05 11:06:52,notice,workerEnv.init() ok /etc/httpd/conf/workers2.properties,E2,workerEnv.init() ok <*>,workerenvinit ok etchttpdconfworkersnumproperties,workerenvinit ok,1
1549,2005-12-05 11:06:52,error,mod_jk child init 1 -2,E6,mod_jk child init <*> <*>,mod_jk child init num num,mod_jk child init,0
1550,2005-12-05 11:06:52,error,jk2_init() Can't find child 5622 in scoreboard,E5,jk2_init() Can't find child <*> in scoreboard,jknum_init cant find child num in scoreboard,jknum_init cant find child in scoreboard,0
1551,2005-12-05 11:06:52,notice,workerEnv.init() ok /etc/httpd/conf/workers2.properties,E2,workerEnv.init() ok <*>,workerenvinit ok etchttpdconfworkersnumproperties,workerenvinit ok,1
1552,2005-12-05 11:06:52,error,mod_jk child init 1 -2,E6,mod_jk child init <*> <*>,mod_jk child init num num,mod_jk child init,0
1553,2005-12-05 12:35:57,notice,jk2_init() Found child 5785 in scoreboard slot 6,E1,jk2_init() Found child <*> in scoreboard slot <*>,jknum_init found child num in scoreboard slot num,jknum_init found child in scoreboard slot,1
1554,2005-12-05 12:35:57,notice,jk2_init() Found child 5786 in scoreboard slot 7,E1,jk2_init() Found child <*> in scoreboard slot <*>,jknum_init found child num in scoreboard slot num,jknum_init found child in scoreboard slot,1
1555,2005-12-05 12:36:36,notice,jk2_init() Found child 5790 in scoreboard slot 7,E1,jk2_init() Found child <*> in scoreboard slot <*>,jknum_init found child num in scoreboard slot num,jknum_init found child in scoreboard slot,1
1556,2005-12-05 12:36:36,notice,jk2_init() Found child 5788 in scoreboard slot 9,E1,jk2_init() Found child <*> in scoreboard slot <*>,jknum_init found child num in scoreboard slot num,jknum_init found child in scoreboard slot,1
1557,2005-12-05 12:36:36,notice,jk2_init() Found child 5789 in scoreboard slot 6,E1,jk2_init() Found child <*> in scoreboard slot <*>,jknum_init found child num in scoreboard slot num,jknum_init found child in scoreboard slot,1
1558,2005-12-05 12:36:36,notice,jk2_init() Found child 5787 in scoreboard slot 8,E1,jk2_init() Found child <*> in scoreboard slot <*>,jknum_init found child num in scoreboard slot num,jknum_init found child in scoreboard slot,1
1559,2005-12-05 12:36:39,notice,workerEnv.init() ok /etc/httpd/conf/workers2.properties,E2,workerEnv.init() ok <*>,workerenvinit ok etchttpdconfworkersnumproperties,workerenvinit ok,1
1560,2005-12-05 12:36:39,error,mod_jk child workerEnv in error state 7,E3,mod_jk child workerEnv in error state <*>,mod_jk child workerenv in error state num,mod_jk child workerenv in error state,0
1561,2005-12-05 12:36:39,notice,workerEnv.init() ok /etc/httpd/conf/workers2.properties,E2,workerEnv.init() ok <*>,workerenvinit ok etchttpdconfworkersnumproperties,workerenvinit ok,1
1562,2005-12-05 12:36:39,error,mod_jk child workerEnv in error state 6,E3,mod_jk child workerEnv in error state <*>,mod_jk child workerenv in error state num,mod_jk child workerenv in error state,0
1563,2005-12-05 12:36:39,notice,workerEnv.init() ok /etc/httpd/conf/workers2.properties,E2,workerEnv.init() ok <*>,workerenvinit ok etchttpdconfworkersnumproperties,workerenvinit ok,1
1564,2005-12-05 12:36:39,error,mod_jk child workerEnv in error state 7,E3,mod_jk child workerEnv in error state <*>,mod_jk child workerenv in error state num,mod_jk child workerenv in error state,0
1565,2005-12-05 12:36:39,notice,workerEnv.init() ok /etc/httpd/conf/workers2.properties,E2,workerEnv.init() ok <*>,workerenvinit ok etchttpdconfworkersnumproperties,workerenvinit ok,1
1566,2005-12-05 12:36:39,error,mod_jk child workerEnv in error state 6,E3,mod_jk child workerEnv in error state <*>,mod_jk child workerenv in error state num,mod_jk child workerenv in error state,0
1567,2005-12-05 12:40:37,notice,jk2_init() Found child 5798 in scoreboard slot 8,E1,jk2_init() Found child <*> in scoreboard slot <*>,jknum_init found child num in scoreboard slot num,jknum_init found child in scoreboard slot,1
1568,2005-12-05 12:40:38,notice,workerEnv.init() ok /etc/httpd/conf/workers2.properties,E2,workerEnv.init() ok <*>,workerenvinit ok etchttpdconfworkersnumproperties,workerenvinit ok,1
1569,2005-12-05 12:40:38,error,mod_jk child workerEnv in error state 6,E3,mod_jk child workerEnv in error state <*>,mod_jk child workerenv in error state num,mod_jk child workerenv in error state,0
1570,2005-12-05 12:50:42,notice,jk2_init() Found child 5811 in scoreboard slot 6,E1,jk2_init() Found child <*> in scoreboard slot <*>,jknum_init found child num in scoreboard slot num,jknum_init found child in scoreboard slot,1
1571,2005-12-05 12:50:42,notice,jk2_init() Found child 5810 in scoreboard slot 9,E1,jk2_init() Found child <*> in scoreboard slot <*>,jknum_init found child num in scoreboard slot num,jknum_init found child in scoreboard slot,1
1572,2005-12-05 12:50:43,notice,workerEnv.init() ok /etc/httpd/conf/workers2.properties,E2,workerEnv.init() ok <*>,workerenvinit ok etchttpdconfworkersnumproperties,workerenvinit ok,1
1573,2005-12-05 12:50:43,notice,workerEnv.init() ok /etc/httpd/conf/workers2.properties,E2,workerEnv.init() ok <*>,workerenvinit ok etchttpdconfworkersnumproperties,workerenvinit ok,1
1574,2005-12-05 12:50:43,error,mod_jk child workerEnv in error state 6,E3,mod_jk child workerEnv in error state <*>,mod_jk child workerenv in error state num,mod_jk child workerenv in error state,0
1575,2005-12-05 12:50:43,error,mod_jk child workerEnv in error state 6,E3,mod_jk child workerEnv in error state <*>,mod_jk child workerenv in error state num,mod_jk child workerenv in error state,0
1576,2005-12-05 12:55:48,notice,jk2_init() Found child 5817 in scoreboard slot 8,E1,jk2_init() Found child <*> in scoreboard slot <*>,jknum_init found child num in scoreboard slot num,jknum_init found child in scoreboard slot,1
1577,2005-12-05 12:55:48,notice,jk2_init() Found child 5816 in scoreboard slot 7,E1,jk2_init() Found child <*> in scoreboard slot <*>,jknum_init found child num in scoreboard slot num,jknum_init found child in scoreboard slot,1
1578,2005-12-05 12:55:49,notice,workerEnv.init() ok /etc/httpd/conf/workers2.properties,E2,workerEnv.init() ok <*>,workerenvinit ok etchttpdconfworkersnumproperties,workerenvinit ok,1
1579,2005-12-05 12:55:49,error,mod_jk child workerEnv in error state 6,E3,mod_jk child workerEnv in error state <*>,mod_jk child workerenv in error state num,mod_jk child workerenv in error state,0
1580,2005-12-05 12:55:49,notice,workerEnv.init() ok /etc/httpd/conf/workers2.properties,E2,workerEnv.init() ok <*>,workerenvinit ok etchttpdconfworkersnumproperties,workerenvinit ok,1
1581,2005-12-05 12:55:49,error,mod_jk child workerEnv in error state 6,E3,mod_jk child workerEnv in error state <*>,mod_jk child workerenv in error state num,mod_jk child workerenv in error state,0
1582,2005-12-05 13:00:33,notice,jk2_init() Found child 5825 in scoreboard slot 9,E1,jk2_init() Found child <*> in scoreboard slot <*>,jknum_init found child num in scoreboard slot num,jknum_init found child in scoreboard slot,1
1583,2005-12-05 13:00:33,notice,jk2_init() Found child 5826 in scoreboard slot 6,E1,jk2_init() Found child <*> in scoreboard slot <*>,jknum_init found child num in scoreboard slot num,jknum_init found child in scoreboard slot,1
1584,2005-12-05 13:00:34,notice,workerEnv.init() ok /etc/httpd/conf/workers2.properties,E2,workerEnv.init() ok <*>,workerenvinit ok etchttpdconfworkersnumproperties,workerenvinit ok,1
1585,2005-12-05 13:00:34,error,mod_jk child workerEnv in error state 6,E3,mod_jk child workerEnv in error state <*>,mod_jk child workerenv in error state num,mod_jk child workerenv in error state,0
1586,2005-12-05 13:00:34,notice,workerEnv.init() ok /etc/httpd/conf/workers2.properties,E2,workerEnv.init() ok <*>,workerenvinit ok etchttpdconfworkersnumproperties,workerenvinit ok,1
1587,2005-12-05 13:00:34,error,mod_jk child workerEnv in error state 6,E3,mod_jk child workerEnv in error state <*>,mod_jk child workerenv in error state num,mod_jk child workerenv in error state,0
1588,2005-12-05 13:05:24,notice,jk2_init() Found child 5845 in scoreboard slot 7,E1,jk2_init() Found child <*> in scoreboard slot <*>,jknum_init found child num in scoreboard slot num,jknum_init found child in scoreboard slot,1
1589,2005-12-05 13:05:24,notice,workerEnv.init() ok /etc/httpd/conf/workers2.properties,E2,workerEnv.init() ok <*>,workerenvinit ok etchttpdconfworkersnumproperties,workerenvinit ok,1
1590,2005-12-05 13:05:24,error,mod_jk child workerEnv in error state 6,E3,mod_jk child workerEnv in error state <*>,mod_jk child workerenv in error state num,mod_jk child workerenv in error state,0
1591,2005-12-05 13:10:55,notice,jk2_init() Found child 5856 in scoreboard slot 8,E1,jk2_init() Found child <*> in scoreboard slot <*>,jknum_init found child num in scoreboard slot num,jknum_init found child in scoreboard slot,1
1592,2005-12-05 13:10:59,notice,workerEnv.init() ok /etc/httpd/conf/workers2.properties,E2,workerEnv.init() ok <*>,workerenvinit ok etchttpdconfworkersnumproperties,workerenvinit ok,1
1593,2005-12-05 13:10:59,error,mod_jk child workerEnv in error state 6,E3,mod_jk child workerEnv in error state <*>,mod_jk child workerenv in error state num,mod_jk child workerenv in error state,0
1594,2005-12-05 13:16:27,notice,jk2_init() Found child 5877 in scoreboard slot 9,E1,jk2_init() Found child <*> in scoreboard slot <*>,jknum_init found child num in scoreboard slot num,jknum_init found child in scoreboard slot,1
1595,2005-12-05 13:16:27,notice,jk2_init() Found child 5876 in scoreboard slot 8,E1,jk2_init() Found child <*> in scoreboard slot <*>,jknum_init found child num in scoreboard slot num,jknum_init found child in scoreboard slot,1
1596,2005-12-05 13:16:27,notice,jk2_init() Found child 5878 in scoreboard slot 6,E1,jk2_init() Found child <*> in scoreboard slot <*>,jknum_init found child num in scoreboard slot num,jknum_init found child in scoreboard slot,1
1597,2005-12-05 13:16:27,notice,jk2_init() Found child 5875 in scoreboard slot 7,E1,jk2_init() Found child <*> in scoreboard slot <*>,jknum_init found child num in scoreboard slot num,jknum_init found child in scoreboard slot,1
1598,2005-12-05 13:16:29,notice,workerEnv.init() ok /etc/httpd/conf/workers2.properties,E2,workerEnv.init() ok <*>,workerenvinit ok etchttpdconfworkersnumproperties,workerenvinit ok,1
1599,2005-12-05 13:16:29,error,mod_jk child workerEnv in error state 6,E3,mod_jk child workerEnv in error state <*>,mod_jk child workerenv in error state num,mod_jk child workerenv in error state,0
1600,2005-12-05 13:16:29,notice,workerEnv.init() ok /etc/httpd/conf/workers2.properties,E2,workerEnv.init() ok <*>,workerenvinit ok etchttpdconfworkersnumproperties,workerenvinit ok,1
1601,2005-12-05 13:16:29,error,mod_jk child workerEnv in error state 6,E3,mod_jk child workerEnv in error state <*>,mod_jk child workerenv in error state num,mod_jk child workerenv in error state,0
1602,2005-12-05 13:16:29,notice,workerEnv.init() ok /etc/httpd/conf/workers2.properties,E2,workerEnv.init() ok <*>,workerenvinit ok etchttpdconfworkersnumproperties,workerenvinit ok,1
1603,2005-12-05 13:16:29,error,mod_jk child workerEnv in error state 6,E3,mod_jk child workerEnv in error state <*>,mod_jk child workerenv in error state num,mod_jk child workerenv in error state,0
1604,2005-12-05 13:16:29,notice,workerEnv.init() ok /etc/httpd/conf/workers2.properties,E2,workerEnv.init() ok <*>,workerenvinit ok etchttpdconfworkersnumproperties,workerenvinit ok,1
1605,2005-12-05 13:16:29,error,mod_jk child workerEnv in error state 6,E3,mod_jk child workerEnv in error state <*>,mod_jk child workerenv in error state num,mod_jk child workerenv in error state,0
1606,2005-12-05 13:21:35,notice,jk2_init() Found child 5893 in scoreboard slot 9,E1,jk2_init() Found child <*> in scoreboard slot <*>,jknum_init found child num in scoreboard slot num,jknum_init found child in scoreboard slot,1
1607,2005-12-05 13:21:34,notice,jk2_init() Found child 5892 in scoreboard slot 8,E1,jk2_init() Found child <*> in scoreboard slot <*>,jknum_init found child num in scoreboard slot num,jknum_init found child in scoreboard slot,1
1608,2005-12-05 13:22:45,notice,jk2_init() Found child 5901 in scoreboard slot 9,E1,jk2_init() Found child <*> in scoreboard slot <*>,jknum_init found child num in scoreboard slot num,jknum_init found child in scoreboard slot,1
1609,2005-12-05 13:22:45,notice,jk2_init() Found child 5899 in scoreboard slot 7,E1,jk2_init() Found child <*> in scoreboard slot <*>,jknum_init found child num in scoreboard slot num,jknum_init found child in scoreboard slot,1
1610,2005-12-05 13:22:45,notice,jk2_init() Found child 5900 in scoreboard slot 8,E1,jk2_init() Found child <*> in scoreboard slot <*>,jknum_init found child num in scoreboard slot num,jknum_init found child in scoreboard slot,1
1611,2005-12-05 13:22:45,notice,jk2_init() Found child 5898 in scoreboard slot 6,E1,jk2_init() Found child <*> in scoreboard slot <*>,jknum_init found child num in scoreboard slot num,jknum_init found child in scoreboard slot,1
1612,2005-12-05 13:22:48,notice,workerEnv.init() ok /etc/httpd/conf/workers2.properties,E2,workerEnv.init() ok <*>,workerenvinit ok etchttpdconfworkersnumproperties,workerenvinit ok,1
1613,2005-12-05 13:22:48,error,mod_jk child workerEnv in error state 7,E3,mod_jk child workerEnv in error state <*>,mod_jk child workerenv in error state num,mod_jk child workerenv in error state,0
1614,2005-12-05 13:22:48,notice,workerEnv.init() ok /etc/httpd/conf/workers2.properties,E2,workerEnv.init() ok <*>,workerenvinit ok etchttpdconfworkersnumproperties,workerenvinit ok,1
1615,2005-12-05 13:22:48,error,mod_jk child workerEnv in error state 7,E3,mod_jk child workerEnv in error state <*>,mod_jk child workerenv in error state num,mod_jk child workerenv in error state,0
1616,2005-12-05 13:22:48,notice,workerEnv.init() ok /etc/httpd/conf/workers2.properties,E2,workerEnv.init() ok <*>,workerenvinit ok etchttpdconfworkersnumproperties,workerenvinit ok,1
1617,2005-12-05 13:22:48,error,mod_jk child workerEnv in error state 6,E3,mod_jk child workerEnv in error state <*>,mod_jk child workerenv in error state num,mod_jk child workerenv in error state,0
1618,2005-12-05 13:22:48,notice,workerEnv.init() ok /etc/httpd/conf/workers2.properties,E2,workerEnv.init() ok <*>,workerenvinit ok etchttpdconfworkersnumproperties,workerenvinit ok,1
1619,2005-12-05 13:22:48,error,mod_jk child workerEnv in error state 6,E3,mod_jk child workerEnv in error state <*>,mod_jk child workerenv in error state num,mod_jk child workerenv in error state,0
1620,2005-12-05 13:26:03,notice,jk2_init() Found child 5912 in scoreboard slot 7,E1,jk2_init() Found child <*> in scoreboard slot <*>,jknum_init found child num in scoreboard slot num,jknum_init found child in scoreboard slot,1
1621,2005-12-05 13:26:37,notice,jk2_init() Found child 5914 in scoreboard slot 9,E1,jk2_init() Found child <*> in scoreboard slot <*>,jknum_init found child num in scoreboard slot num,jknum_init found child in scoreboard slot,1
1622,2005-12-05 13:26:37,notice,jk2_init() Found child 5915 in scoreboard slot 6,E1,jk2_init() Found child <*> in scoreboard slot <*>,jknum_init found child num in scoreboard slot num,jknum_init found child in scoreboard slot,1
1623,2005-12-05 13:27:15,notice,jk2_init() Found child 5917 in scoreboard slot 8,E1,jk2_init() Found child <*> in scoreboard slot <*>,jknum_init found child num in scoreboard slot num,jknum_init found child in scoreboard slot,1
1624,2005-12-05 13:27:14,notice,jk2_init() Found child 5916 in scoreboard slot 7,E1,jk2_init() Found child <*> in scoreboard slot <*>,jknum_init found child num in scoreboard slot num,jknum_init found child in scoreboard slot,1
1625,2005-12-05 13:27:15,notice,jk2_init() Found child 5919 in scoreboard slot 6,E1,jk2_init() Found child <*> in scoreboard slot <*>,jknum_init found child num in scoreboard slot num,jknum_init found child in scoreboard slot,1
1626,2005-12-05 13:27:15,notice,jk2_init() Found child 5918 in scoreboard slot 9,E1,jk2_init() Found child <*> in scoreboard slot <*>,jknum_init found child num in scoreboard slot num,jknum_init found child in scoreboard slot,1
1627,2005-12-05 13:28:14,notice,jk2_init() Found child 5925 in scoreboard slot 8,E1,jk2_init() Found child <*> in scoreboard slot <*>,jknum_init found child num in scoreboard slot num,jknum_init found child in scoreboard slot,1
1628,2005-12-05 13:28:14,notice,jk2_init() Found child 5923 in scoreboard slot 6,E1,jk2_init() Found child <*> in scoreboard slot <*>,jknum_init found child num in scoreboard slot num,jknum_init found child in scoreboard slot,1
1629,2005-12-05 13:28:14,notice,jk2_init() Found child 5924 in scoreboard slot 7,E1,jk2_init() Found child <*> in scoreboard slot <*>,jknum_init found child num in scoreboard slot num,jknum_init found child in scoreboard slot,1
1630,2005-12-05 13:28:14,notice,jk2_init() Found child 5922 in scoreboard slot 9,E1,jk2_init() Found child <*> in scoreboard slot <*>,jknum_init found child num in scoreboard slot num,jknum_init found child in scoreboard slot,1
1631,2005-12-05 13:28:17,notice,workerEnv.init() ok /etc/httpd/conf/workers2.properties,E2,workerEnv.init() ok <*>,workerenvinit ok etchttpdconfworkersnumproperties,workerenvinit ok,1
1632,2005-12-05 13:28:17,error,mod_jk child workerEnv in error state 7,E3,mod_jk child workerEnv in error state <*>,mod_jk child workerenv in error state num,mod_jk child workerenv in error state,0
1633,2005-12-05 13:28:17,notice,workerEnv.init() ok /etc/httpd/conf/workers2.properties,E2,workerEnv.init() ok <*>,workerenvinit ok etchttpdconfworkersnumproperties,workerenvinit ok,1
1634,2005-12-05 13:28:17,error,mod_jk child workerEnv in error state 8,E3,mod_jk child workerEnv in error state <*>,mod_jk child workerenv in error state num,mod_jk child workerenv in error state,0
1635,2005-12-05 13:28:17,notice,workerEnv.init() ok /etc/httpd/conf/workers2.properties,E2,workerEnv.init() ok <*>,workerenvinit ok etchttpdconfworkersnumproperties,workerenvinit ok,1
1636,2005-12-05 13:28:17,error,mod_jk child workerEnv in error state 8,E3,mod_jk child workerEnv in error state <*>,mod_jk child workerenv in error state num,mod_jk child workerenv in error state,0
1637,2005-12-05 13:28:17,notice,workerEnv.init() ok /etc/httpd/conf/workers2.properties,E2,workerEnv.init() ok <*>,workerenvinit ok etchttpdconfworkersnumproperties,workerenvinit ok,1
1638,2005-12-05 13:28:17,error,mod_jk child workerEnv in error state 8,E3,mod_jk child workerEnv in error state <*>,mod_jk child workerenv in error state num,mod_jk child workerenv in error state,0
1639,2005-12-05 13:31:19,notice,jk2_init() Found child 5935 in scoreboard slot 9,E1,jk2_init() Found child <*> in scoreboard slot <*>,jknum_init found child num in scoreboard slot num,jknum_init found child in scoreboard slot,1
1640,2005-12-05 13:31:19,notice,jk2_init() Found child 5936 in scoreboard slot 6,E1,jk2_init() Found child <*> in scoreboard slot <*>,jknum_init found child num in scoreboard slot num,jknum_init found child in scoreboard slot,1
1641,2005-12-05 13:31:53,notice,jk2_init() Found child 5938 in scoreboard slot 8,E1,jk2_init() Found child <*> in scoreboard slot <*>,jknum_init found child num in scoreboard slot num,jknum_init found child in scoreboard slot,1
1642,2005-12-05 13:31:53,notice,jk2_init() Found child 5937 in scoreboard slot 7,E1,jk2_init() Found child <*> in scoreboard slot <*>,jknum_init found child num in scoreboard slot num,jknum_init found child in scoreboard slot,1
1643,2005-12-05 13:32:01,notice,jk2_init() Found child 5940 in scoreboard slot 6,E1,jk2_init() Found child <*> in scoreboard slot <*>,jknum_init found child num in scoreboard slot num,jknum_init found child in scoreboard slot,1
1644,2005-12-05 13:32:01,notice,jk2_init() Found child 5939 in scoreboard slot 9,E1,jk2_init() Found child <*> in scoreboard slot <*>,jknum_init found child num in scoreboard slot num,jknum_init found child in scoreboard slot,1
1645,2005-12-05 13:32:04,notice,workerEnv.init() ok /etc/httpd/conf/workers2.properties,E2,workerEnv.init() ok <*>,workerenvinit ok etchttpdconfworkersnumproperties,workerenvinit ok,1
1646,2005-12-05 13:32:04,notice,workerEnv.init() ok /etc/httpd/conf/workers2.properties,E2,workerEnv.init() ok <*>,workerenvinit ok etchttpdconfworkersnumproperties,workerenvinit ok,1
1647,2005-12-05 13:32:04,error,mod_jk child workerEnv in error state 6,E3,mod_jk child workerEnv in error state <*>,mod_jk child workerenv in error state num,mod_jk child workerenv in error state,0
1648,2005-12-05 13:32:04,error,mod_jk child workerEnv in error state 6,E3,mod_jk child workerEnv in error state <*>,mod_jk child workerenv in error state num,mod_jk child workerenv in error state,0
1649,2005-12-05 13:32:09,notice,workerEnv.init() ok /etc/httpd/conf/workers2.properties,E2,workerEnv.init() ok <*>,workerenvinit ok etchttpdconfworkersnumproperties,workerenvinit ok,1
1650,2005-12-05 13:32:09,notice,workerEnv.init() ok /etc/httpd/conf/workers2.properties,E2,workerEnv.init() ok <*>,workerenvinit ok etchttpdconfworkersnumproperties,workerenvinit ok,1
1651,2005-12-05 13:32:10,error,mod_jk child workerEnv in error state 7,E3,mod_jk child workerEnv in error state <*>,mod_jk child workerenv in error state num,mod_jk child workerenv in error state,0
1652,2005-12-05 13:32:10,error,mod_jk child workerEnv in error state 7,E3,mod_jk child workerEnv in error state <*>,mod_jk child workerenv in error state num,mod_jk child workerenv in error state,0
1653,2005-12-05 13:32:28,notice,jk2_init() Found child 5942 in scoreboard slot 8,E1,jk2_init() Found child <*> in scoreboard slot <*>,jknum_init found child num in scoreboard slot num,jknum_init found child in scoreboard slot,1
1654,2005-12-05 13:32:28,notice,jk2_init() Found child 5941 in scoreboard slot 7,E1,jk2_init() Found child <*> in scoreboard slot <*>,jknum_init found child num in scoreboard slot num,jknum_init found child in scoreboard slot,1
1655,2005-12-05 13:32:30,notice,workerEnv.init() ok /etc/httpd/conf/workers2.properties,E2,workerEnv.init() ok <*>,workerenvinit ok etchttpdconfworkersnumproperties,workerenvinit ok,1
1656,2005-12-05 13:32:30,notice,workerEnv.init() ok /etc/httpd/conf/workers2.properties,E2,workerEnv.init() ok <*>,workerenvinit ok etchttpdconfworkersnumproperties,workerenvinit ok,1
1657,2005-12-05 13:32:30,error,mod_jk child workerEnv in error state 6,E3,mod_jk child workerEnv in error state <*>,mod_jk child workerenv in error state num,mod_jk child workerenv in error state,0
1658,2005-12-05 13:32:30,error,mod_jk child workerEnv in error state 6,E3,mod_jk child workerEnv in error state <*>,mod_jk child workerenv in error state num,mod_jk child workerenv in error state,0
1659,2005-12-05 13:36:27,notice,jk2_init() Found child 5954 in scoreboard slot 7,E1,jk2_init() Found child <*> in scoreboard slot <*>,jknum_init found child num in scoreboard slot num,jknum_init found child in scoreboard slot,1
1660,2005-12-05 13:36:27,notice,jk2_init() Found child 5953 in scoreboard slot 6,E1,jk2_init() Found child <*> in scoreboard slot <*>,jknum_init found child num in scoreboard slot num,jknum_init found child in scoreboard slot,1
1661,2005-12-05 13:36:58,notice,jk2_init() Found child 5956 in scoreboard slot 9,E1,jk2_init() Found child <*> in scoreboard slot <*>,jknum_init found child num in scoreboard slot num,jknum_init found child in scoreboard slot,1
1662,2005-12-05 13:36:58,notice,jk2_init() Found child 5957 in scoreboard slot 6,E1,jk2_init() Found child <*> in scoreboard slot <*>,jknum_init found child num in scoreboard slot num,jknum_init found child in scoreboard slot,1
1663,2005-12-05 13:36:58,notice,jk2_init() Found child 5955 in scoreboard slot 8,E1,jk2_init() Found child <*> in scoreboard slot <*>,jknum_init found child num in scoreboard slot num,jknum_init found child in scoreboard slot,1
1664,2005-12-05 13:37:47,notice,jk2_init() Found child 5961 in scoreboard slot 6,E1,jk2_init() Found child <*> in scoreboard slot <*>,jknum_init found child num in scoreboard slot num,jknum_init found child in scoreboard slot,1
1665,2005-12-05 13:37:47,notice,jk2_init() Found child 5960 in scoreboard slot 9,E1,jk2_init() Found child <*> in scoreboard slot <*>,jknum_init found child num in scoreboard slot num,jknum_init found child in scoreboard slot,1
1666,2005-12-05 13:38:52,notice,jk2_init() Found child 5968 in scoreboard slot 9,E1,jk2_init() Found child <*> in scoreboard slot <*>,jknum_init found child num in scoreboard slot num,jknum_init found child in scoreboard slot,1
1667,2005-12-05 13:38:53,notice,jk2_init() Found child 5965 in scoreboard slot 6,E1,jk2_init() Found child <*> in scoreboard slot <*>,jknum_init found child num in scoreboard slot num,jknum_init found child in scoreboard slot,1
1668,2005-12-05 13:38:52,notice,jk2_init() Found child 5967 in scoreboard slot 8,E1,jk2_init() Found child <*> in scoreboard slot <*>,jknum_init found child num in scoreboard slot num,jknum_init found child in scoreboard slot,1
1669,2005-12-05 13:38:53,notice,jk2_init() Found child 5969 in scoreboard slot 10,E1,jk2_init() Found child <*> in scoreboard slot <*>,jknum_init found child num in scoreboard slot num,jknum_init found child in scoreboard slot,1
1670,2005-12-05 13:38:52,notice,jk2_init() Found child 5966 in scoreboard slot 7,E1,jk2_init() Found child <*> in scoreboard slot <*>,jknum_init found child num in scoreboard slot num,jknum_init found child in scoreboard slot,1
1671,2005-12-05 13:39:09,notice,workerEnv.init() ok /etc/httpd/conf/workers2.properties,E2,workerEnv.init() ok <*>,workerenvinit ok etchttpdconfworkersnumproperties,workerenvinit ok,1
1672,2005-12-05 13:39:09,notice,workerEnv.init() ok /etc/httpd/conf/workers2.properties,E2,workerEnv.init() ok <*>,workerenvinit ok etchttpdconfworkersnumproperties,workerenvinit ok,1
1673,2005-12-05 13:39:14,error,mod_jk child workerEnv in error state 6,E3,mod_jk child workerEnv in error state <*>,mod_jk child workerenv in error state num,mod_jk child workerenv in error state,0
1674,2005-12-05 13:39:13,error,mod_jk child workerEnv in error state 8,E3,mod_jk child workerEnv in error state <*>,mod_jk child workerenv in error state num,mod_jk child workerenv in error state,0
1675,2005-12-05 13:39:36,notice,jk2_init() Found child 5970 in scoreboard slot 6,E1,jk2_init() Found child <*> in scoreboard slot <*>,jknum_init found child num in scoreboard slot num,jknum_init found child in scoreboard slot,1
1676,2005-12-05 13:39:36,notice,jk2_init() Found child 5971 in scoreboard slot 7,E1,jk2_init() Found child <*> in scoreboard slot <*>,jknum_init found child num in scoreboard slot num,jknum_init found child in scoreboard slot,1
1677,2005-12-05 13:39:41,notice,jk2_init() Found child 5972 in scoreboard slot 8,E1,jk2_init() Found child <*> in scoreboard slot <*>,jknum_init found child num in scoreboard slot num,jknum_init found child in scoreboard slot,1
1678,2005-12-05 13:39:41,notice,workerEnv.init() ok /etc/httpd/conf/workers2.properties,E2,workerEnv.init() ok <*>,workerenvinit ok etchttpdconfworkersnumproperties,workerenvinit ok,1
1679,2005-12-05 13:39:41,notice,workerEnv.init() ok /etc/httpd/conf/workers2.properties,E2,workerEnv.init() ok <*>,workerenvinit ok etchttpdconfworkersnumproperties,workerenvinit ok,1
1680,2005-12-05 13:39:41,notice,workerEnv.init() ok /etc/httpd/conf/workers2.properties,E2,workerEnv.init() ok <*>,workerenvinit ok etchttpdconfworkersnumproperties,workerenvinit ok,1
1681,2005-12-05 13:39:41,error,mod_jk child workerEnv in error state 8,E3,mod_jk child workerEnv in error state <*>,mod_jk child workerenv in error state num,mod_jk child workerenv in error state,0
1682,2005-12-05 13:39:41,error,mod_jk child workerEnv in error state 9,E3,mod_jk child workerEnv in error state <*>,mod_jk child workerenv in error state num,mod_jk child workerenv in error state,0
1683,2005-12-05 13:39:41,error,mod_jk child workerEnv in error state 8,E3,mod_jk child workerEnv in error state <*>,mod_jk child workerenv in error state num,mod_jk child workerenv in error state,0
1684,2005-12-05 13:41:11,notice,jk2_init() Found child 5981 in scoreboard slot 9,E1,jk2_init() Found child <*> in scoreboard slot <*>,jknum_init found child num in scoreboard slot num,jknum_init found child in scoreboard slot,1
1685,2005-12-05 13:41:12,notice,jk2_init() Found child 5982 in scoreboard slot 6,E1,jk2_init() Found child <*> in scoreboard slot <*>,jknum_init found child num in scoreboard slot num,jknum_init found child in scoreboard slot,1
1686,2005-12-05 13:41:58,notice,jk2_init() Found child 5984 in scoreboard slot 8,E1,jk2_init() Found child <*> in scoreboard slot <*>,jknum_init found child num in scoreboard slot num,jknum_init found child in scoreboard slot,1
1687,2005-12-05 13:41:58,notice,jk2_init() Found child 5985 in scoreboard slot 9,E1,jk2_init() Found child <*> in scoreboard slot <*>,jknum_init found child num in scoreboard slot num,jknum_init found child in scoreboard slot,1
1688,2005-12-05 13:43:27,notice,jk2_init() Found child 5992 in scoreboard slot 8,E1,jk2_init() Found child <*> in scoreboard slot <*>,jknum_init found child num in scoreboard slot num,jknum_init found child in scoreboard slot,1
1689,2005-12-05 13:43:27,notice,jk2_init() Found child 5993 in scoreboard slot 9,E1,jk2_init() Found child <*> in scoreboard slot <*>,jknum_init found child num in scoreboard slot num,jknum_init found child in scoreboard slot,1
1690,2005-12-05 13:43:27,notice,jk2_init() Found child 5990 in scoreboard slot 6,E1,jk2_init() Found child <*> in scoreboard slot <*>,jknum_init found child num in scoreboard slot num,jknum_init found child in scoreboard slot,1
1691,2005-12-05 13:43:27,notice,jk2_init() Found child 5991 in scoreboard slot 7,E1,jk2_init() Found child <*> in scoreboard slot <*>,jknum_init found child num in scoreboard slot num,jknum_init found child in scoreboard slot,1
1692,2005-12-05 13:43:43,notice,workerEnv.init() ok /etc/httpd/conf/workers2.properties,E2,workerEnv.init() ok <*>,workerenvinit ok etchttpdconfworkersnumproperties,workerenvinit ok,1
1693,2005-12-05 13:43:44,notice,workerEnv.init() ok /etc/httpd/conf/workers2.properties,E2,workerEnv.init() ok <*>,workerenvinit ok etchttpdconfworkersnumproperties,workerenvinit ok,1
1694,2005-12-05 13:43:43,notice,workerEnv.init() ok /etc/httpd/conf/workers2.properties,E2,workerEnv.init() ok <*>,workerenvinit ok etchttpdconfworkersnumproperties,workerenvinit ok,1
1695,2005-12-05 13:43:46,error,mod_jk child workerEnv in error state 6,E3,mod_jk child workerEnv in error state <*>,mod_jk child workerenv in error state num,mod_jk child workerenv in error state,0
1696,2005-12-05 13:43:46,error,mod_jk child workerEnv in error state 8,E3,mod_jk child workerEnv in error state <*>,mod_jk child workerenv in error state num,mod_jk child workerenv in error state,0
1697,2005-12-05 13:43:46,error,mod_jk child workerEnv in error state 7,E3,mod_jk child workerEnv in error state <*>,mod_jk child workerenv in error state num,mod_jk child workerenv in error state,0
1698,2005-12-05 13:44:18,notice,jk2_init() Found child 5995 in scoreboard slot 7,E1,jk2_init() Found child <*> in scoreboard slot <*>,jknum_init found child num in scoreboard slot num,jknum_init found child in scoreboard slot,1
1699,2005-12-05 13:44:18,notice,jk2_init() Found child 5996 in scoreboard slot 8,E1,jk2_init() Found child <*> in scoreboard slot <*>,jknum_init found child num in scoreboard slot num,jknum_init found child in scoreboard slot,1
1700,2005-12-05 13:44:32,notice,workerEnv.init() ok /etc/httpd/conf/workers2.properties,E2,workerEnv.init() ok <*>,workerenvinit ok etchttpdconfworkersnumproperties,workerenvinit ok,1
1701,2005-12-05 13:44:35,notice,workerEnv.init() ok /etc/httpd/conf/workers2.properties,E2,workerEnv.init() ok <*>,workerenvinit ok etchttpdconfworkersnumproperties,workerenvinit ok,1
1702,2005-12-05 13:44:38,error,mod_jk child workerEnv in error state 6,E3,mod_jk child workerEnv in error state <*>,mod_jk child workerenv in error state num,mod_jk child workerenv in error state,0
1703,2005-12-05 13:44:38,error,mod_jk child workerEnv in error state 6,E3,mod_jk child workerEnv in error state <*>,mod_jk child workerenv in error state num,mod_jk child workerenv in error state,0
1704,2005-12-05 13:44:53,notice,jk2_init() Found child 5997 in scoreboard slot 9,E1,jk2_init() Found child <*> in scoreboard slot <*>,jknum_init found child num in scoreboard slot num,jknum_init found child in scoreboard slot,1
1705,2005-12-05 13:45:01,notice,jk2_init() Found child 5998 in scoreboard slot 6,E1,jk2_init() Found child <*> in scoreboard slot <*>,jknum_init found child num in scoreboard slot num,jknum_init found child in scoreboard slot,1
1706,2005-12-05 13:45:01,notice,jk2_init() Found child 5999 in scoreboard slot 7,E1,jk2_init() Found child <*> in scoreboard slot <*>,jknum_init found child num in scoreboard slot num,jknum_init found child in scoreboard slot,1
1707,2005-12-05 13:45:08,notice,workerEnv.init() ok /etc/httpd/conf/workers2.properties,E2,workerEnv.init() ok <*>,workerenvinit ok etchttpdconfworkersnumproperties,workerenvinit ok,1
1708,2005-12-05 13:45:08,notice,workerEnv.init() ok /etc/httpd/conf/workers2.properties,E2,workerEnv.init() ok <*>,workerenvinit ok etchttpdconfworkersnumproperties,workerenvinit ok,1
1709,2005-12-05 13:45:08,notice,workerEnv.init() ok /etc/httpd/conf/workers2.properties,E2,workerEnv.init() ok <*>,workerenvinit ok etchttpdconfworkersnumproperties,workerenvinit ok,1
1710,2005-12-05 13:45:08,error,mod_jk child workerEnv in error state 6,E3,mod_jk child workerEnv in error state <*>,mod_jk child workerenv in error state num,mod_jk child workerenv in error state,0
1711,2005-12-05 13:45:08,error,mod_jk child workerEnv in error state 8,E3,mod_jk child workerEnv in error state <*>,mod_jk child workerenv in error state num,mod_jk child workerenv in error state,0
1712,2005-12-05 13:45:08,error,mod_jk child workerEnv in error state 6,E3,mod_jk child workerEnv in error state <*>,mod_jk child workerenv in error state num,mod_jk child workerenv in error state,0
1713,2005-12-05 13:46:20,notice,jk2_init() Found child 6007 in scoreboard slot 7,E1,jk2_init() Found child <*> in scoreboard slot <*>,jknum_init found child num in scoreboard slot num,jknum_init found child in scoreboard slot,1
1714,2005-12-05 13:46:20,notice,jk2_init() Found child 6006 in scoreboard slot 6,E1,jk2_init() Found child <*> in scoreboard slot <*>,jknum_init found child num in scoreboard slot num,jknum_init found child in scoreboard slot,1
1715,2005-12-05 13:46:20,notice,jk2_init() Found child 6005 in scoreboard slot 9,E1,jk2_init() Found child <*> in scoreboard slot <*>,jknum_init found child num in scoreboard slot num,jknum_init found child in scoreboard slot,1
1716,2005-12-05 13:46:50,notice,workerEnv.init() ok /etc/httpd/conf/workers2.properties,E2,workerEnv.init() ok <*>,workerenvinit ok etchttpdconfworkersnumproperties,workerenvinit ok,1
1717,2005-12-05 13:47:06,notice,jk2_init() Found child 6008 in scoreboard slot 8,E1,jk2_init() Found child <*> in scoreboard slot <*>,jknum_init found child num in scoreboard slot num,jknum_init found child in scoreboard slot,1
1718,2005-12-05 13:47:06,notice,jk2_init() Found child 6009 in scoreboard slot 9,E1,jk2_init() Found child <*> in scoreboard slot <*>,jknum_init found child num in scoreboard slot num,jknum_init found child in scoreboard slot,1
1719,2005-12-05 13:47:09,notice,jk2_init() Found child 6011 in scoreboard slot 7,E1,jk2_init() Found child <*> in scoreboard slot <*>,jknum_init found child num in scoreboard slot num,jknum_init found child in scoreboard slot,1
1720,2005-12-05 13:47:09,notice,jk2_init() Found child 6010 in scoreboard slot 6,E1,jk2_init() Found child <*> in scoreboard slot <*>,jknum_init found child num in scoreboard slot num,jknum_init found child in scoreboard slot,1
1721,2005-12-05 13:47:11,notice,workerEnv.init() ok /etc/httpd/conf/workers2.properties,E2,workerEnv.init() ok <*>,workerenvinit ok etchttpdconfworkersnumproperties,workerenvinit ok,1
1722,2005-12-05 13:47:11,notice,workerEnv.init() ok /etc/httpd/conf/workers2.properties,E2,workerEnv.init() ok <*>,workerenvinit ok etchttpdconfworkersnumproperties,workerenvinit ok,1
1723,2005-12-05 13:47:11,notice,workerEnv.init() ok /etc/httpd/conf/workers2.properties,E2,workerEnv.init() ok <*>,workerenvinit ok etchttpdconfworkersnumproperties,workerenvinit ok,1
1724,2005-12-05 13:47:11,notice,workerEnv.init() ok /etc/httpd/conf/workers2.properties,E2,workerEnv.init() ok <*>,workerenvinit ok etchttpdconfworkersnumproperties,workerenvinit ok,1
1725,2005-12-05 13:47:11,error,mod_jk child workerEnv in error state 7,E3,mod_jk child workerEnv in error state <*>,mod_jk child workerenv in error state num,mod_jk child workerenv in error state,0
1726,2005-12-05 13:47:11,error,mod_jk child workerEnv in error state 6,E3,mod_jk child workerEnv in error state <*>,mod_jk child workerenv in error state num,mod_jk child workerenv in error state,0
1727,2005-12-05 13:47:11,error,mod_jk child workerEnv in error state 7,E3,mod_jk child workerEnv in error state <*>,mod_jk child workerenv in error state num,mod_jk child workerenv in error state,0
1728,2005-12-05 13:47:11,error,mod_jk child workerEnv in error state 7,E3,mod_jk child workerEnv in error state <*>,mod_jk child workerenv in error state num,mod_jk child workerenv in error state,0
1729,2005-12-05 13:51:17,notice,jk2_init() Found child 6028 in scoreboard slot 9,E1,jk2_init() Found child <*> in scoreboard slot <*>,jknum_init found child num in scoreboard slot num,jknum_init found child in scoreboard slot,1
1730,2005-12-05 13:52:19,notice,jk2_init() Found child 6036 in scoreboard slot 9,E1,jk2_init() Found child <*> in scoreboard slot <*>,jknum_init found child num in scoreboard slot num,jknum_init found child in scoreboard slot,1
1731,2005-12-05 13:52:19,notice,jk2_init() Found child 6033 in scoreboard slot 6,E1,jk2_init() Found child <*> in scoreboard slot <*>,jknum_init found child num in scoreboard slot num,jknum_init found child in scoreboard slot,1
1732,2005-12-05 13:52:19,notice,jk2_init() Found child 6035 in scoreboard slot 8,E1,jk2_init() Found child <*> in scoreboard slot <*>,jknum_init found child num in scoreboard slot num,jknum_init found child in scoreboard slot,1
1733,2005-12-05 13:52:19,notice,jk2_init() Found child 6034 in scoreboard slot 7,E1,jk2_init() Found child <*> in scoreboard slot <*>,jknum_init found child num in scoreboard slot num,jknum_init found child in scoreboard slot,1
1734,2005-12-05 13:52:33,notice,workerEnv.init() ok /etc/httpd/conf/workers2.properties,E2,workerEnv.init() ok <*>,workerenvinit ok etchttpdconfworkersnumproperties,workerenvinit ok,1
1735,2005-12-05 13:52:33,notice,workerEnv.init() ok /etc/httpd/conf/workers2.properties,E2,workerEnv.init() ok <*>,workerenvinit ok etchttpdconfworkersnumproperties,workerenvinit ok,1
1736,2005-12-05 13:52:36,error,mod_jk child workerEnv in error state 6,E3,mod_jk child workerEnv in error state <*>,mod_jk child workerenv in error state num,mod_jk child workerenv in error state,0
1737,2005-12-05 13:52:36,error,mod_jk child workerEnv in error state 6,E3,mod_jk child workerEnv in error state <*>,mod_jk child workerenv in error state num,mod_jk child workerenv in error state,0
1738,2005-12-05 13:53:00,notice,jk2_init() Found child 6038 in scoreboard slot 7,E1,jk2_init() Found child <*> in scoreboard slot <*>,jknum_init found child num in scoreboard slot num,jknum_init found child in scoreboard slot,1
1739,2005-12-05 13:53:00,notice,jk2_init() Found child 6037 in scoreboard slot 6,E1,jk2_init() Found child <*> in scoreboard slot <*>,jknum_init found child num in scoreboard slot num,jknum_init found child in scoreboard slot,1
1740,2005-12-05 13:53:00,notice,jk2_init() Found child 6039 in scoreboard slot 10,E1,jk2_init() Found child <*> in scoreboard slot <*>,jknum_init found child num in scoreboard slot num,jknum_init found child in scoreboard slot,1
1741,2005-12-05 13:53:31,notice,jk2_init() Found child 6043 in scoreboard slot 9,E1,jk2_init() Found child <*> in scoreboard slot <*>,jknum_init found child num in scoreboard slot num,jknum_init found child in scoreboard slot,1
1742,2005-12-05 13:53:31,notice,jk2_init() Found child 6042 in scoreboard slot 7,E1,jk2_init() Found child <*> in scoreboard slot <*>,jknum_init found child num in scoreboard slot num,jknum_init found child in scoreboard slot,1
1743,2005-12-05 13:53:31,notice,jk2_init() Found child 6041 in scoreboard slot 6,E1,jk2_init() Found child <*> in scoreboard slot <*>,jknum_init found child num in scoreboard slot num,jknum_init found child in scoreboard slot,1
1744,2005-12-05 13:53:34,notice,jk2_init() Found child 6044 in scoreboard slot 8,E1,jk2_init() Found child <*> in scoreboard slot <*>,jknum_init found child num in scoreboard slot num,jknum_init found child in scoreboard slot,1
1745,2005-12-05 13:53:35,notice,workerEnv.init() ok /etc/httpd/conf/workers2.properties,E2,workerEnv.init() ok <*>,workerenvinit ok etchttpdconfworkersnumproperties,workerenvinit ok,1
1746,2005-12-05 13:53:35,notice,workerEnv.init() ok /etc/httpd/conf/workers2.properties,E2,workerEnv.init() ok <*>,workerenvinit ok etchttpdconfworkersnumproperties,workerenvinit ok,1
1747,2005-12-05 13:53:35,notice,workerEnv.init() ok /etc/httpd/conf/workers2.properties,E2,workerEnv.init() ok <*>,workerenvinit ok etchttpdconfworkersnumproperties,workerenvinit ok,1
1748,2005-12-05 13:53:35,notice,workerEnv.init() ok /etc/httpd/conf/workers2.properties,E2,workerEnv.init() ok <*>,workerenvinit ok etchttpdconfworkersnumproperties,workerenvinit ok,1
1749,2005-12-05 13:53:35,error,mod_jk child workerEnv in error state 6,E3,mod_jk child workerEnv in error state <*>,mod_jk child workerenv in error state num,mod_jk child workerenv in error state,0
1750,2005-12-05 13:53:35,error,mod_jk child workerEnv in error state 8,E3,mod_jk child workerEnv in error state <*>,mod_jk child workerenv in error state num,mod_jk child workerenv in error state,0
1751,2005-12-05 13:53:35,error,mod_jk child workerEnv in error state 6,E3,mod_jk child workerEnv in error state <*>,mod_jk child workerenv in error state num,mod_jk child workerenv in error state,0
1752,2005-12-05 13:53:35,error,mod_jk child workerEnv in error state 8,E3,mod_jk child workerEnv in error state <*>,mod_jk child workerenv in error state num,mod_jk child workerenv in error state,0
1753,2005-12-05 13:56:21,notice,jk2_init() Found child 6052 in scoreboard slot 6,E1,jk2_init() Found child <*> in scoreboard slot <*>,jknum_init found child num in scoreboard slot num,jknum_init found child in scoreboard slot,1
1754,2005-12-05 13:56:38,notice,jk2_init() Found child 6053 in scoreboard slot 7,E1,jk2_init() Found child <*> in scoreboard slot <*>,jknum_init found child num in scoreboard slot num,jknum_init found child in scoreboard slot,1
1755,2005-12-05 13:57:07,notice,jk2_init() Found child 6054 in scoreboard slot 9,E1,jk2_init() Found child <*> in scoreboard slot <*>,jknum_init found child num in scoreboard slot num,jknum_init found child in scoreboard slot,1
1756,2005-12-05 13:57:07,notice,jk2_init() Found child 6055 in scoreboard slot 8,E1,jk2_init() Found child <*> in scoreboard slot <*>,jknum_init found child num in scoreboard slot num,jknum_init found child in scoreboard slot,1
1757,2005-12-05 13:58:31,notice,jk2_init() Found child 6063 in scoreboard slot 8,E1,jk2_init() Found child <*> in scoreboard slot <*>,jknum_init found child num in scoreboard slot num,jknum_init found child in scoreboard slot,1
1758,2005-12-05 13:58:31,notice,jk2_init() Found child 6062 in scoreboard slot 9,E1,jk2_init() Found child <*> in scoreboard slot <*>,jknum_init found child num in scoreboard slot num,jknum_init found child in scoreboard slot,1
1759,2005-12-05 13:59:43,notice,jk2_init() Found child 6069 in scoreboard slot 7,E1,jk2_init() Found child <*> in scoreboard slot <*>,jknum_init found child num in scoreboard slot num,jknum_init found child in scoreboard slot,1
1760,2005-12-05 13:59:43,notice,jk2_init() Found child 6070 in scoreboard slot 9,E1,jk2_init() Found child <*> in scoreboard slot <*>,jknum_init found child num in scoreboard slot num,jknum_init found child in scoreboard slot,1
1761,2005-12-05 13:59:43,notice,jk2_init() Found child 6071 in scoreboard slot 8,E1,jk2_init() Found child <*> in scoreboard slot <*>,jknum_init found child num in scoreboard slot num,jknum_init found child in scoreboard slot,1
1762,2005-12-05 14:01:47,notice,jk2_init() Found child 6100 in scoreboard slot 7,E1,jk2_init() Found child <*> in scoreboard slot <*>,jknum_init found child num in scoreboard slot num,jknum_init found child in scoreboard slot,1
1763,2005-12-05 14:01:47,notice,jk2_init() Found child 6101 in scoreboard slot 8,E1,jk2_init() Found child <*> in scoreboard slot <*>,jknum_init found child num in scoreboard slot num,jknum_init found child in scoreboard slot,1
1764,2005-12-05 14:01:47,notice,jk2_init() Found child 6099 in scoreboard slot 6,E1,jk2_init() Found child <*> in scoreboard slot <*>,jknum_init found child num in scoreboard slot num,jknum_init found child in scoreboard slot,1
1765,2005-12-05 14:01:48,notice,workerEnv.init() ok /etc/httpd/conf/workers2.properties,E2,workerEnv.init() ok <*>,workerenvinit ok etchttpdconfworkersnumproperties,workerenvinit ok,1
1766,2005-12-05 14:01:48,error,mod_jk child workerEnv in error state 7,E3,mod_jk child workerEnv in error state <*>,mod_jk child workerenv in error state num,mod_jk child workerenv in error state,0
1767,2005-12-05 14:01:48,notice,workerEnv.init() ok /etc/httpd/conf/workers2.properties,E2,workerEnv.init() ok <*>,workerenvinit ok etchttpdconfworkersnumproperties,workerenvinit ok,1
1768,2005-12-05 14:01:48,error,mod_jk child workerEnv in error state 9,E3,mod_jk child workerEnv in error state <*>,mod_jk child workerenv in error state num,mod_jk child workerenv in error state,0
1769,2005-12-05 14:01:48,notice,workerEnv.init() ok /etc/httpd/conf/workers2.properties,E2,workerEnv.init() ok <*>,workerenvinit ok etchttpdconfworkersnumproperties,workerenvinit ok,1
1770,2005-12-05 14:01:48,error,mod_jk child workerEnv in error state 8,E3,mod_jk child workerEnv in error state <*>,mod_jk child workerenv in error state num,mod_jk child workerenv in error state,0
1771,2005-12-05 14:11:40,notice,jk2_init() Found child 6115 in scoreboard slot 10,E1,jk2_init() Found child <*> in scoreboard slot <*>,jknum_init found child num in scoreboard slot num,jknum_init found child in scoreboard slot,1
1772,2005-12-05 14:11:43,error,[client 141.154.18.244] Directory index forbidden by rule: /var/www/html/,E4,[client <*>] Directory index forbidden by rule: <*>,client ip directory index forbidden by rule varwwwhtml,client directory index forbidden by rule,0
1773,2005-12-05 14:11:45,notice,workerEnv.init() ok /etc/httpd/conf/workers2.properties,E2,workerEnv.init() ok <*>,workerenvinit ok etchttpdconfworkersnumproperties,workerenvinit ok,1
1774,2005-12-05 14:11:45,error,mod_jk child workerEnv in error state 7,E3,mod_jk child workerEnv in error state <*>,mod_jk child workerenv in error state num,mod_jk child workerenv in error state,0
1775,2005-12-05 15:31:06,notice,jk2_init() Found child 6259 in scoreboard slot 6,E1,jk2_init() Found child <*> in scoreboard slot <*>,jknum_init found child num in scoreboard slot num,jknum_init found child in scoreboard slot,1
1776,2005-12-05 15:31:06,notice,jk2_init() Found child 6260 in scoreboard slot 7,E1,jk2_init() Found child <*> in scoreboard slot <*>,jknum_init found child num in scoreboard slot num,jknum_init found child in scoreboard slot,1
1777,2005-12-05 15:31:09,notice,jk2_init() Found child 6261 in scoreboard slot 8,E1,jk2_init() Found child <*> in scoreboard slot <*>,jknum_init found child num in scoreboard slot num,jknum_init found child in scoreboard slot,1
1778,2005-12-05 15:31:10,notice,workerEnv.init() ok /etc/httpd/conf/workers2.properties,E2,workerEnv.init() ok <*>,workerenvinit ok etchttpdconfworkersnumproperties,workerenvinit ok,1
1779,2005-12-05 15:31:10,error,mod_jk child workerEnv in error state 6,E3,mod_jk child workerEnv in error state <*>,mod_jk child workerenv in error state num,mod_jk child workerenv in error state,0
1780,2005-12-05 15:31:10,notice,workerEnv.init() ok /etc/httpd/conf/workers2.properties,E2,workerEnv.init() ok <*>,workerenvinit ok etchttpdconfworkersnumproperties,workerenvinit ok,1
1781,2005-12-05 15:31:10,error,mod_jk child workerEnv in error state 6,E3,mod_jk child workerEnv in error state <*>,mod_jk child workerenv in error state num,mod_jk child workerenv in error state,0
1782,2005-12-05 15:31:10,notice,workerEnv.init() ok /etc/httpd/conf/workers2.properties,E2,workerEnv.init() ok <*>,workerenvinit ok etchttpdconfworkersnumproperties,workerenvinit ok,1
1783,2005-12-05 15:31:10,error,mod_jk child workerEnv in error state 6,E3,mod_jk child workerEnv in error state <*>,mod_jk child workerenv in error state num,mod_jk child workerenv in error state,0
1784,2005-12-05 15:40:59,notice,jk2_init() Found child 6277 in scoreboard slot 7,E1,jk2_init() Found child <*> in scoreboard slot <*>,jknum_init found child num in scoreboard slot num,jknum_init found child in scoreboard slot,1
1785,2005-12-05 15:40:59,notice,jk2_init() Found child 6276 in scoreboard slot 6,E1,jk2_init() Found child <*> in scoreboard slot <*>,jknum_init found child num in scoreboard slot num,jknum_init found child in scoreboard slot,1
1786,2005-12-05 15:41:32,notice,jk2_init() Found child 6280 in scoreboard slot 7,E1,jk2_init() Found child <*> in scoreboard slot <*>,jknum_init found child num in scoreboard slot num,jknum_init found child in scoreboard slot,1
1787,2005-12-05 15:41:32,notice,jk2_init() Found child 6278 in scoreboard slot 8,E1,jk2_init() Found child <*> in scoreboard slot <*>,jknum_init found child num in scoreboard slot num,jknum_init found child in scoreboard slot,1
1788,2005-12-05 15:41:32,notice,jk2_init() Found child 6279 in scoreboard slot 6,E1,jk2_init() Found child <*> in scoreboard slot <*>,jknum_init found child num in scoreboard slot num,jknum_init found child in scoreboard slot,1
1789,2005-12-05 15:41:32,notice,workerEnv.init() ok /etc/httpd/conf/workers2.properties,E2,workerEnv.init() ok <*>,workerenvinit ok etchttpdconfworkersnumproperties,workerenvinit ok,1
1790,2005-12-05 15:41:32,error,mod_jk child workerEnv in error state 7,E3,mod_jk child workerEnv in error state <*>,mod_jk child workerenv in error state num,mod_jk child workerenv in error state,0
1791,2005-12-05 15:41:32,notice,workerEnv.init() ok /etc/httpd/conf/workers2.properties,E2,workerEnv.init() ok <*>,workerenvinit ok etchttpdconfworkersnumproperties,workerenvinit ok,1
1792,2005-12-05 15:41:32,error,mod_jk child workerEnv in error state 6,E3,mod_jk child workerEnv in error state <*>,mod_jk child workerenv in error state num,mod_jk child workerenv in error state,0
1793,2005-12-05 15:41:32,notice,workerEnv.init() ok /etc/httpd/conf/workers2.properties,E2,workerEnv.init() ok <*>,workerenvinit ok etchttpdconfworkersnumproperties,workerenvinit ok,1
1794,2005-12-05 15:41:32,error,mod_jk child workerEnv in error state 7,E3,mod_jk child workerEnv in error state <*>,mod_jk child workerenv in error state num,mod_jk child workerenv in error state,0
1795,2005-12-05 15:45:42,notice,jk2_init() Found child 6285 in scoreboard slot 8,E1,jk2_init() Found child <*> in scoreboard slot <*>,jknum_init found child num in scoreboard slot num,jknum_init found child in scoreboard slot,1
1796,2005-12-05 15:45:44,notice,workerEnv.init() ok /etc/httpd/conf/workers2.properties,E2,workerEnv.init() ok <*>,workerenvinit ok etchttpdconfworkersnumproperties,workerenvinit ok,1
1797,2005-12-05 15:45:44,error,mod_jk child workerEnv in error state 6,E3,mod_jk child workerEnv in error state <*>,mod_jk child workerenv in error state num,mod_jk child workerenv in error state,0
1798,2005-12-05 15:50:53,notice,jk2_init() Found child 6293 in scoreboard slot 6,E1,jk2_init() Found child <*> in scoreboard slot <*>,jknum_init found child num in scoreboard slot num,jknum_init found child in scoreboard slot,1
1799,2005-12-05 15:50:53,notice,jk2_init() Found child 6294 in scoreboard slot 7,E1,jk2_init() Found child <*> in scoreboard slot <*>,jknum_init found child num in scoreboard slot num,jknum_init found child in scoreboard slot,1
1800,2005-12-05 15:51:18,notice,jk2_init() Found child 6297 in scoreboard slot 7,E1,jk2_init() Found child <*> in scoreboard slot <*>,jknum_init found child num in scoreboard slot num,jknum_init found child in scoreboard slot,1
1801,2005-12-05 15:51:18,notice,jk2_init() Found child 6295 in scoreboard slot 8,E1,jk2_init() Found child <*> in scoreboard slot <*>,jknum_init found child num in scoreboard slot num,jknum_init found child in scoreboard slot,1
1802,2005-12-05 15:51:18,notice,jk2_init() Found child 6296 in scoreboard slot 6,E1,jk2_init() Found child <*> in scoreboard slot <*>,jknum_init found child num in scoreboard slot num,jknum_init found child in scoreboard slot,1
1803,2005-12-05 15:51:20,notice,workerEnv.init() ok /etc/httpd/conf/workers2.properties,E2,workerEnv.init() ok <*>,workerenvinit ok etchttpdconfworkersnumproperties,workerenvinit ok,1
1804,2005-12-05 15:51:20,error,mod_jk child workerEnv in error state 7,E3,mod_jk child workerEnv in error state <*>,mod_jk child workerenv in error state num,mod_jk child workerenv in error state,0
1805,2005-12-05 15:51:20,notice,workerEnv.init() ok /etc/httpd/conf/workers2.properties,E2,workerEnv.init() ok <*>,workerenvinit ok etchttpdconfworkersnumproperties,workerenvinit ok,1
1806,2005-12-05 15:51:20,error,mod_jk child workerEnv in error state 7,E3,mod_jk child workerEnv in error state <*>,mod_jk child workerenv in error state num,mod_jk child workerenv in error state,0
1807,2005-12-05 15:51:20,notice,workerEnv.init() ok /etc/httpd/conf/workers2.properties,E2,workerEnv.init() ok <*>,workerenvinit ok etchttpdconfworkersnumproperties,workerenvinit ok,1
1808,2005-12-05 15:51:20,error,mod_jk child workerEnv in error state 6,E3,mod_jk child workerEnv in error state <*>,mod_jk child workerenv in error state num,mod_jk child workerenv in error state,0
1809,2005-12-05 15:55:31,notice,jk2_init() Found child 6302 in scoreboard slot 8,E1,jk2_init() Found child <*> in scoreboard slot <*>,jknum_init found child num in scoreboard slot num,jknum_init found child in scoreboard slot,1
1810,2005-12-05 15:55:32,notice,workerEnv.init() ok /etc/httpd/conf/workers2.properties,E2,workerEnv.init() ok <*>,workerenvinit ok etchttpdconfworkersnumproperties,workerenvinit ok,1
1811,2005-12-05 15:55:32,error,mod_jk child workerEnv in error state 6,E3,mod_jk child workerEnv in error state <*>,mod_jk child workerenv in error state num,mod_jk child workerenv in error state,0
1812,2005-12-05 16:01:17,notice,jk2_init() Found child 6310 in scoreboard slot 6,E1,jk2_init() Found child <*> in scoreboard slot <*>,jknum_init found child num in scoreboard slot num,jknum_init found child in scoreboard slot,1
1813,2005-12-05 16:02:00,notice,jk2_init() Found child 6315 in scoreboard slot 6,E1,jk2_init() Found child <*> in scoreboard slot <*>,jknum_init found child num in scoreboard slot num,jknum_init found child in scoreboard slot,1
1814,2005-12-05 16:02:00,notice,jk2_init() Found child 6316 in scoreboard slot 7,E1,jk2_init() Found child <*> in scoreboard slot <*>,jknum_init found child num in scoreboard slot num,jknum_init found child in scoreboard slot,1
1815,2005-12-05 16:02:00,notice,jk2_init() Found child 6314 in scoreboard slot 8,E1,jk2_init() Found child <*> in scoreboard slot <*>,jknum_init found child num in scoreboard slot num,jknum_init found child in scoreboard slot,1
1816,2005-12-05 16:02:02,notice,workerEnv.init() ok /etc/httpd/conf/workers2.properties,E2,workerEnv.init() ok <*>,workerenvinit ok etchttpdconfworkersnumproperties,workerenvinit ok,1
1817,2005-12-05 16:02:02,notice,workerEnv.init() ok /etc/httpd/conf/workers2.properties,E2,workerEnv.init() ok <*>,workerenvinit ok etchttpdconfworkersnumproperties,workerenvinit ok,1
1818,2005-12-05 16:02:02,notice,workerEnv.init() ok /etc/httpd/conf/workers2.properties,E2,workerEnv.init() ok <*>,workerenvinit ok etchttpdconfworkersnumproperties,workerenvinit ok,1
1819,2005-12-05 16:02:02,error,mod_jk child workerEnv in error state 6,E3,mod_jk child workerEnv in error state <*>,mod_jk child workerenv in error state num,mod_jk child workerenv in error state,0
1820,2005-12-05 16:02:02,error,mod_jk child workerEnv in error state 7,E3,mod_jk child workerEnv in error state <*>,mod_jk child workerenv in error state num,mod_jk child workerenv in error state,0
1821,2005-12-05 16:02:02,error,mod_jk child workerEnv in error state 6,E3,mod_jk child workerEnv in error state <*>,mod_jk child workerenv in error state num,mod_jk child workerenv in error state,0
1822,2005-12-05 16:06:07,notice,jk2_init() Found child 6333 in scoreboard slot 8,E1,jk2_init() Found child <*> in scoreboard slot <*>,jknum_init found child num in scoreboard slot num,jknum_init found child in scoreboard slot,1
1823,2005-12-05 16:06:21,notice,jk2_init() Found child 6335 in scoreboard slot 7,E1,jk2_init() Found child <*> in scoreboard slot <*>,jknum_init found child num in scoreboard slot num,jknum_init found child in scoreboard slot,1
1824,2005-12-05 16:07:08,notice,jk2_init() Found child 6339 in scoreboard slot 8,E1,jk2_init() Found child <*> in scoreboard slot <*>,jknum_init found child num in scoreboard slot num,jknum_init found child in scoreboard slot,1
1825,2005-12-05 16:07:08,notice,jk2_init() Found child 6340 in scoreboard slot 6,E1,jk2_init() Found child <*> in scoreboard slot <*>,jknum_init found child num in scoreboard slot num,jknum_init found child in scoreboard slot,1
1826,2005-12-05 16:07:08,notice,jk2_init() Found child 6338 in scoreboard slot 7,E1,jk2_init() Found child <*> in scoreboard slot <*>,jknum_init found child num in scoreboard slot num,jknum_init found child in scoreboard slot,1
1827,2005-12-05 16:07:09,notice,workerEnv.init() ok /etc/httpd/conf/workers2.properties,E2,workerEnv.init() ok <*>,workerenvinit ok etchttpdconfworkersnumproperties,workerenvinit ok,1
1828,2005-12-05 16:07:09,error,mod_jk child workerEnv in error state 7,E3,mod_jk child workerEnv in error state <*>,mod_jk child workerenv in error state num,mod_jk child workerenv in error state,0
1829,2005-12-05 16:07:09,notice,workerEnv.init() ok /etc/httpd/conf/workers2.properties,E2,workerEnv.init() ok <*>,workerenvinit ok etchttpdconfworkersnumproperties,workerenvinit ok,1
1830,2005-12-05 16:07:09,error,mod_jk child workerEnv in error state 6,E3,mod_jk child workerEnv in error state <*>,mod_jk child workerenv in error state num,mod_jk child workerenv in error state,0
1831,2005-12-05 16:07:09,notice,workerEnv.init() ok /etc/httpd/conf/workers2.properties,E2,workerEnv.init() ok <*>,workerenvinit ok etchttpdconfworkersnumproperties,workerenvinit ok,1
1832,2005-12-05 16:07:09,error,mod_jk child workerEnv in error state 7,E3,mod_jk child workerEnv in error state <*>,mod_jk child workerenv in error state num,mod_jk child workerenv in error state,0
1833,2005-12-05 16:10:43,notice,jk2_init() Found child 6351 in scoreboard slot 8,E1,jk2_init() Found child <*> in scoreboard slot <*>,jknum_init found child num in scoreboard slot num,jknum_init found child in scoreboard slot,1
1834,2005-12-05 16:10:43,notice,jk2_init() Found child 6350 in scoreboard slot 7,E1,jk2_init() Found child <*> in scoreboard slot <*>,jknum_init found child num in scoreboard slot num,jknum_init found child in scoreboard slot,1
1835,2005-12-05 16:10:44,notice,workerEnv.init() ok /etc/httpd/conf/workers2.properties,E2,workerEnv.init() ok <*>,workerenvinit ok etchttpdconfworkersnumproperties,workerenvinit ok,1
1836,2005-12-05 16:10:44,error,mod_jk child workerEnv in error state 6,E3,mod_jk child workerEnv in error state <*>,mod_jk child workerenv in error state num,mod_jk child workerenv in error state,0
1837,2005-12-05 16:10:44,notice,workerEnv.init() ok /etc/httpd/conf/workers2.properties,E2,workerEnv.init() ok <*>,workerenvinit ok etchttpdconfworkersnumproperties,workerenvinit ok,1
1838,2005-12-05 16:10:44,error,mod_jk child workerEnv in error state 6,E3,mod_jk child workerEnv in error state <*>,mod_jk child workerenv in error state num,mod_jk child workerenv in error state,0
1839,2005-12-05 16:16:34,notice,jk2_init() Found child 6368 in scoreboard slot 8,E1,jk2_init() Found child <*> in scoreboard slot <*>,jknum_init found child num in scoreboard slot num,jknum_init found child in scoreboard slot,1
1840,2005-12-05 16:16:34,notice,jk2_init() Found child 6367 in scoreboard slot 7,E1,jk2_init() Found child <*> in scoreboard slot <*>,jknum_init found child num in scoreboard slot num,jknum_init found child in scoreboard slot,1
1841,2005-12-05 16:16:34,notice,jk2_init() Found child 6366 in scoreboard slot 6,E1,jk2_init() Found child <*> in scoreboard slot <*>,jknum_init found child num in scoreboard slot num,jknum_init found child in scoreboard slot,1
1842,2005-12-05 16:16:36,notice,workerEnv.init() ok /etc/httpd/conf/workers2.properties,E2,workerEnv.init() ok <*>,workerenvinit ok etchttpdconfworkersnumproperties,workerenvinit ok,1
1843,2005-12-05 16:16:36,error,mod_jk child workerEnv in error state 6,E3,mod_jk child workerEnv in error state <*>,mod_jk child workerenv in error state num,mod_jk child workerenv in error state,0
1844,2005-12-05 16:16:36,notice,workerEnv.init() ok /etc/httpd/conf/workers2.properties,E2,workerEnv.init() ok <*>,workerenvinit ok etchttpdconfworkersnumproperties,workerenvinit ok,1
1845,2005-12-05 16:16:36,error,mod_jk child workerEnv in error state 6,E3,mod_jk child workerEnv in error state <*>,mod_jk child workerenv in error state num,mod_jk child workerenv in error state,0
1846,2005-12-05 16:16:36,notice,workerEnv.init() ok /etc/httpd/conf/workers2.properties,E2,workerEnv.init() ok <*>,workerenvinit ok etchttpdconfworkersnumproperties,workerenvinit ok,1
1847,2005-12-05 16:16:36,error,mod_jk child workerEnv in error state 6,E3,mod_jk child workerEnv in error state <*>,mod_jk child workerenv in error state num,mod_jk child workerenv in error state,0
1848,2005-12-05 16:21:25,notice,jk2_init() Found child 6387 in scoreboard slot 7,E1,jk2_init() Found child <*> in scoreboard slot <*>,jknum_init found child num in scoreboard slot num,jknum_init found child in scoreboard slot,1
1849,2005-12-05 16:21:25,notice,jk2_init() Found child 6386 in scoreboard slot 6,E1,jk2_init() Found child <*> in scoreboard slot <*>,jknum_init found child num in scoreboard slot num,jknum_init found child in scoreboard slot,1
1850,2005-12-05 16:21:25,notice,jk2_init() Found child 6385 in scoreboard slot 8,E1,jk2_init() Found child <*> in scoreboard slot <*>,jknum_init found child num in scoreboard slot num,jknum_init found child in scoreboard slot,1
1851,2005-12-05 16:21:29,notice,workerEnv.init() ok /etc/httpd/conf/workers2.properties,E2,workerEnv.init() ok <*>,workerenvinit ok etchttpdconfworkersnumproperties,workerenvinit ok,1
1852,2005-12-05 16:21:29,error,mod_jk child workerEnv in error state 6,E3,mod_jk child workerEnv in error state <*>,mod_jk child workerenv in error state num,mod_jk child workerenv in error state,0
1853,2005-12-05 16:21:29,notice,workerEnv.init() ok /etc/httpd/conf/workers2.properties,E2,workerEnv.init() ok <*>,workerenvinit ok etchttpdconfworkersnumproperties,workerenvinit ok,1
1854,2005-12-05 16:21:29,error,mod_jk child workerEnv in error state 6,E3,mod_jk child workerEnv in error state <*>,mod_jk child workerenv in error state num,mod_jk child workerenv in error state,0
1855,2005-12-05 16:21:29,notice,workerEnv.init() ok /etc/httpd/conf/workers2.properties,E2,workerEnv.init() ok <*>,workerenvinit ok etchttpdconfworkersnumproperties,workerenvinit ok,1
1856,2005-12-05 16:21:29,error,mod_jk child workerEnv in error state 6,E3,mod_jk child workerEnv in error state <*>,mod_jk child workerenv in error state num,mod_jk child workerenv in error state,0
1857,2005-12-05 16:26:00,notice,jk2_init() Found child 6400 in scoreboard slot 7,E1,jk2_init() Found child <*> in scoreboard slot <*>,jknum_init found child num in scoreboard slot num,jknum_init found child in scoreboard slot,1
1858,2005-12-05 16:26:00,notice,jk2_init() Found child 6399 in scoreboard slot 6,E1,jk2_init() Found child <*> in scoreboard slot <*>,jknum_init found child num in scoreboard slot num,jknum_init found child in scoreboard slot,1
1859,2005-12-05 16:26:00,notice,jk2_init() Found child 6398 in scoreboard slot 8,E1,jk2_init() Found child <*> in scoreboard slot <*>,jknum_init found child num in scoreboard slot num,jknum_init found child in scoreboard slot,1
1860,2005-12-05 16:26:05,notice,workerEnv.init() ok /etc/httpd/conf/workers2.properties,E2,workerEnv.init() ok <*>,workerenvinit ok etchttpdconfworkersnumproperties,workerenvinit ok,1
1861,2005-12-05 16:26:05,error,mod_jk child workerEnv in error state 6,E3,mod_jk child workerEnv in error state <*>,mod_jk child workerenv in error state num,mod_jk child workerenv in error state,0
1862,2005-12-05 16:26:05,notice,workerEnv.init() ok /etc/httpd/conf/workers2.properties,E2,workerEnv.init() ok <*>,workerenvinit ok etchttpdconfworkersnumproperties,workerenvinit ok,1
1863,2005-12-05 16:26:05,error,mod_jk child workerEnv in error state 6,E3,mod_jk child workerEnv in error state <*>,mod_jk child workerenv in error state num,mod_jk child workerenv in error state,0
1864,2005-12-05 16:26:05,notice,workerEnv.init() ok /etc/httpd/conf/workers2.properties,E2,workerEnv.init() ok <*>,workerenvinit ok etchttpdconfworkersnumproperties,workerenvinit ok,1
1865,2005-12-05 16:26:05,error,mod_jk child workerEnv in error state 6,E3,mod_jk child workerEnv in error state <*>,mod_jk child workerenv in error state num,mod_jk child workerenv in error state,0
1866,2005-12-05 16:31:48,notice,jk2_init() Found child 6420 in scoreboard slot 6,E1,jk2_init() Found child <*> in scoreboard slot <*>,jknum_init found child num in scoreboard slot num,jknum_init found child in scoreboard slot,1
1867,2005-12-05 16:31:49,notice,jk2_init() Found child 6421 in scoreboard slot 7,E1,jk2_init() Found child <*> in scoreboard slot <*>,jknum_init found child num in scoreboard slot num,jknum_init found child in scoreboard slot,1
1868,2005-12-05 16:31:49,notice,jk2_init() Found child 6422 in scoreboard slot 8,E1,jk2_init() Found child <*> in scoreboard slot <*>,jknum_init found child num in scoreboard slot num,jknum_init found child in scoreboard slot,1
1869,2005-12-05 16:31:52,notice,workerEnv.init() ok /etc/httpd/conf/workers2.properties,E2,workerEnv.init() ok <*>,workerenvinit ok etchttpdconfworkersnumproperties,workerenvinit ok,1
1870,2005-12-05 16:31:52,notice,workerEnv.init() ok /etc/httpd/conf/workers2.properties,E2,workerEnv.init() ok <*>,workerenvinit ok etchttpdconfworkersnumproperties,workerenvinit ok,1
1871,2005-12-05 16:31:52,notice,workerEnv.init() ok /etc/httpd/conf/workers2.properties,E2,workerEnv.init() ok <*>,workerenvinit ok etchttpdconfworkersnumproperties,workerenvinit ok,1
1872,2005-12-05 16:31:52,error,mod_jk child workerEnv in error state 6,E3,mod_jk child workerEnv in error state <*>,mod_jk child workerenv in error state num,mod_jk child workerenv in error state,0
1873,2005-12-05 16:31:52,error,mod_jk child workerEnv in error state 6,E3,mod_jk child workerEnv in error state <*>,mod_jk child workerenv in error state num,mod_jk child workerenv in error state,0
1874,2005-12-05 16:31:52,error,mod_jk child workerEnv in error state 6,E3,mod_jk child workerEnv in error state <*>,mod_jk child workerenv in error state num,mod_jk child workerenv in error state,0
1875,2005-12-05 16:36:06,notice,jk2_init() Found child 6434 in scoreboard slot 7,E1,jk2_init() Found child <*> in scoreboard slot <*>,jknum_init found child num in scoreboard slot num,jknum_init found child in scoreboard slot,1
1876,2005-12-05 16:36:06,notice,jk2_init() Found child 6433 in scoreboard slot 6,E1,jk2_init() Found child <*> in scoreboard slot <*>,jknum_init found child num in scoreboard slot num,jknum_init found child in scoreboard slot,1
1877,2005-12-05 16:36:42,notice,jk2_init() Found child 6435 in scoreboard slot 8,E1,jk2_init() Found child <*> in scoreboard slot <*>,jknum_init found child num in scoreboard slot num,jknum_init found child in scoreboard slot,1
1878,2005-12-05 16:37:03,notice,jk2_init() Found child 6437 in scoreboard slot 7,E1,jk2_init() Found child <*> in scoreboard slot <*>,jknum_init found child num in scoreboard slot num,jknum_init found child in scoreboard slot,1
1879,2005-12-05 16:38:17,notice,jk2_init() Found child 6443 in scoreboard slot 7,E1,jk2_init() Found child <*> in scoreboard slot <*>,jknum_init found child num in scoreboard slot num,jknum_init found child in scoreboard slot,1
1880,2005-12-05 16:38:17,notice,jk2_init() Found child 6442 in scoreboard slot 6,E1,jk2_init() Found child <*> in scoreboard slot <*>,jknum_init found child num in scoreboard slot num,jknum_init found child in scoreboard slot,1
1881,2005-12-05 16:39:59,notice,jk2_init() Found child 6453 in scoreboard slot 10,E1,jk2_init() Found child <*> in scoreboard slot <*>,jknum_init found child num in scoreboard slot num,jknum_init found child in scoreboard slot,1
1882,2005-12-05 16:39:59,notice,jk2_init() Found child 6451 in scoreboard slot 7,E1,jk2_init() Found child <*> in scoreboard slot <*>,jknum_init found child num in scoreboard slot num,jknum_init found child in scoreboard slot,1
1883,2005-12-05 16:39:59,notice,jk2_init() Found child 6452 in scoreboard slot 8,E1,jk2_init() Found child <*> in scoreboard slot <*>,jknum_init found child num in scoreboard slot num,jknum_init found child in scoreboard slot,1
1884,2005-12-05 16:40:06,notice,workerEnv.init() ok /etc/httpd/conf/workers2.properties,E2,workerEnv.init() ok <*>,workerenvinit ok etchttpdconfworkersnumproperties,workerenvinit ok,1
1885,2005-12-05 16:40:06,notice,workerEnv.init() ok /etc/httpd/conf/workers2.properties,E2,workerEnv.init() ok <*>,workerenvinit ok etchttpdconfworkersnumproperties,workerenvinit ok,1
1886,2005-12-05 16:40:06,notice,workerEnv.init() ok /etc/httpd/conf/workers2.properties,E2,workerEnv.init() ok <*>,workerenvinit ok etchttpdconfworkersnumproperties,workerenvinit ok,1
1887,2005-12-05 16:40:06,error,mod_jk child workerEnv in error state 9,E3,mod_jk child workerEnv in error state <*>,mod_jk child workerenv in error state num,mod_jk child workerenv in error state,0
1888,2005-12-05 16:40:06,error,mod_jk child workerEnv in error state 6,E3,mod_jk child workerEnv in error state <*>,mod_jk child workerenv in error state num,mod_jk child workerenv in error state,0
1889,2005-12-05 16:40:06,error,mod_jk child workerEnv in error state 6,E3,mod_jk child workerEnv in error state <*>,mod_jk child workerenv in error state num,mod_jk child workerenv in error state,0
1890,2005-12-05 16:45:04,error,[client 216.216.185.130] Directory index forbidden by rule: /var/www/html/,E4,[client <*>] Directory index forbidden by rule: <*>,client ip directory index forbidden by rule varwwwhtml,client directory index forbidden by rule,0
1891,2005-12-05 17:31:37,notice,jk2_init() Found child 6561 in scoreboard slot 10,E1,jk2_init() Found child <*> in scoreboard slot <*>,jknum_init found child num in scoreboard slot num,jknum_init found child in scoreboard slot,1
1892,2005-12-05 17:31:39,error,[client 218.75.106.250] Directory index forbidden by rule: /var/www/html/,E4,[client <*>] Directory index forbidden by rule: <*>,client ip directory index forbidden by rule varwwwhtml,client directory index forbidden by rule,0
1893,2005-12-05 17:31:41,notice,workerEnv.init() ok /etc/httpd/conf/workers2.properties,E2,workerEnv.init() ok <*>,workerenvinit ok etchttpdconfworkersnumproperties,workerenvinit ok,1
1894,2005-12-05 17:31:41,error,mod_jk child workerEnv in error state 6,E3,mod_jk child workerEnv in error state <*>,mod_jk child workerenv in error state num,mod_jk child workerenv in error state,0
1895,2005-12-05 17:35:57,notice,jk2_init() Found child 6569 in scoreboard slot 8,E1,jk2_init() Found child <*> in scoreboard slot <*>,jknum_init found child num in scoreboard slot num,jknum_init found child in scoreboard slot,1
1896,2005-12-05 17:35:57,notice,jk2_init() Found child 6568 in scoreboard slot 7,E1,jk2_init() Found child <*> in scoreboard slot <*>,jknum_init found child num in scoreboard slot num,jknum_init found child in scoreboard slot,1
1897,2005-12-05 17:35:58,notice,workerEnv.init() ok /etc/httpd/conf/workers2.properties,E2,workerEnv.init() ok <*>,workerenvinit ok etchttpdconfworkersnumproperties,workerenvinit ok,1
1898,2005-12-05 17:35:58,error,mod_jk child workerEnv in error state 6,E3,mod_jk child workerEnv in error state <*>,mod_jk child workerenv in error state num,mod_jk child workerenv in error state,0
1899,2005-12-05 17:35:58,notice,workerEnv.init() ok /etc/httpd/conf/workers2.properties,E2,workerEnv.init() ok <*>,workerenvinit ok etchttpdconfworkersnumproperties,workerenvinit ok,1
1900,2005-12-05 17:35:58,error,mod_jk child workerEnv in error state 6,E3,mod_jk child workerEnv in error state <*>,mod_jk child workerenv in error state num,mod_jk child workerenv in error state,0
1901,2005-12-05 17:40:38,notice,jk2_init() Found child 6577 in scoreboard slot 7,E1,jk2_init() Found child <*> in scoreboard slot <*>,jknum_init found child num in scoreboard slot num,jknum_init found child in scoreboard slot,1
1902,2005-12-05 17:40:38,notice,jk2_init() Found child 6578 in scoreboard slot 8,E1,jk2_init() Found child <*> in scoreboard slot <*>,jknum_init found child num in scoreboard slot num,jknum_init found child in scoreboard slot,1
1903,2005-12-05 17:40:39,notice,workerEnv.init() ok /etc/httpd/conf/workers2.properties,E2,workerEnv.init() ok <*>,workerenvinit ok etchttpdconfworkersnumproperties,workerenvinit ok,1
1904,2005-12-05 17:40:39,error,mod_jk child workerEnv in error state 6,E3,mod_jk child workerEnv in error state <*>,mod_jk child workerenv in error state num,mod_jk child workerenv in error state,0
1905,2005-12-05 17:40:39,notice,workerEnv.init() ok /etc/httpd/conf/workers2.properties,E2,workerEnv.init() ok <*>,workerenvinit ok etchttpdconfworkersnumproperties,workerenvinit ok,1
1906,2005-12-05 17:40:39,error,mod_jk child workerEnv in error state 6,E3,mod_jk child workerEnv in error state <*>,mod_jk child workerenv in error state num,mod_jk child workerenv in error state,0
1907,2005-12-05 17:46:02,notice,jk2_init() Found child 6585 in scoreboard slot 7,E1,jk2_init() Found child <*> in scoreboard slot <*>,jknum_init found child num in scoreboard slot num,jknum_init found child in scoreboard slot,1
1908,2005-12-05 17:46:02,notice,jk2_init() Found child 6586 in scoreboard slot 8,E1,jk2_init() Found child <*> in scoreboard slot <*>,jknum_init found child num in scoreboard slot num,jknum_init found child in scoreboard slot,1
1909,2005-12-05 17:46:06,notice,workerEnv.init() ok /etc/httpd/conf/workers2.properties,E2,workerEnv.init() ok <*>,workerenvinit ok etchttpdconfworkersnumproperties,workerenvinit ok,1
1910,2005-12-05 17:46:06,notice,workerEnv.init() ok /etc/httpd/conf/workers2.properties,E2,workerEnv.init() ok <*>,workerenvinit ok etchttpdconfworkersnumproperties,workerenvinit ok,1
1911,2005-12-05 17:46:06,error,mod_jk child workerEnv in error state 6,E3,mod_jk child workerEnv in error state <*>,mod_jk child workerenv in error state num,mod_jk child workerenv in error state,0
1912,2005-12-05 17:46:06,error,mod_jk child workerEnv in error state 6,E3,mod_jk child workerEnv in error state <*>,mod_jk child workerenv in error state num,mod_jk child workerenv in error state,0
1913,2005-12-05 17:50:40,notice,jk2_init() Found child 6595 in scoreboard slot 8,E1,jk2_init() Found child <*> in scoreboard slot <*>,jknum_init found child num in scoreboard slot num,jknum_init found child in scoreboard slot,1
1914,2005-12-05 17:50:40,notice,jk2_init() Found child 6594 in scoreboard slot 7,E1,jk2_init() Found child <*> in scoreboard slot <*>,jknum_init found child num in scoreboard slot num,jknum_init found child in scoreboard slot,1
1915,2005-12-05 17:50:41,notice,workerEnv.init() ok /etc/httpd/conf/workers2.properties,E2,workerEnv.init() ok <*>,workerenvinit ok etchttpdconfworkersnumproperties,workerenvinit ok,1
1916,2005-12-05 17:50:41,error,mod_jk child workerEnv in error state 6,E3,mod_jk child workerEnv in error state <*>,mod_jk child workerenv in error state num,mod_jk child workerenv in error state,0
1917,2005-12-05 17:50:41,notice,workerEnv.init() ok /etc/httpd/conf/workers2.properties,E2,workerEnv.init() ok <*>,workerenvinit ok etchttpdconfworkersnumproperties,workerenvinit ok,1
1918,2005-12-05 17:50:41,error,mod_jk child workerEnv in error state 6,E3,mod_jk child workerEnv in error state <*>,mod_jk child workerenv in error state num,mod_jk child workerenv in error state,0
1919,2005-12-05 17:55:35,notice,jk2_init() Found child 6601 in scoreboard slot 8,E1,jk2_init() Found child <*> in scoreboard slot <*>,jknum_init found child num in scoreboard slot num,jknum_init found child in scoreboard slot,1
1920,2005-12-05 17:55:35,notice,jk2_init() Found child 6600 in scoreboard slot 7,E1,jk2_init() Found child <*> in scoreboard slot <*>,jknum_init found child num in scoreboard slot num,jknum_init found child in scoreboard slot,1
1921,2005-12-05 17:55:35,notice,workerEnv.init() ok /etc/httpd/conf/workers2.properties,E2,workerEnv.init() ok <*>,workerenvinit ok etchttpdconfworkersnumproperties,workerenvinit ok,1
1922,2005-12-05 17:55:35,notice,workerEnv.init() ok /etc/httpd/conf/workers2.properties,E2,workerEnv.init() ok <*>,workerenvinit ok etchttpdconfworkersnumproperties,workerenvinit ok,1
1923,2005-12-05 17:55:35,error,mod_jk child workerEnv in error state 6,E3,mod_jk child workerEnv in error state <*>,mod_jk child workerenv in error state num,mod_jk child workerenv in error state,0
1924,2005-12-05 17:55:35,error,mod_jk child workerEnv in error state 6,E3,mod_jk child workerEnv in error state <*>,mod_jk child workerenv in error state num,mod_jk child workerenv in error state,0
1925,2005-12-05 18:00:24,notice,jk2_init() Found child 6609 in scoreboard slot 7,E1,jk2_init() Found child <*> in scoreboard slot <*>,jknum_init found child num in scoreboard slot num,jknum_init found child in scoreboard slot,1
1926,2005-12-05 18:00:26,notice,workerEnv.init() ok /etc/httpd/conf/workers2.properties,E2,workerEnv.init() ok <*>,workerenvinit ok etchttpdconfworkersnumproperties,workerenvinit ok,1
1927,2005-12-05 18:00:26,error,mod_jk child workerEnv in error state 6,E3,mod_jk child workerEnv in error state <*>,mod_jk child workerenv in error state num,mod_jk child workerenv in error state,0
1928,2005-12-05 18:10:56,notice,jk2_init() Found child 6639 in scoreboard slot 7,E1,jk2_init() Found child <*> in scoreboard slot <*>,jknum_init found child num in scoreboard slot num,jknum_init found child in scoreboard slot,1
1929,2005-12-05 18:10:56,notice,jk2_init() Found child 6638 in scoreboard slot 8,E1,jk2_init() Found child <*> in scoreboard slot <*>,jknum_init found child num in scoreboard slot num,jknum_init found child in scoreboard slot,1
1930,2005-12-05 18:10:58,notice,workerEnv.init() ok /etc/httpd/conf/workers2.properties,E2,workerEnv.init() ok <*>,workerenvinit ok etchttpdconfworkersnumproperties,workerenvinit ok,1
1931,2005-12-05 18:10:58,error,mod_jk child workerEnv in error state 6,E3,mod_jk child workerEnv in error state <*>,mod_jk child workerenv in error state num,mod_jk child workerenv in error state,0
1932,2005-12-05 18:10:58,notice,workerEnv.init() ok /etc/httpd/conf/workers2.properties,E2,workerEnv.init() ok <*>,workerenvinit ok etchttpdconfworkersnumproperties,workerenvinit ok,1
1933,2005-12-05 18:10:58,error,mod_jk child workerEnv in error state 6,E3,mod_jk child workerEnv in error state <*>,mod_jk child workerenv in error state num,mod_jk child workerenv in error state,0
1934,2005-12-05 18:15:45,notice,jk2_init() Found child 6652 in scoreboard slot 7,E1,jk2_init() Found child <*> in scoreboard slot <*>,jknum_init found child num in scoreboard slot num,jknum_init found child in scoreboard slot,1
1935,2005-12-05 18:15:45,notice,jk2_init() Found child 6651 in scoreboard slot 8,E1,jk2_init() Found child <*> in scoreboard slot <*>,jknum_init found child num in scoreboard slot num,jknum_init found child in scoreboard slot,1
1936,2005-12-05 18:15:47,notice,workerEnv.init() ok /etc/httpd/conf/workers2.properties,E2,workerEnv.init() ok <*>,workerenvinit ok etchttpdconfworkersnumproperties,workerenvinit ok,1
1937,2005-12-05 18:15:47,notice,workerEnv.init() ok /etc/httpd/conf/workers2.properties,E2,workerEnv.init() ok <*>,workerenvinit ok etchttpdconfworkersnumproperties,workerenvinit ok,1
1938,2005-12-05 18:15:47,error,mod_jk child workerEnv in error state 6,E3,mod_jk child workerEnv in error state <*>,mod_jk child workerenv in error state num,mod_jk child workerenv in error state,0
1939,2005-12-05 18:15:47,error,mod_jk child workerEnv in error state 6,E3,mod_jk child workerEnv in error state <*>,mod_jk child workerenv in error state num,mod_jk child workerenv in error state,0
1940,2005-12-05 18:20:51,notice,jk2_init() Found child 6670 in scoreboard slot 7,E1,jk2_init() Found child <*> in scoreboard slot <*>,jknum_init found child num in scoreboard slot num,jknum_init found child in scoreboard slot,1
1941,2005-12-05 18:20:51,notice,jk2_init() Found child 6669 in scoreboard slot 8,E1,jk2_init() Found child <*> in scoreboard slot <*>,jknum_init found child num in scoreboard slot num,jknum_init found child in scoreboard slot,1
1942,2005-12-05 18:20:53,notice,workerEnv.init() ok /etc/httpd/conf/workers2.properties,E2,workerEnv.init() ok <*>,workerenvinit ok etchttpdconfworkersnumproperties,workerenvinit ok,1
1943,2005-12-05 18:20:53,error,mod_jk child workerEnv in error state 6,E3,mod_jk child workerEnv in error state <*>,mod_jk child workerenv in error state num,mod_jk child workerenv in error state,0
1944,2005-12-05 18:20:53,notice,workerEnv.init() ok /etc/httpd/conf/workers2.properties,E2,workerEnv.init() ok <*>,workerenvinit ok etchttpdconfworkersnumproperties,workerenvinit ok,1
1945,2005-12-05 18:20:53,error,mod_jk child workerEnv in error state 6,E3,mod_jk child workerEnv in error state <*>,mod_jk child workerenv in error state num,mod_jk child workerenv in error state,0
1946,2005-12-05 18:26:06,notice,jk2_init() Found child 6684 in scoreboard slot 7,E1,jk2_init() Found child <*> in scoreboard slot <*>,jknum_init found child num in scoreboard slot num,jknum_init found child in scoreboard slot,1
1947,2005-12-05 18:27:29,notice,jk2_init() Found child 6688 in scoreboard slot 8,E1,jk2_init() Found child <*> in scoreboard slot <*>,jknum_init found child num in scoreboard slot num,jknum_init found child in scoreboard slot,1
1948,2005-12-05 18:27:33,notice,workerEnv.init() ok /etc/httpd/conf/workers2.properties,E2,workerEnv.init() ok <*>,workerenvinit ok etchttpdconfworkersnumproperties,workerenvinit ok,1
1949,2005-12-05 18:27:33,error,mod_jk child workerEnv in error state 6,E3,mod_jk child workerEnv in error state <*>,mod_jk child workerenv in error state num,mod_jk child workerenv in error state,0
1950,2005-12-05 18:27:37,notice,jk2_init() Found child 6689 in scoreboard slot 7,E1,jk2_init() Found child <*> in scoreboard slot <*>,jknum_init found child num in scoreboard slot num,jknum_init found child in scoreboard slot,1
1951,2005-12-05 18:27:37,notice,workerEnv.init() ok /etc/httpd/conf/workers2.properties,E2,workerEnv.init() ok <*>,workerenvinit ok etchttpdconfworkersnumproperties,workerenvinit ok,1
1952,2005-12-05 18:27:37,error,mod_jk child workerEnv in error state 7,E3,mod_jk child workerEnv in error state <*>,mod_jk child workerenv in error state num,mod_jk child workerenv in error state,0
1953,2005-12-05 18:35:51,notice,jk2_init() Found child 6707 in scoreboard slot 8,E1,jk2_init() Found child <*> in scoreboard slot <*>,jknum_init found child num in scoreboard slot num,jknum_init found child in scoreboard slot,1
1954,2005-12-05 18:35:51,notice,jk2_init() Found child 6708 in scoreboard slot 7,E1,jk2_init() Found child <*> in scoreboard slot <*>,jknum_init found child num in scoreboard slot num,jknum_init found child in scoreboard slot,1
1955,2005-12-05 18:35:53,notice,workerEnv.init() ok /etc/httpd/conf/workers2.properties,E2,workerEnv.init() ok <*>,workerenvinit ok etchttpdconfworkersnumproperties,workerenvinit ok,1
1956,2005-12-05 18:35:53,error,mod_jk child workerEnv in error state 6,E3,mod_jk child workerEnv in error state <*>,mod_jk child workerenv in error state num,mod_jk child workerenv in error state,0
1957,2005-12-05 18:35:53,notice,workerEnv.init() ok /etc/httpd/conf/workers2.properties,E2,workerEnv.init() ok <*>,workerenvinit ok etchttpdconfworkersnumproperties,workerenvinit ok,1
1958,2005-12-05 18:35:53,error,mod_jk child workerEnv in error state 6,E3,mod_jk child workerEnv in error state <*>,mod_jk child workerenv in error state num,mod_jk child workerenv in error state,0
1959,2005-12-05 18:40:54,notice,jk2_init() Found child 6719 in scoreboard slot 7,E1,jk2_init() Found child <*> in scoreboard slot <*>,jknum_init found child num in scoreboard slot num,jknum_init found child in scoreboard slot,1
1960,2005-12-05 18:40:54,notice,jk2_init() Found child 6718 in scoreboard slot 8,E1,jk2_init() Found child <*> in scoreboard slot <*>,jknum_init found child num in scoreboard slot num,jknum_init found child in scoreboard slot,1
1961,2005-12-05 18:40:54,notice,workerEnv.init() ok /etc/httpd/conf/workers2.properties,E2,workerEnv.init() ok <*>,workerenvinit ok etchttpdconfworkersnumproperties,workerenvinit ok,1
1962,2005-12-05 18:40:54,error,mod_jk child workerEnv in error state 6,E3,mod_jk child workerEnv in error state <*>,mod_jk child workerenv in error state num,mod_jk child workerenv in error state,0
1963,2005-12-05 18:40:54,notice,workerEnv.init() ok /etc/httpd/conf/workers2.properties,E2,workerEnv.init() ok <*>,workerenvinit ok etchttpdconfworkersnumproperties,workerenvinit ok,1
1964,2005-12-05 18:40:54,error,mod_jk child workerEnv in error state 6,E3,mod_jk child workerEnv in error state <*>,mod_jk child workerenv in error state num,mod_jk child workerenv in error state,0
1965,2005-12-05 18:45:51,notice,jk2_init() Found child 6725 in scoreboard slot 7,E1,jk2_init() Found child <*> in scoreboard slot <*>,jknum_init found child num in scoreboard slot num,jknum_init found child in scoreboard slot,1
1966,2005-12-05 18:45:51,notice,jk2_init() Found child 6724 in scoreboard slot 8,E1,jk2_init() Found child <*> in scoreboard slot <*>,jknum_init found child num in scoreboard slot num,jknum_init found child in scoreboard slot,1
1967,2005-12-05 18:45:53,notice,workerEnv.init() ok /etc/httpd/conf/workers2.properties,E2,workerEnv.init() ok <*>,workerenvinit ok etchttpdconfworkersnumproperties,workerenvinit ok,1
1968,2005-12-05 18:45:53,error,mod_jk child workerEnv in error state 6,E3,mod_jk child workerEnv in error state <*>,mod_jk child workerenv in error state num,mod_jk child workerenv in error state,0
1969,2005-12-05 18:45:53,notice,workerEnv.init() ok /etc/httpd/conf/workers2.properties,E2,workerEnv.init() ok <*>,workerenvinit ok etchttpdconfworkersnumproperties,workerenvinit ok,1
1970,2005-12-05 18:45:53,error,mod_jk child workerEnv in error state 6,E3,mod_jk child workerEnv in error state <*>,mod_jk child workerenv in error state num,mod_jk child workerenv in error state,0
1971,2005-12-05 18:50:30,notice,jk2_init() Found child 6733 in scoreboard slot 8,E1,jk2_init() Found child <*> in scoreboard slot <*>,jknum_init found child num in scoreboard slot num,jknum_init found child in scoreboard slot,1
1972,2005-12-05 18:50:31,notice,workerEnv.init() ok /etc/httpd/conf/workers2.properties,E2,workerEnv.init() ok <*>,workerenvinit ok etchttpdconfworkersnumproperties,workerenvinit ok,1
1973,2005-12-05 18:50:31,error,mod_jk child workerEnv in error state 6,E3,mod_jk child workerEnv in error state <*>,mod_jk child workerenv in error state num,mod_jk child workerenv in error state,0
1974,2005-12-05 18:56:03,notice,jk2_init() Found child 6740 in scoreboard slot 7,E1,jk2_init() Found child <*> in scoreboard slot <*>,jknum_init found child num in scoreboard slot num,jknum_init found child in scoreboard slot,1
1975,2005-12-05 18:56:03,notice,jk2_init() Found child 6741 in scoreboard slot 8,E1,jk2_init() Found child <*> in scoreboard slot <*>,jknum_init found child num in scoreboard slot num,jknum_init found child in scoreboard slot,1
1976,2005-12-05 18:56:04,notice,workerEnv.init() ok /etc/httpd/conf/workers2.properties,E2,workerEnv.init() ok <*>,workerenvinit ok etchttpdconfworkersnumproperties,workerenvinit ok,1
1977,2005-12-05 18:56:04,error,mod_jk child workerEnv in error state 6,E3,mod_jk child workerEnv in error state <*>,mod_jk child workerenv in error state num,mod_jk child workerenv in error state,0
1978,2005-12-05 18:56:04,notice,workerEnv.init() ok /etc/httpd/conf/workers2.properties,E2,workerEnv.init() ok <*>,workerenvinit ok etchttpdconfworkersnumproperties,workerenvinit ok,1
1979,2005-12-05 18:56:04,error,mod_jk child workerEnv in error state 6,E3,mod_jk child workerEnv in error state <*>,mod_jk child workerenv in error state num,mod_jk child workerenv in error state,0
1980,2005-12-05 19:00:43,notice,jk2_init() Found child 6750 in scoreboard slot 8,E1,jk2_init() Found child <*> in scoreboard slot <*>,jknum_init found child num in scoreboard slot num,jknum_init found child in scoreboard slot,1
1981,2005-12-05 19:00:43,notice,jk2_init() Found child 6749 in scoreboard slot 7,E1,jk2_init() Found child <*> in scoreboard slot <*>,jknum_init found child num in scoreboard slot num,jknum_init found child in scoreboard slot,1
1982,2005-12-05 19:00:44,notice,workerEnv.init() ok /etc/httpd/conf/workers2.properties,E2,workerEnv.init() ok <*>,workerenvinit ok etchttpdconfworkersnumproperties,workerenvinit ok,1
1983,2005-12-05 19:00:44,notice,workerEnv.init() ok /etc/httpd/conf/workers2.properties,E2,workerEnv.init() ok <*>,workerenvinit ok etchttpdconfworkersnumproperties,workerenvinit ok,1
1984,2005-12-05 19:00:44,error,mod_jk child workerEnv in error state 6,E3,mod_jk child workerEnv in error state <*>,mod_jk child workerenv in error state num,mod_jk child workerenv in error state,0
1985,2005-12-05 19:00:44,error,mod_jk child workerEnv in error state 6,E3,mod_jk child workerEnv in error state <*>,mod_jk child workerenv in error state num,mod_jk child workerenv in error state,0
1986,2005-12-05 19:00:54,notice,jk2_init() Found child 6751 in scoreboard slot 10,E1,jk2_init() Found child <*> in scoreboard slot <*>,jknum_init found child num in scoreboard slot num,jknum_init found child in scoreboard slot,1
1987,2005-12-05 19:00:54,notice,workerEnv.init() ok /etc/httpd/conf/workers2.properties,E2,workerEnv.init() ok <*>,workerenvinit ok etchttpdconfworkersnumproperties,workerenvinit ok,1
1988,2005-12-05 19:00:54,error,mod_jk child workerEnv in error state 6,E3,mod_jk child workerEnv in error state <*>,mod_jk child workerenv in error state num,mod_jk child workerenv in error state,0
1989,2005-12-05 19:00:56,error,[client 68.228.3.15] Directory index forbidden by rule: /var/www/html/,E4,[client <*>] Directory index forbidden by rule: <*>,client ip directory index forbidden by rule varwwwhtml,client directory index forbidden by rule,0
1990,2005-12-05 19:11:00,notice,jk2_init() Found child 6780 in scoreboard slot 7,E1,jk2_init() Found child <*> in scoreboard slot <*>,jknum_init found child num in scoreboard slot num,jknum_init found child in scoreboard slot,1
1991,2005-12-05 19:11:04,notice,workerEnv.init() ok /etc/httpd/conf/workers2.properties,E2,workerEnv.init() ok <*>,workerenvinit ok etchttpdconfworkersnumproperties,workerenvinit ok,1
1992,2005-12-05 19:11:04,error,mod_jk child workerEnv in error state 6,E3,mod_jk child workerEnv in error state <*>,mod_jk child workerenv in error state num,mod_jk child workerenv in error state,0
1993,2005-12-05 19:14:08,notice,jk2_init() Found child 6784 in scoreboard slot 8,E1,jk2_init() Found child <*> in scoreboard slot <*>,jknum_init found child num in scoreboard slot num,jknum_init found child in scoreboard slot,1
1994,2005-12-05 19:14:09,error,[client 61.220.139.68] Directory index forbidden by rule: /var/www/html/,E4,[client <*>] Directory index forbidden by rule: <*>,client ip directory index forbidden by rule varwwwhtml,client directory index forbidden by rule,0
1995,2005-12-05 19:14:11,notice,workerEnv.init() ok /etc/httpd/conf/workers2.properties,E2,workerEnv.init() ok <*>,workerenvinit ok etchttpdconfworkersnumproperties,workerenvinit ok,1
1996,2005-12-05 19:14:11,error,mod_jk child workerEnv in error state 6,E3,mod_jk child workerEnv in error state <*>,mod_jk child workerenv in error state num,mod_jk child workerenv in error state,0
1997,2005-12-05 19:15:55,notice,jk2_init() Found child 6791 in scoreboard slot 8,E1,jk2_init() Found child <*> in scoreboard slot <*>,jknum_init found child num in scoreboard slot num,jknum_init found child in scoreboard slot,1
1998,2005-12-05 19:15:55,notice,jk2_init() Found child 6790 in scoreboard slot 7,E1,jk2_init() Found child <*> in scoreboard slot <*>,jknum_init found child num in scoreboard slot num,jknum_init found child in scoreboard slot,1
1999,2005-12-05 19:15:57,notice,workerEnv.init() ok /etc/httpd/conf/workers2.properties,E2,workerEnv.init() ok <*>,workerenvinit ok etchttpdconfworkersnumproperties,workerenvinit ok,1
2000,2005-12-05 19:15:57,error,mod_jk child workerEnv in error state 6,E3,mod_jk child workerEnv in error state <*>,mod_jk child workerenv in error state num,mod_jk child workerenv in error state,0
